_Collision Id,Borough Name,Borough Number,Easting,Northing,_Vehicle Id,Vehicle Type Banded,Vehicle Type,Vehicle Manoeuvres,Vehicle Skidding and Overturning,Vehicle Restricted Lane,Location of Vehicle at First Impact,Vehicle Hit Object in Carriageway,Vehicle Leaving Carriageway,Vehicle Hit Object Off Carriageway,First Point of Impact,Journey Purpose,Driver Gender,Driver Age,Driver age (Banded)
1220358397,Brent,28,519805,186585,1,Car,Car,Change Lane To Right,No Skidding/Overturn,On Main CW - Not Rest.,Jct Cleared,None,Did Not Leave,None,Front Hit First,Other/Not Known,Female,69,65+
1220358404,Barnet,30,520704,191452,1,Car,Car,Moving Off,No Skidding/Overturn,On Main CW - Not Rest.,Jct Cleared,None,Did Not Leave,None,Front Hit First,Other/Not Known,Female,25,25-34
1220358431,Sutton,21,526062,166646,2,Goods Vehicle,GDS =< 3.5T,Slowing Or Stopping,No Skidding/Overturn,On Main CW - Not Rest.,Jct App,None,Did Not Leave,None,Front Hit First,Jny Part Of Work,Male,44,35-64
1220358452,Havering,15,552746,184520,1,Car,Car,Turning Right,No Skidding/Overturn,On Main CW - Not Rest.,Jct Mid,None,Did Not Leave,None,Front Hit First,Jny Part Of Work,Male,24,17-24
1220358452,Havering,15,552746,184520,2,Goods Vehicle,GDS =< 3.5T,Going Ahead Other,No Skidding/Overturn,On Main CW - Not Rest.,Jct App,None,Did Not Leave,None,Front Hit First,Jny Part Of Work,Male,42,35-64
1220358464,Bexley,18,545963,175260,1,Taxi,Taxi,Unknown (S/R),No Skidding/Overturn,On Main CW - Not Rest.,Jct App,None,Did Not Leave,None,Front Hit First,Unknown,Female,40,35-64
1220358468,Enfield,32,532319,192854,2,Car,Car,Going Ahead Other,No Skidding/Overturn,On Main CW - Not Rest.,Not At Jct,None,Did Not Leave,None,Front Hit First,Comm To/From Work,Female,46,35-64
1220358485,Bromley,19,542709,165384,2,Goods Vehicle,GDS =< 3.5T,Turning Right,No Skidding/Overturn,On Main CW - Not Rest.,Jct App,None,Did Not Leave,None,Front Hit First,Jny Part Of Work,Male,34,25-34
1220358503,Barking & Dagenham,16,548841,183549,1,Car,Car,Unknown (S/R),Unknown (S/R),Unknown (S/R),Unknown (S/R),Unknown (S/R),Unknown (S/R),Unknown (S/R),Front Hit First,Comm To/From Work,Male,32,25-34
1220358505,Wandsworth,10,522145,174329,1,Bus Or Coach,London Bus,Going Ahead Other,No Skidding/Overturn,On Main CW - Not Rest.,Not At Jct,None,Did Not Leave,None,Front Hit First,Jny Part Of Work,Male,45,35-64
1220358509,Hackney,4,533269,182348,1,Bus Or Coach,London Bus,Going Ahead Other,No Skidding/Overturn,On Main CW - Not Rest.,Jct Cleared,None,Did Not Leave,None,Front Hit First,Jny Part Of Work,Male,37,35-64
1220358513,Greenwich,6,546125,179019,1,Car,Car,Slowing Or Stopping,No Skidding/Overturn,On Main CW - Not Rest.,Not At Jct,None,Did Not Leave,None,Front Hit First,Taking Pupil To/From Sch,Female,52,35-64
1220358522,Tower Hamlets,5,538919,181280,1,Bus Or Coach,London Bus,Going Ahead Other,No Skidding/Overturn,On Main CW - Not Rest.,Jct Cleared,None,Did Not Leave,None,Front Hit First,Jny Part Of Work,Female,59,35-64
1220358528,Hillingdon,26,510647,180278,1,Car,Car,Going Ahead Other,No Skidding/Overturn,On Main CW - Not Rest.,Jct App,None,Did Not Leave,None,Front Hit First,Taking Pupil To/From Sch,Female,40,35-64
1220358535,Hillingdon,26,510645,179415,3,Car,Car,Going Ahead Other,No Skidding/Overturn,On Main CW - Not Rest.,Not At Jct,None,Did Not Leave,None,Front Hit First,Other/Not Known,Male,30,25-34
1220358536,Hillingdon,26,507579,188074,2,Goods Vehicle,GDS =< 3.5T,Going Ahead Right Bend,No Skidding/Overturn,On Main CW - Not Rest.,Jct Mid,None,Did Not Leave,None,Front Hit First,Comm To/From Work,Male,51,35-64
1220358540,Barking & Dagenham,16,546421,183722,1,Car,Car,Going Ahead Other,Overturn,On Main CW - Not Rest.,Entering From Slip,Hit Kerb,Did Not Leave,None,Front Hit First,Unknown,Male,40,35-64
1220358541,Enfield,32,535505,199859,1,Car,Car,Unknown (S/R),No Skidding/Overturn,On Main CW - Not Rest.,Not At Jct,None,Did Not Leave,None,Front Hit First,Comm To/From Work,Female,40,35-64
1220358553,Southwark,8,534774,175317,1,Bus Or Coach,London Bus,Slowing Or Stopping,No Skidding/Overturn,On Main CW - Not Rest.,Jct App,None,Did Not Leave,None,Front Hit First,Jny Part Of Work,Male,47,35-64
1220358556,Hillingdon,26,507509,182020,1,Car,Car,Slowing Or Stopping,No Skidding/Overturn,On Main CW - Not Rest.,Entering R'about,None,Did Not Leave,None,Front Hit First,Other/Not Known,Male,78,65+
1220358558,Lambeth,9,532289,172875,2,Car,Car,Waiting To Turn Right,No Skidding/Overturn,On Main CW - Not Rest.,Entering Main Rd,None,Did Not Leave,None,Front Hit First,Other/Not Known,Male,31,25-34
1220358567,Camden,2,527314,185513,1,Car,Car,Waiting To Turn Right,No Skidding/Overturn,On Main CW - Not Rest.,Jct App,None,Did Not Leave,None,Front Hit First,Other/Not Known,Male,56,35-64
1220358578,Greenwich,6,542607,174871,1,Private Hire,Private Hire - Licensed,Waiting To Turn Right,No Skidding/Overturn,On Main CW - Not Rest.,Jct App,None,Did Not Leave,None,Front Hit First,Jny Part Of Work,Male,51,35-64
1220358578,Greenwich,6,542607,174871,2,Car,Car,Going Ahead Other,No Skidding/Overturn,On Main CW - Not Rest.,Jct Mid,None,Did Not Leave,None,Front Hit First,Comm To/From Work,Female,57,35-64
1220358584,Hillingdon,26,510643,181088,1,Car,Car,Going Ahead Other,No Skidding/Overturn,On Main CW - Not Rest.,Jct Mid,None,Did Not Leave,None,Front Hit First,Unknown,Male,32,25-34
1220358587,Ealing,27,517708,179843,2,Car,Car,Slowing Or Stopping,No Skidding/Overturn,On Main CW - Not Rest.,Jct App,None,Did Not Leave,None,Front Hit First,Jny Part Of Work,Male,27,25-34
1220358595,Brent,28,519212,186179,1,Car,Car,Turning Right,No Skidding/Overturn,On Main CW - Not Rest.,Jct Mid,None,Did Not Leave,None,Front Hit First,Other/Not Known,Female,32,25-34
1220358598,Brent,28,520264,189700,1,Goods Vehicle,GDS =< 3.5T,Moving Off,No Skidding/Overturn,On Main CW - Not Rest.,Entering Main Rd,None,Did Not Leave,None,Front Hit First,Jny Part Of Work,Male,41,35-64
1220358599,Newham,17,541279,185087,1,Car,Car,Going Ahead Other,No Skidding/Overturn,On Main CW - Not Rest.,Jct Cleared,None,Did Not Leave,None,Front Hit First,Other/Not Known,Male,31,25-34
1220358599,Newham,17,541279,185087,3,Car,Car,Going Ahead Held Up,No Skidding/Overturn,On Main CW - Not Rest.,Jct Cleared,None,Did Not Leave,None,Front Hit First,Other/Not Known,Male,39,35-64
1220358599,Newham,17,541279,185087,4,Car,Car,Going Ahead Held Up,No Skidding/Overturn,On Main CW - Not Rest.,Jct Cleared,None,Did Not Leave,None,Front Hit First,Other/Not Known,Male,24,17-24
1220358601,Lambeth,9,531781,172638,1,Car,Car,Going Ahead Other,No Skidding/Overturn,On Main CW - Not Rest.,Jct App,None,Did Not Leave,None,Front Hit First,Unknown,Male,76,65+
1220358605,Lambeth,9,531013,179290,1,Other Vehicle,Other Vehicle,Unknown (S/R),Unknown (S/R),Unknown (S/R),Unknown (S/R),Unknown (S/R),Unknown (S/R),Unknown (S/R),Front Hit First,Unknown,Male,25,25-34
1220358615,Wandsworth,10,525007,175093,1,Car,Car,Going Ahead Other,Skidded,On Main CW - Not Rest.,Jct App,Hit Parked Veh,Did Not Leave,None,Front Hit First,Other/Not Known,Female,24,17-24
1220358618,Haringey,31,533806,190631,2,Car,Car,Going Ahead Other,No Skidding/Overturn,On Main CW - Not Rest.,Jct Mid,None,Did Not Leave,None,Front Hit First,Other/Not Known,Male,23,17-24
1220358625,Ealing,27,517999,180824,1,Car,Car,Turning Right,No Skidding/Overturn,On Main CW - Not Rest.,Jct App,None,Did Not Leave,None,Front Hit First,Other/Not Known,Male,49,35-64
1220358635,Southwark,8,534294,176775,1,Car,Car,Overtake Move Veh O/S,No Skidding/Overturn,On Main CW - Not Rest.,Jct App,None,Did Not Leave,None,Front Hit First,Other/Not Known,Male,28,25-34
1220358636,Haringey,31,533437,190617,1,Car,Car,Going Ahead Other,No Skidding/Overturn,On Main CW - Not Rest.,Leaving R'about,Hit Kerb,Did Not Leave,None,Front Hit First,Unknown,Male,31,25-34
1220358636,Haringey,31,533437,190617,2,Car,Car,Turning Left,No Skidding/Overturn,On Main CW - Not Rest.,Jct Cleared,None,Did Not Leave,None,Front Hit First,Unknown,Not Traced,21,17-24
1220358641,Enfield,32,529100,191957,1,Car,Car,U-turning,No Skidding/Overturn,On Main CW - Not Rest.,Jct App,None,Did Not Leave,None,Front Hit First,Other/Not Known,Male,40,35-64
1220358644,Greenwich,6,546062,180360,1,Private Hire,Private Hire - Licensed,Moving Off,No Skidding/Overturn,On Main CW - Not Rest.,Leaving R'about,None,Did Not Leave,None,Front Hit First,Jny Part Of Work,Male,59,35-64
1220358645,Merton,22,527986,169551,2,Car,Car,Unknown (S/R),Unknown (S/R),Unknown (S/R),Jct App,Unknown (S/R),Unknown (S/R),Unknown (S/R),Front Hit First,Unknown,Not Traced,61,35-64
1220358646,Hounslow,25,512210,172462,1,Car,Car,Going Ahead Other,No Skidding/Overturn,On Main CW - Not Rest.,Not At Jct,None,Did Not Leave,None,Front Hit First,Unknown,Male,81,65+
1220358657,Brent,28,519289,186240,1,Car,Car,Going Ahead Right Bend,No Skidding/Overturn,On Main CW - Not Rest.,Jct App,None,Did Not Leave,None,Front Hit First,Other/Not Known,Male,25,25-34
1220358667,Redbridge,14,540389,192902,2,Car,Car,Turning Right,No Skidding/Overturn,On Main CW - Not Rest.,Jct App,None,Did Not Leave,None,Front Hit First,Other/Not Known,Male,41,35-64
1220358676,Bexley,18,545481,172435,1,Car,Car,Overtake Move Veh O/S,No Skidding/Overturn,On Main CW - Not Rest.,Jct Mid,None,Did Not Leave,None,Front Hit First,Other/Not Known,Female,42,35-64
1220358677,Lambeth,9,531818,172528,1,Car,Car,Going Ahead Other,No Skidding/Overturn,Footway,Jct Cleared,None,Left Cwy Nearside,Hit Lamp Post,Front Hit First,Unknown,Male,32,25-34
1220358679,Enfield,32,530788,192513,1,Car,Car,Going Ahead Other,No Skidding/Overturn,On Main CW - Not Rest.,Not At Jct,None,Did Not Leave,None,Front Hit First,Other/Not Known,Male,63,35-64
1220358679,Enfield,32,530788,192513,2,Car,Car,Going Ahead Other,No Skidding/Overturn,On Main CW - Not Rest.,Not At Jct,None,Did Not Leave,None,Front Hit First,Other/Not Known,Female,48,35-64
1220358683,Redbridge,14,544819,185899,2,Car,Car,Waiting To Turn Right,No Skidding/Overturn,On Main CW - Not Rest.,Jct Mid,None,Did Not Leave,None,Front Hit First,Other/Not Known,Male,55,35-64
1220358693,Lewisham,7,540909,172614,1,Car,Car,Turning Right,No Skidding/Overturn,On Main CW - Not Rest.,Leaving Main Rd,None,Did Not Leave,None,Front Hit First,Other/Not Known,Male,60,35-64
1220358696,Bromley,19,548082,162897,2,Car,Car,Going Ahead Other,Skidded,On Main CW - Not Rest.,Jct App,None,Did Not Leave,None,Front Hit First,Unknown,Male,42,35-64
1220358696,Bromley,19,548082,162897,3,Car,Car,Going Ahead Other,No Skidding/Overturn,On Main CW - Not Rest.,Jct App,None,Did Not Leave,None,Front Hit First,Unknown,Male,42,35-64
1220358718,Barking & Dagenham,16,548799,184516,2,Car,Car,Going Ahead Other,Unknown (S/R),On Main CW - Not Rest.,Jct App,Unknown (S/R),Unknown (S/R),Unknown (S/R),Front Hit First,Unknown,Male,37,35-64
1220358723,Enfield,32,532612,200695,2,Goods Vehicle,GDS => 7.5T,Going Ahead Other,No Skidding/Overturn,On Main CW - Not Rest.,Not At Jct,None,Did Not Leave,None,Front Hit First,Jny Part Of Work,Male,42,35-64
1220358724,Tower Hamlets,5,538550,180616,1,Car,Car,Slowing Or Stopping,No Skidding/Overturn,On Main CW - Not Rest.,Not At Jct,None,Did Not Leave,None,Front Hit First,Other/Not Known,Male,27,25-34
1220358729,Waltham Forest,13,538620,187998,1,Car,Car,Going Ahead Held Up,No Skidding/Overturn,On Main CW - Not Rest.,Jct Cleared,None,Did Not Leave,None,Front Hit First,Unknown,Male,32,25-34
1220358729,Waltham Forest,13,538620,187998,2,Car,Car,Going Ahead Other,No Skidding/Overturn,On Main CW - Not Rest.,Jct App,Hit Parked Veh,Left Cwy Nearside,None,Front Hit First,Unknown,Male,33,25-34
1220358749,Tower Hamlets,5,537385,181908,1,Car,Car,Going Ahead Other,Skidded,On Main CW - Not Rest.,Jct App,None,Did Not Leave,None,Front Hit First,Comm To/From Work,Male,22,17-24
1220358752,Hounslow,25,509436,173972,2,Private Hire,Private Hire - Licensed,Going Ahead Other,No Skidding/Overturn,On Main CW - Not Rest.,Jct App,None,Did Not Leave,None,Front Hit First,Other/Not Known,Male,57,35-64
1220358764,Newham,17,540497,182817,1,Private Hire,Private Hire - Licensed,U-turning,No Skidding/Overturn,On Main CW - Not Rest.,Jct App,None,Did Not Leave,None,Front Hit First,Jny Part Of Work,Male,44,35-64
1220358767,Sutton,21,528940,163765,1,Car,Car,Going Ahead Other,No Skidding/Overturn,On Main CW - Not Rest.,Not At Jct,None,Did Not Leave,None,Front Hit First,Other/Not Known,Female,89,65+
1220358774,Tower Hamlets,5,535860,181186,1,Car,Car,Unknown (S/R),Unknown (S/R),Unknown (S/R),Unknown (S/R),Unknown (S/R),Unknown (S/R),Unknown (S/R),Front Hit First,Comm To/From Work,Female,25,25-34
1220358784,Bromley,19,535412,169920,1,Car,Car,Going Ahead Other,No Skidding/Overturn,On Main CW - Not Rest.,Jct Cleared,Hit Bollard,Did Not Leave,None,Front Hit First,Unknown,Female,30,25-34
1220358794,Enfield,32,535374,193903,1,Car,Car,Turning Left,No Skidding/Overturn,On Main CW - Not Rest.,Jct App,None,Did Not Leave,None,Front Hit First,Unknown,Male,43,35-64
1220358795,Islington,3,532742,182568,1,Car,Car,Going Ahead Other,No Skidding/Overturn,On Main CW - Not Rest.,Not At Jct,None,Did Not Leave,None,Front Hit First,Jny Part Of Work,Male,59,35-64
1220358798,Tower Hamlets,5,534531,181590,1,Car,Car,Turning Left,No Skidding/Overturn,On Main CW - Not Rest.,Entering Main Rd,None,Did Not Leave,None,Front Hit First,Other/Not Known,Male,32,25-34
1220358798,Tower Hamlets,5,534531,181590,2,Private Hire,Private Hire - Licensed,Going Ahead Other,No Skidding/Overturn,On Main CW - Not Rest.,Jct App,None,Did Not Leave,None,Front Hit First,Jny Part Of Work,Male,51,35-64
1220358800,Bromley,19,537453,169811,1,Bus Or Coach,London Bus,Going Ahead Other,No Skidding/Overturn,On Main CW - Not Rest.,Not At Jct,None,Did Not Leave,None,Front Hit First,Jny Part Of Work,Female,53,35-64
1220358810,Lambeth,9,530400,178034,1,Private Hire,Private Hire - Licensed,Going Ahead Right Bend,No Skidding/Overturn,On Main CW - Not Rest.,Leaving Main Rd,None,Did Not Leave,None,Front Hit First,Other/Not Known,Male,46,35-64
1220358817,Hounslow,25,510806,173604,1,Car,Car,Going Ahead Other,No Skidding/Overturn,On Main CW - Not Rest.,Leaving Main Rd,None,Did Not Leave,None,Front Hit First,Other/Not Known,Female,26,25-34
1220358825,Brent,28,523615,185950,1,Car,Car,Going Ahead Other,No Skidding/Overturn,On Main CW - Not Rest.,Not At Jct,None,Left Cwy Nearside,Hit Tree,Front Hit First,Unknown,Male,44,35-64
1220358835,Lambeth,9,531511,171049,1,Car,Car,Going Ahead Other,No Skidding/Overturn,Footway,Not At Jct,None,Did Not Leave,None,Front Hit First,Unknown,Female,55,35-64
1220358839,Havering,15,550507,187335,2,Car,Car,Reversing,No Skidding/Overturn,On Main CW - Not Rest.,Not At Jct,None,Left Cwy Nearside,None,Front Hit First,Unknown,Male,58,35-64
1220358841,Hillingdon,26,511193,182160,1,Bus Or Coach,London Bus,Moving Off,No Skidding/Overturn,On Main CW - Not Rest.,Jct Cleared,None,Did Not Leave,None,Front Hit First,Jny Part Of Work,Male,56,35-64
1220358846,Barnet,30,525173,186862,1,Car,Car,Moving Off,No Skidding/Overturn,On Main CW - Not Rest.,Not At Jct,None,Did Not Leave,None,Front Hit First,Other/Not Known,Female,70,65+
1220358849,Hounslow,25,510452,176839,1,Car,Car,Going Ahead Right Bend,No Skidding/Overturn,On Main CW - Not Rest.,Jct App,None,Did Not Leave,None,Front Hit First,Other/Not Known,Male,42,35-64
1220358852,Westminster,1,528465,179766,2,Taxi,Taxi,Unknown (S/R),Unknown (S/R),Unknown (S/R),Unknown (S/R),Unknown (S/R),Unknown (S/R),Unknown (S/R),Front Hit First,Unknown,Not Traced,58,35-64
1220358861,Ealing,27,512261,179229,1,Car,Car,Moving Off,No Skidding/Overturn,On Main CW - Not Rest.,Jct App,None,Did Not Leave,None,Front Hit First,Other/Not Known,Male,52,35-64
1220358867,Havering,15,559168,185314,1,Car,Car,Unknown (S/R),Unknown (S/R),Unknown (S/R),Unknown (S/R),Unknown (S/R),Unknown (S/R),Unknown (S/R),Front Hit First,Other/Not Known,Female,40,35-64
1220358868,Croydon,20,530887,166288,1,Car,Car,Going Ahead Other,No Skidding/Overturn,On Main CW - Not Rest.,Jct Mid,None,Did Not Leave,None,Front Hit First,Other/Not Known,Male,36,35-64
1220358877,Hammersmith & Fulham,11,523510,179419,1,Private Hire,Private Hire - Licensed,Going Ahead Other,No Skidding/Overturn,On Main CW - Not Rest.,Jct App,None,Did Not Leave,None,Front Hit First,Jny Part Of Work,Male,44,35-64
1220358883,Richmond-Upon-Thames,24,512676,170232,1,Car,Car,Unknown (S/R),Unknown (S/R),Unknown (S/R),Unknown (S/R),Unknown (S/R),Unknown (S/R),Unknown (S/R),Front Hit First,Other/Not Known,Male,40,35-64
1220358893,Barnet,30,519236,191609,1,Car,Car,Unknown (S/R),Unknown (S/R),Unknown (S/R),Unknown (S/R),Unknown (S/R),Unknown (S/R),Unknown (S/R),Front Hit First,Other/Not Known,Male,29,25-34
1220358894,Enfield,32,529893,194418,1,Taxi,Taxi,Unknown (S/R),Unknown (S/R),Unknown (S/R),Unknown (S/R),Unknown (S/R),Unknown (S/R),Unknown (S/R),Front Hit First,Jny Part Of Work,Male,34,25-34
1220358895,Redbridge,14,543684,186224,2,Car,Car,Unknown (S/R),Unknown (S/R),Unknown (S/R),Unknown (S/R),Unknown (S/R),Unknown (S/R),Unknown (S/R),Front Hit First,Unknown,Female,61,35-64
1220358900,Kingston-Upon-Thames,23,519729,168814,2,Car,Car,Turning Right,No Skidding/Overturn,On Main CW - Not Rest.,Entering Main Rd,None,Did Not Leave,None,Front Hit First,Other/Not Known,Female,20,17-24
1220358921,Wandsworth,10,528221,172647,2,Car,Car,Going Ahead Held Up,No Skidding/Overturn,On Main CW - Not Rest.,Jct App,None,Did Not Leave,None,Front Hit First,Unknown,Male,32,25-34
1220358925,Brent,28,516607,188263,1,Car,Car,Going Ahead Other,No Skidding/Overturn,On Main CW - Not Rest.,Not At Jct,None,Did Not Leave,None,Front Hit First,Other/Not Known,Male,33,25-34
1220358929,Hammersmith & Fulham,11,523514,179405,2,Car,Car,Turning Right,No Skidding/Overturn,On Main CW - Not Rest.,Jct App,None,Did Not Leave,None,Front Hit First,Comm To/From Work,Male,19,17-24
1220358933,Camden,2,529088,184039,1,Car,Car,Going Ahead Other,No Skidding/Overturn,On Main CW - Not Rest.,Jct App,None,Did Not Leave,None,Front Hit First,Comm To/From Work,Female,31,25-34
1220358934,Wandsworth,10,525804,174919,1,Car,Car,Going Ahead Other,No Skidding/Overturn,On Main CW - Not Rest.,Jct Mid,None,Did Not Leave,None,Front Hit First,Other/Not Known,Male,30,25-34
1220358942,Barking & Dagenham,16,546645,185763,1,Car,Car,Turning Right,No Skidding/Overturn,On Main CW - Not Rest.,Jct Mid,None,Did Not Leave,None,Front Hit First,Other/Not Known,Male,32,25-34
1220358942,Barking & Dagenham,16,546645,185763,2,Car,Car,Going Ahead Other,No Skidding/Overturn,On Main CW - Not Rest.,Jct Mid,None,Did Not Leave,None,Front Hit First,Other/Not Known,Male,51,35-64
1220358949,Waltham Forest,13,537257,193135,1,Car,Car,Going Ahead Other,Overturn,On Main CW - Not Rest.,Not At Jct,Hit Parked Veh,Left Cwy Offside,Wall Or Fence,Front Hit First,Other/Not Known,Male,36,35-64
1220358957,Westminster,1,529654,181352,1,Bus Or Coach,London Bus,Overtaking Nearside,No Skidding/Overturn,On Main CW - Not Rest.,Jct App,None,Did Not Leave,None,Front Hit First,Jny Part Of Work,Female,55,35-64
1220358978,Harrow,29,518364,190333,1,Car,Car,Unknown (S/R),Unknown (S/R),Unknown (S/R),Not At Jct,Unknown (S/R),Unknown (S/R),Unknown (S/R),Front Hit First,Comm To/From Work,Female,24,17-24
1220358983,Bexley,18,545267,173665,1,Car,Car,Waiting To Turn Right,No Skidding/Overturn,On Main CW - Not Rest.,Jct Cleared,None,Did Not Leave,None,Front Hit First,Taking Pupil To/From Sch,Female,43,35-64
1220358994,Lewisham,7,537489,171623,1,Car,Car,Going Ahead Other,No Skidding/Overturn,On Main CW - Not Rest.,Not At Jct,None,Did Not Leave,None,Front Hit First,Comm To/From Work,Male,53,35-64
1220358996,Islington,3,531171,182375,1,Goods Vehicle,GDS =< 3.5T,Turning Right,No Skidding/Overturn,On Main CW - Not Rest.,Jct Mid,None,Did Not Leave,None,Front Hit First,Jny Part Of Work,Male,56,35-64
1220358999,Greenwich,6,542858,179112,1,Private Hire,Private Hire - Licensed,Turning Right,No Skidding/Overturn,On Main CW - Not Rest.,Leaving Main Rd,None,Did Not Leave,None,Front Hit First,Comm To/From Work,Male,56,35-64
1220359002,Westminster,1,525149,182300,1,Car,Car,Going Ahead Other,No Skidding/Overturn,On Main CW - Not Rest.,Jct Cleared,None,Did Not Leave,None,Front Hit First,Other/Not Known,Female,26,25-34
1220359017,Enfield,32,527468,200270,4,Goods Vehicle,GDS => 7.5T,Slowing Or Stopping,Skidded,On Main CW - Not Rest.,Not At Jct,None,Did Not Leave,None,Front Hit First,Jny Part Of Work,Male,30,25-34
1220359019,Bexley,18,549226,178983,1,Car,Car,Going Ahead Other,No Skidding/Overturn,On Main CW - Not Rest.,Not At Jct,None,Did Not Leave,None,Front Hit First,Other/Not Known,Male,42,35-64
1220359019,Bexley,18,549226,178983,2,Car,Car,Going Ahead Other,No Skidding/Overturn,On Main CW - Not Rest.,Not At Jct,None,Did Not Leave,None,Front Hit First,Other/Not Known,Female,54,35-64
1220359021,Barnet,30,525391,191514,2,Car,Car,Unknown (S/R),No Skidding/Overturn,On Main CW - Not Rest.,Jct App,None,Did Not Leave,None,Front Hit First,Unknown,Female,81,65+
1220359029,Lewisham,7,538923,171265,2,Car,Car,Going Ahead Other,No Skidding/Overturn,On Main CW - Not Rest.,Jct Mid,None,Did Not Leave,None,Front Hit First,Jny Part Of Work,Female,28,25-34
1220359030,Bromley,19,546061,165694,1,Car,Car,Overtaking Nearside,No Skidding/Overturn,On Main CW - Not Rest.,Not At Jct,None,Did Not Leave,None,Front Hit First,Other/Not Known,Male,74,65+
1220359043,Barnet,30,523776,188614,1,Car,Car,Turning Right,No Skidding/Overturn,On Main CW - Not Rest.,Entering Main Rd,None,Did Not Leave,None,Front Hit First,Unknown,Male,33,25-34
1220359060,Southwark,8,534386,172288,1,Car,Car,Unknown (S/R),Unknown (S/R),Unknown (S/R),Unknown (S/R),Unknown (S/R),Unknown (S/R),Unknown (S/R),Front Hit First,Other/Not Known,Female,32,25-34
1220359067,Brent,28,521157,184128,2,Car,Car,Going Ahead Other,No Skidding/Overturn,On Main CW - Not Rest.,Jct App,None,Did Not Leave,None,Front Hit First,Comm To/From Work,Male,27,25-34
1220359071,Bromley,19,539445,165807,1,Car,Car,Turning Right,No Skidding/Overturn,On Main CW - Not Rest.,Jct Mid,None,Did Not Leave,None,Front Hit First,Comm To/From Work,Male,19,17-24
1220359071,Bromley,19,539445,165807,2,Car,Car,Waiting To Turn Right,No Skidding/Overturn,On Main CW - Not Rest.,Entering Main Rd,None,Did Not Leave,None,Front Hit First,Unknown,Male,78,65+
1220359073,Enfield,32,533617,193835,1,Car,Car,Going Ahead Other,No Skidding/Overturn,On Main CW - Not Rest.,Jct App,None,Did Not Leave,None,Front Hit First,Unknown,Female,35,35-64
1220359075,Tower Hamlets,5,536770,181116,2,Car,Car,Unknown (S/R),Unknown (S/R),Unknown (S/R),Not At Jct,Unknown (S/R),Unknown (S/R),Unknown (S/R),Front Hit First,Unknown,Not Traced,28,25-34
1220359079,Harrow,29,518331,189844,1,Goods Vehicle,GDS =< 3.5T,Going Ahead Other,No Skidding/Overturn,On Main CW - Not Rest.,Jct Cleared,None,Did Not Leave,None,Front Hit First,Comm To/From Work,Male,30,25-34
1220359089,Hackney,4,535050,184154,2,Car,Car,Unknown (S/R),Unknown (S/R),Unknown (S/R),Not At Jct,Unknown (S/R),Unknown (S/R),Unknown (S/R),Front Hit First,Unknown,Male,49,35-64
1220359093,Westminster,1,529296,180415,2,Taxi,Taxi,Going Ahead Other,No Skidding/Overturn,On Main CW - Not Rest.,Jct App,None,Did Not Leave,None,Front Hit First,Jny Part Of Work,Male,66,65+
1220359112,Ealing,27,514306,180199,1,Car,Car,Unknown (S/R),Unknown (S/R),Unknown (S/R),Unknown (S/R),Unknown (S/R),Unknown (S/R),Unknown (S/R),Front Hit First,Other/Not Known,Male,28,25-34
1220359134,Ealing,27,516911,181680,1,Car,Car,Going Ahead Other,No Skidding/Overturn,On Main CW - Not Rest.,Entering R'about,Hit Roundabout,Left Cwy Ahead At Junctn,Hit Rd Sign/Ats,Front Hit First,Unknown,Male,42,35-64
1220359137,Sutton,21,524304,163323,3,Car,Car,Going Ahead Other,No Skidding/Overturn,On Main CW - Not Rest.,Not At Jct,None,Did Not Leave,None,Front Hit First,Other/Not Known,Male,81,65+
1220359142,Sutton,21,528031,164328,1,Car,Car,Going Ahead Other,No Skidding/Overturn,On Main CW - Not Rest.,Not At Jct,None,Did Not Leave,None,Front Hit First,Other/Not Known,Male,53,35-64
1220359148,Sutton,21,528607,164767,1,Car,Car,Going Ahead Other,No Skidding/Overturn,On Main CW - Not Rest.,Jct Mid,None,Did Not Leave,None,Front Hit First,Unknown,Male,55,35-64
1220359158,Hillingdon,26,505883,180758,1,Car,Car,Turning Right,No Skidding/Overturn,On Main CW - Not Rest.,Leaving Main Rd,None,Did Not Leave,None,Front Hit First,Other/Not Known,Female,23,17-24
1220359158,Hillingdon,26,505883,180758,2,Car,Car,Going Ahead Other,No Skidding/Overturn,On Main CW - Not Rest.,Jct Mid,None,Did Not Leave,None,Front Hit First,Other/Not Known,Male,33,25-34
1220359160,Southwark,8,534183,174479,1,Car,Car,Turning Right,No Skidding/Overturn,On Main CW - Not Rest.,Jct Mid,None,Did Not Leave,None,Front Hit First,Other/Not Known,Female,68,65+
1220359175,Croydon,20,533550,168148,3,Car,Car,Moving Off,No Skidding/Overturn,On Main CW - Not Rest.,Jct App,None,Did Not Leave,None,Front Hit First,Jny Part Of Work,Male,47,35-64
1220359184,Barking & Dagenham,16,547737,186435,2,Car,Car,Going Ahead Other,No Skidding/Overturn,On Main CW - Not Rest.,Jct App,None,Left Cwy Onto Central Res,None,Front Hit First,Other/Not Known,Female,59,35-64