_Collision Id,Borough Name,Borough Number,Easting,Northing,_Vehicle Id,Vehicle Type Banded,Vehicle Type,Vehicle Manoeuvres,Vehicle Skidding and Overturning,Vehicle Restricted Lane,Location of Vehicle at First Impact,Vehicle Hit Object in Carriageway,Vehicle Leaving Carriageway,Vehicle Hit Object Off Carriageway,First Point of Impact,Journey Purpose,Driver Gender,Driver Age,Driver age (Banded)
1220362048,Waltham Forest,13,537619,187954,1,Goods Vehicle,GDS =< 3.5T,Going Ahead Other,No Skidding/Overturn,On Main CW - Not Rest.,Jct Cleared,None,Did Not Leave,None,Front Hit First,Comm To/From Work,Male,28,25-34
1220362049,Redbridge,14,544570,186760,2,Car,Car,Unknown (S/R),Unknown (S/R),Unknown (S/R),Unknown (S/R),Unknown (S/R),Unknown (S/R),Unknown (S/R),Front Hit First,Unknown,Male,34,25-34
1220362070,Redbridge,14,543632,187017,1,Car,Car,Turning Right,No Skidding/Overturn,On Main CW - Not Rest.,Jct App,None,Did Not Leave,None,Front Hit First,Unknown,Not Traced,29,25-34
1220362075,Hillingdon,26,505373,182430,1,Car,Car,Moving Off,No Skidding/Overturn,On Main CW - Not Rest.,Entering Main Rd,None,Did Not Leave,None,Front Hit First,Unknown,Female,37,35-64
1220362075,Hillingdon,26,505373,182430,3,Car,Car,Going Ahead Other,No Skidding/Overturn,On Main CW - Not Rest.,Jct App,None,Did Not Leave,None,Front Hit First,Unknown,Male,45,35-64
1220362078,Waltham Forest,13,536415,188631,1,Car,Car,Change Lane To Right,No Skidding/Overturn,On Main CW - Not Rest.,Jct App,None,Did Not Leave,None,Front Hit First,Unknown,Male,31,25-34
1220362081,Tower Hamlets,5,534402,181682,2,Car,Car,Unknown (S/R),Unknown (S/R),Unknown (S/R),Not At Jct,Unknown (S/R),Unknown (S/R),Unknown (S/R),Front Hit First,Unknown,Male,45,35-64
1220362096,Westminster,1,530091,178402,1,Car,Car,Going Ahead Other,No Skidding/Overturn,On Main CW - Not Rest.,Jct App,None,Left Cwy Offside,Hit Oth Object,Front Hit First,Unknown,Male,25,25-34
1220362105,Harrow,29,514317,189412,1,Car,Car,Turning Right,No Skidding/Overturn,On Main CW - Not Rest.,Jct Mid,None,Did Not Leave,None,Front Hit First,Jny Part Of Work,Male,44,35-64
1220362132,Merton,22,524317,171445,2,Goods Vehicle,GDS =< 3.5T,Going Ahead Other,No Skidding/Overturn,On Main CW - Not Rest.,Entering R'about,None,Did Not Leave,None,Front Hit First,Jny Part Of Work,Male,28,25-34
1220362139,Barking & Dagenham,16,549558,186994,1,Other Vehicle,Other Vehicle,Going Ahead Other,No Skidding/Overturn,Footway,Jct App,None,Did Not Leave,None,Front Hit First,Comm To/From Work,Male,19,17-24
1220362142,Brent,28,520556,186726,1,Car,Car,Turning Right,No Skidding/Overturn,On Main CW - Not Rest.,Entering Main Rd,None,Did Not Leave,None,Front Hit First,Taking Pupil To/From Sch,Female,39,35-64
1220362143,Wandsworth,10,524739,174223,1,Car,Car,Turning Right,No Skidding/Overturn,On Main CW - Not Rest.,Jct App,None,Did Not Leave,None,Front Hit First,Comm To/From Work,Female,31,25-34
1220362148,Greenwich,6,544832,177903,1,Car,Car,Going Ahead Other,No Skidding/Overturn,On Main CW - Not Rest.,Not At Jct,None,Did Not Leave,None,Front Hit First,Taking Pupil To/From Sch,Female,40,35-64
1220362149,Sutton,21,523529,165205,2,Car,Car,Going Ahead Other,No Skidding/Overturn,On Main CW - Not Rest.,Not At Jct,None,Did Not Leave,None,Front Hit First,Other/Not Known,Female,64,35-64
1220362154,Hounslow,25,509281,173656,1,Other Vehicle,Minibus,Turning Right,No Skidding/Overturn,On Main CW - Not Rest.,Leaving Main Rd,None,Did Not Leave,None,Front Hit First,Taking Pupil To/From Sch,Male,57,35-64
1220362154,Hounslow,25,509281,173656,2,Car,Car,Going Ahead Other,No Skidding/Overturn,On Main CW - Not Rest.,Jct App,None,Did Not Leave,None,Front Hit First,Unknown,Male,24,17-24
1220362156,Barnet,30,525147,187432,2,Car,Car,Going Ahead Other,No Skidding/Overturn,On Main CW - Not Rest.,Jct Mid,None,Did Not Leave,None,Front Hit First,Other/Not Known,Male,33,25-34
1220362158,Barnet,30,521978,189306,1,Goods Vehicle,GDS 3.5-7.5T,Going Ahead Held Up,No Skidding/Overturn,On Main CW - Not Rest.,Jct App,None,Did Not Leave,None,Front Hit First,Jny Part Of Work,Male,38,35-64
1220362159,Enfield,32,534201,192864,1,Car,Car,U-turning,No Skidding/Overturn,On Main CW - Not Rest.,Not At Jct,None,Did Not Leave,None,Front Hit First,Comm To/From Work,Female,34,25-34
1220362190,Lambeth,9,530504,172372,1,Car,Car,Turning Right,No Skidding/Overturn,On Main CW - Not Rest.,Jct Mid,None,Did Not Leave,None,Front Hit First,Other/Not Known,Female,58,35-64
1220362194,Croydon,20,531919,170559,1,Car,Car,Turning Right,No Skidding/Overturn,On Main CW - Not Rest.,Jct App,None,Did Not Leave,None,Front Hit First,Other/Not Known,Male,73,65+
1220362202,Kingston-Upon-Thames,23,521386,166365,1,Goods Vehicle,GDS =< 3.5T,Going Ahead Left Bend,No Skidding/Overturn,On Main CW - Not Rest.,Not At Jct,None,Did Not Leave,None,Front Hit First,Other/Not Known,Female,40,35-64
1220362202,Kingston-Upon-Thames,23,521386,166365,2,Car,Car,Going Ahead Left Bend,No Skidding/Overturn,On Main CW - Not Rest.,Not At Jct,None,Did Not Leave,None,Front Hit First,Unknown,Female,81,65+
1220362204,Hillingdon,26,507762,185043,1,Car,Car,Going Ahead Other,No Skidding/Overturn,On Main CW - Not Rest.,Not At Jct,None,Did Not Leave,None,Front Hit First,Other/Not Known,Male,42,35-64
1220362208,Bexley,18,548315,174293,2,Car,Car,Going Ahead Other,No Skidding/Overturn,On Main CW - Not Rest.,Not At Jct,None,Did Not Leave,None,Front Hit First,Other/Not Known,Female,64,35-64
1220362210,Tower Hamlets,5,533769,180648,1,Car,Car,Unknown (S/R),Unknown (S/R),Unknown (S/R),Unknown (S/R),Unknown (S/R),Unknown (S/R),Unknown (S/R),Front Hit First,Comm To/From Work,Male,43,35-64
1220362212,Ealing,27,513209,184455,2,Car,Car,Moving Off,No Skidding/Overturn,On Main CW - Not Rest.,Jct App,None,Did Not Leave,None,Front Hit First,Unknown,Male,20,17-24
1220362221,Barking & Dagenham,16,547744,187912,1,Car,Car,Unknown (S/R),Unknown (S/R),Unknown (S/R),Unknown (S/R),Unknown (S/R),Unknown (S/R),Unknown (S/R),Front Hit First,Comm To/From Work,Female,58,35-64
1220362227,Haringey,31,531484,187860,1,Car,Car,Turning Right,No Skidding/Overturn,On Main CW - Not Rest.,Entering R'about,None,Did Not Leave,None,Front Hit First,Unknown,Female,36,35-64
1220362232,Brent,28,518763,184209,2,Car,Car,Going Ahead Other,No Skidding/Overturn,On Main CW - Not Rest.,Not At Jct,None,Did Not Leave,None,Front Hit First,Other/Not Known,Male,49,35-64
1220362239,Newham,17,538664,184408,1,Taxi,Taxi,Slowing Or Stopping,No Skidding/Overturn,On Main CW - Not Rest.,Not At Jct,None,Did Not Leave,None,Front Hit First,Comm To/From Work,Male,63,35-64
1220362252,Havering,15,553132,182482,1,Car,Car,Going Ahead Other,No Skidding/Overturn,On Main CW - Not Rest.,Jct App,None,Left Cwy Nearside,Hit Oth Object,Front Hit First,Other/Not Known,Male,37,35-64
1220362252,Havering,15,553132,182482,2,Car,Car,Waiting To Turn Right,No Skidding/Overturn,On Main CW - Not Rest.,Jct Mid,None,Did Not Leave,None,Front Hit First,Unknown,Male,26,25-34
1220362256,Greenwich,6,539075,179429,1,Car,Car,Going Ahead Held Up,No Skidding/Overturn,On Main CW - Not Rest.,Not At Jct,Hit Parked Veh,Did Not Leave,None,Front Hit First,Unknown,Male,65,65+
1220362260,Tower Hamlets,5,535306,181848,1,Car,Car,Going Ahead Held Up,No Skidding/Overturn,On Main CW - Not Rest.,Jct Mid,None,Did Not Leave,None,Front Hit First,Other/Not Known,Male,31,25-34
1220362268,Merton,22,527687,168965,1,Car,Car,Turning Left,No Skidding/Overturn,On Main CW - Not Rest.,Entering Main Rd,None,Did Not Leave,None,Front Hit First,Other/Not Known,Female,51,35-64
1220362275,Haringey,31,529605,191029,1,Goods Vehicle,GDS =< 3.5T,Turning Right,No Skidding/Overturn,On Main CW - Not Rest.,Leaving Main Rd,None,Did Not Leave,None,Front Hit First,Comm To/From Work,Male,41,35-64
1220362279,Brent,28,521735,185630,2,Car,Car,Turning Right,No Skidding/Overturn,On Main CW - Not Rest.,Jct App,None,Did Not Leave,None,Front Hit First,Unknown,Female,32,25-34
1220362283,Hounslow,25,509947,173246,1,Car,Car,U-turning,No Skidding/Overturn,On Main CW - Not Rest.,Not At Jct,None,Did Not Leave,None,Front Hit First,Other/Not Known,Male,23,17-24
1220362291,Redbridge,14,543519,186562,2,Car,Car,Going Ahead Other,No Skidding/Overturn,On Main CW - Not Rest.,Jct Cleared,None,Did Not Leave,None,Front Hit First,Unknown,Not Traced,28,25-34
1220362293,Harrow,29,514376,186532,1,Car,Car,Slowing Or Stopping,No Skidding/Overturn,On Main CW - Not Rest.,Jct App,None,Did Not Leave,None,Front Hit First,Other/Not Known,Male,65,65+
1220362296,Bexley,18,549978,176303,1,Goods Vehicle,GDS =< 3.5T,Going Ahead Other,No Skidding/Overturn,On Main CW - Not Rest.,Jct Cleared,None,Left Cwy Ahead At Junctn,None,Front Hit First,Other/Not Known,Male,21,17-24
1220362299,Brent,28,521177,185652,1,Car,Car,Going Ahead Left Bend,No Skidding/Overturn,On Main CW - Not Rest.,Not At Jct,None,Left Cwy Onto Res/Rebound,Hit Central Bar,Front Hit First,Other/Not Known,Female,28,25-34
1220362304,Westminster,1,528976,181856,2,Car,Car,Going Ahead Other,No Skidding/Overturn,On Main CW - Not Rest.,Jct Mid,None,Did Not Leave,None,Front Hit First,Unknown,Male,78,65+
1220362307,Havering,15,553483,187216,1,Car,Car,Moving Off,No Skidding/Overturn,On Main CW - Not Rest.,Jct App,None,Left Cwy Nearside,Hit Lamp Post,Front Hit First,Other/Not Known,Female,29,25-34
1220362308,Southwark,8,531914,179141,1,Bus Or Coach,London Bus,Slowing Or Stopping,No Skidding/Overturn,On Main CW - Not Rest.,Entering R'about,None,Did Not Leave,None,Front Hit First,Other/Not Known,Male,39,35-64
1220362335,Hounslow,25,512749,172084,1,Car,Car,Moving Off,No Skidding/Overturn,On Main CW - Not Rest.,Entering R'about,None,Did Not Leave,None,Front Hit First,Comm To/From Work,Female,40,35-64
1220362348,Ealing,27,511657,183135,2,Car,Car,Slowing Or Stopping,No Skidding/Overturn,On Main CW - Not Rest.,Leaving R'about,None,Did Not Leave,None,Front Hit First,Jny Part Of Work,Female,42,35-64
1220362350,Hillingdon,26,509704,191235,1,Car,Car,Going Ahead Other,Overturn,On Main CW - Not Rest.,Jct App,Hit Parked Veh,Did Not Leave,None,Front Hit First,Unknown,Female,86,65+
1220362365,Barking & Dagenham,16,544474,184365,1,Car,Car,Turning Right,No Skidding/Overturn,On Main CW - Not Rest.,Jct Mid,None,Did Not Leave,None,Front Hit First,Other/Not Known,Male,21,17-24
1220362368,Havering,15,554682,191187,1,Car,Car,Slowing Or Stopping,No Skidding/Overturn,On Main CW - Not Rest.,Jct App,None,Did Not Leave,None,Front Hit First,Other/Not Known,Female,23,17-24
1220362369,Barnet,30,525943,189870,1,Car,Car,Going Ahead Other,Overturn,On Main CW - Not Rest.,Jct App,Hit Kerb,Left Cwy Nearside,Wall Or Fence,Front Hit First,Unknown,Male,18,17-24
1220362370,Hounslow,25,512521,177476,1,Car,Car,Unknown (S/R),Unknown (S/R),Unknown (S/R),Unknown (S/R),Unknown (S/R),Unknown (S/R),Unknown (S/R),Front Hit First,Unknown,Not Traced,79,65+
1220362378,Bromley,19,540225,170062,1,Car,Car,Turning Right,No Skidding/Overturn,On Main CW - Not Rest.,Entering Main Rd,None,Did Not Leave,None,Front Hit First,Other/Not Known,Female,46,35-64
1220362379,Brent,28,521426,185621,1,Car,Car,Going Ahead Left Bend,No Skidding/Overturn,On Main CW - Not Rest.,Jct App,None,Did Not Leave,None,Front Hit First,Other/Not Known,Male,37,35-64
1220362384,Greenwich,6,543049,175596,1,Car,Car,Going Ahead Other,No Skidding/Overturn,On Main CW - Not Rest.,Jct Mid,None,Left Cwy Nearside,Hit Nr/Off Bar,Front Hit First,Unknown,Male,45,35-64
1220362386,Hackney,4,533580,182810,2,Goods Vehicle,GDS =< 3.5T,Unknown (S/R),Unknown (S/R),Unknown (S/R),Unknown (S/R),Unknown (S/R),Unknown (S/R),Unknown (S/R),Front Hit First,Unknown,Not Traced,43,35-64
1220362393,Barking & Dagenham,16,550162,186264,1,Car,Car,Turning Right,No Skidding/Overturn,On Main CW - Not Rest.,Jct Cleared,None,Did Not Leave,None,Front Hit First,Unknown,Male,48,35-64
1220362395,Waltham Forest,13,538622,193372,1,Car,Car,Going Ahead Right Bend,Overturn,On Main CW - Not Rest.,Jct Cleared,Hit Parked Veh,Did Not Leave,None,Front Hit First,Other/Not Known,Female,64,35-64
1220362397,Harrow,29,513976,190421,1,Car,Car,Turning Right,No Skidding/Overturn,On Main CW - Not Rest.,Jct Mid,None,Did Not Leave,None,Front Hit First,Other/Not Known,Female,40,35-64
1220362423,Bexley,18,549797,177721,2,Car,Car,Going Ahead Other,No Skidding/Overturn,On Main CW - Not Rest.,Not At Jct,None,Did Not Leave,None,Front Hit First,Other/Not Known,Female,37,35-64
1220362423,Bexley,18,549797,177721,3,Car,Car,Moving Off,No Skidding/Overturn,On Main CW - Not Rest.,Not At Jct,None,Left Cwy Offside,Wall Or Fence,Front Hit First,Other/Not Known,Female,54,35-64
1220362424,Southwark,8,532542,176509,2,Bus Or Coach,London Bus,Turning Right,No Skidding/Overturn,On Main CW - Not Rest.,Jct Mid,None,Left Cwy Offside,Hit Rd Sign/Ats,Front Hit First,Jny Part Of Work,Female,55,35-64
1220362427,Croydon,20,533536,164556,2,Car,Car,Overtake Move Veh O/S,Skidded,On Main CW - Not Rest.,Not At Jct,None,Did Not Leave,None,Front Hit First,Other/Not Known,Female,38,35-64
1220362447,Wandsworth,10,526215,175321,1,Car,Car,Going Ahead Other,No Skidding/Overturn,On Main CW - Not Rest.,Jct App,None,Left Cwy Nearside,None,Front Hit First,Other/Not Known,Female,38,35-64
1220362451,Ealing,27,513643,180363,2,Other Vehicle,Other Vehicle,Going Ahead Other,No Skidding/Overturn,On Main CW - Not Rest.,Jct App,None,Did Not Leave,None,Front Hit First,Jny Part Of Work,Male,40,35-64
1220362457,Bromley,19,543469,169476,1,Car,Car,Going Ahead Right Bend,No Skidding/Overturn,On Main CW - Not Rest.,Jct App,Hit Kerb,Did Not Leave,None,Front Hit First,Other/Not Known,Male,53,35-64
1220362462,Harrow,29,514898,188207,1,Car,Car,Turning Left,Overturn,On Main CW - Not Rest.,Not At Jct,Hit Kerb,Left Cwy Nearside,Wall Or Fence,Front Hit First,Other/Not Known,Female,40,35-64
1220362465,Harrow,29,513930,187514,2,Car,Car,Going Ahead Other,No Skidding/Overturn,On Main CW - Not Rest.,Entering R'about,None,Did Not Leave,None,Front Hit First,Other/Not Known,Male,48,35-64
1220362466,Redbridge,14,545910,185912,2,Car,Car,U-turning,No Skidding/Overturn,On Main CW - Not Rest.,Not At Jct,None,Did Not Leave,None,Front Hit First,Unknown,Not Traced,32,25-34
1220362474,Greenwich,6,540854,175597,1,Car,Car,Going Ahead Left Bend,No Skidding/Overturn,On Main CW - Not Rest.,Not At Jct,None,Did Not Leave,None,Front Hit First,Other/Not Known,Male,36,35-64
1220362479,Ealing,27,511793,180525,1,Car,Car,Unknown (S/R),No Skidding/Overturn,On Main CW - Not Rest.,Not At Jct,None,Did Not Leave,None,Front Hit First,Other/Not Known,Male,23,17-24
1220362481,Redbridge,14,539981,191777,1,Car,Car,Turning Right,No Skidding/Overturn,On Main CW - Not Rest.,Jct Mid,None,Did Not Leave,None,Front Hit First,Unknown,Female,25,25-34
1220362483,Barnet,30,528349,190965,1,Car,Car,Going Ahead Other,Overturn,On Main CW - Not Rest.,Jct Mid,Hit Parked Veh,Did Not Leave,None,Front Hit First,Other/Not Known,Female,22,17-24
1220362485,Westminster,1,529974,180817,1,Car,Car,Turning Right,No Skidding/Overturn,On Main CW - Not Rest.,Jct App,None,Did Not Leave,None,Front Hit First,Jny Part Of Work,Male,41,35-64
1220362491,Greenwich,6,540313,178153,1,Car,Car,Going Ahead Left Bend,No Skidding/Overturn,On Main CW - Not Rest.,Not At Jct,None,Did Not Leave,None,Front Hit First,Other/Not Known,Male,19,17-24
1220362522,Bromley,19,540187,169679,2,Car,Car,Unknown (S/R),Unknown (S/R),Unknown (S/R),Unknown (S/R),Unknown (S/R),Unknown (S/R),Unknown (S/R),Front Hit First,Unknown,Male,35,35-64
1220362528,Havering,15,552106,187810,1,Car,Car,Going Ahead Other,No Skidding/Overturn,On Main CW - Not Rest.,Jct App,None,Did Not Leave,None,Front Hit First,Unknown,Not Traced,37,35-64
1220362535,Bromley,19,538867,165107,1,Car,Car,Going Ahead Other,No Skidding/Overturn,On Main CW - Not Rest.,Not At Jct,None,Did Not Leave,None,Front Hit First,Other/Not Known,Female,65,65+
1220362537,Barnet,30,519174,191697,1,Car,Car,Turning Right,No Skidding/Overturn,On Main CW - Not Rest.,Jct App,None,Did Not Leave,None,Front Hit First,Other/Not Known,Male,37,35-64
1220362537,Barnet,30,519174,191697,2,Car,Car,Going Ahead Other,No Skidding/Overturn,On Main CW - Not Rest.,Jct App,None,Did Not Leave,None,Front Hit First,Other/Not Known,Male,28,25-34
1220362537,Barnet,30,519174,191697,3,Car,Car,Going Ahead Other,No Skidding/Overturn,On Main CW - Not Rest.,Jct App,None,Did Not Leave,None,Front Hit First,Other/Not Known,Male,40,35-64
1220362538,Barking & Dagenham,16,550291,184912,1,Car,Car,Slowing Or Stopping,No Skidding/Overturn,On Main CW - Not Rest.,Jct Cleared,None,Did Not Leave,None,Front Hit First,Other/Not Known,Female,32,25-34
1220362547,Kensington & Chelsea,12,524337,181791,2,Car,Car,Unknown (S/R),Unknown (S/R),Unknown (S/R),Not At Jct,Unknown (S/R),Unknown (S/R),Unknown (S/R),Front Hit First,Unknown,Not Traced,44,35-64
1220362548,Kensington & Chelsea,12,523718,181444,1,Car,Car,Going Ahead Other,No Skidding/Overturn,On Main CW - Not Rest.,Not At Jct,None,Left Cwy Nearside,Hit Oth Object,Front Hit First,Other/Not Known,Male,83,65+
1220362557,Brent,28,517809,186254,1,Car,Car,Unknown (S/R),No Skidding/Overturn,On Main CW - Not Rest.,Jct App,None,Did Not Leave,None,Front Hit First,Other/Not Known,Male,38,35-64
1220362563,Camden,2,530215,182901,1,Bus Or Coach,London Bus,Going Ahead Other,No Skidding/Overturn,On Main CW - Not Rest.,Jct App,None,Did Not Leave,None,Front Hit First,Jny Part Of Work,Male,24,17-24
1220362571,Kensington & Chelsea,12,527630,178882,2,Car,Car,Going Ahead Other,No Skidding/Overturn,On Main CW - Not Rest.,Jct App,None,Did Not Leave,None,Front Hit First,Other/Not Known,Male,39,35-64
1220362573,Hillingdon,26,506008,180147,1,Car,Car,Unknown (S/R),Unknown (S/R),Unknown (S/R),Unknown (S/R),Unknown (S/R),Unknown (S/R),Unknown (S/R),Front Hit First,Other/Not Known,Male,32,25-34
1220362576,Westminster,1,527891,182072,2,Car,Car,Change Lane To Left,No Skidding/Overturn,On Main CW - Not Rest.,Jct App,None,Did Not Leave,None,Front Hit First,Other/Not Known,Male,26,25-34
1220362595,Westminster,1,524850,181652,1,Car,Car,Going Ahead Other,No Skidding/Overturn,On Main CW - Not Rest.,Jct App,None,Did Not Leave,None,Front Hit First,Other/Not Known,Female,24,17-24
1220362601,Ealing,27,512382,179364,1,Car,Car,Moving Off,No Skidding/Overturn,On Main CW - Not Rest.,Jct Mid,None,Did Not Leave,None,Front Hit First,Unknown,Male,22,17-24
1220362601,Ealing,27,512382,179364,2,Goods Vehicle,GDS =< 3.5T,Moving Off,No Skidding/Overturn,On Main CW - Not Rest.,Jct App,None,Did Not Leave,None,Front Hit First,Jny Part Of Work,Male,50,35-64
1220362614,Barnet,30,520528,192232,2,Car,Car,Going Ahead Other,No Skidding/Overturn,On Main CW - Not Rest.,Jct App,None,Did Not Leave,None,Front Hit First,Unknown,Male,32,25-34
1220362615,Hammersmith & Fulham,11,523692,176984,2,Car,Car,Going Ahead Other,Skidded,On Main CW - Not Rest.,Jct App,None,Did Not Leave,None,Front Hit First,Unknown,Male,23,17-24
1220362618,Lambeth,9,529045,173392,1,Car,Car,Turning Right,No Skidding/Overturn,On Main CW - Not Rest.,Not At Jct,None,Did Not Leave,None,Front Hit First,Other/Not Known,Male,28,25-34
1220362636,Harrow,29,514211,188360,1,Car,Car,Going Ahead Other,No Skidding/Overturn,On Main CW - Not Rest.,Jct Cleared,Hit Kerb,Left Cwy Nearside,Wall Or Fence,Front Hit First,Unknown,Male,64,35-64
1220362639,Hillingdon,26,508858,180088,1,Car,Car,Going Ahead Other,No Skidding/Overturn,On Main CW - Not Rest.,Jct App,None,Did Not Leave,None,Front Hit First,Unknown,Male,21,17-24
1220362639,Hillingdon,26,508858,180088,2,Car,Car,Waiting To Turn Left,No Skidding/Overturn,On Main CW - Not Rest.,Entering Main Rd,None,Did Not Leave,None,Front Hit First,Other/Not Known,Male,41,35-64
1220362641,Croydon,20,530883,157959,1,Bus Or Coach,London Bus,Going Ahead Other,No Skidding/Overturn,On Main CW - Not Rest.,Jct Mid,None,Did Not Leave,None,Front Hit First,Jny Part Of Work,Male,61,35-64
1220362641,Croydon,20,530883,157959,2,Car,Car,Turning Left,No Skidding/Overturn,On Main CW - Not Rest.,Entering Main Rd,None,Did Not Leave,None,Front Hit First,Jny Part Of Work,Male,50,35-64
1220362642,Harrow,29,517010,188947,1,Car,Car,Going Ahead Other,No Skidding/Overturn,On Main CW - Not Rest.,Not At Jct,Hit Parked Veh,Did Not Leave,None,Front Hit First,Comm To/From Work,Male,25,25-34
1220362648,Sutton,21,527400,164624,1,Car,Car,Turning Right,No Skidding/Overturn,On Main CW - Not Rest.,Entering R'about,None,Did Not Leave,None,Front Hit First,Jny Part Of Work,Male,58,35-64
1220362676,Barnet,30,525791,194021,1,Car,Car,Unknown (S/R),Unknown (S/R),Unknown (S/R),Unknown (S/R),Unknown (S/R),Unknown (S/R),Unknown (S/R),Front Hit First,Unknown,Female,31,25-34
1220362699,Hillingdon,26,509720,180316,2,Car,Car,Overtake Stat Veh O/S,No Skidding/Overturn,On Main CW - Not Rest.,Jct App,None,Did Not Leave,None,Front Hit First,Unknown,Not Traced,63,35-64
1220362726,Lambeth,9,532410,173677,1,Car,Car,Going Ahead Other,No Skidding/Overturn,On Main CW - Not Rest.,Jct App,None,Did Not Leave,None,Front Hit First,Other/Not Known,Male,30,25-34
1220362726,Lambeth,9,532410,173677,2,Car,Car,Going Ahead Other,No Skidding/Overturn,On Main CW - Not Rest.,Jct App,None,Did Not Leave,None,Front Hit First,Other/Not Known,Female,75,65+
1220362727,Bromley,19,540500,169143,1,Car,Car,Going Ahead Other,No Skidding/Overturn,On Main CW - Not Rest.,Jct App,None,Left Cwy Offside,Hit Lamp Post,Front Hit First,Other/Not Known,Female,87,65+
1220362760,Enfield,32,535252,195632,2,Car,Car,Unknown (S/R),Unknown (S/R),Unknown (S/R),Unknown (S/R),Unknown (S/R),Unknown (S/R),Unknown (S/R),Front Hit First,Unknown,Male,46,35-64
1220362761,Enfield,32,532900,196417,1,Car,Car,Turning Left,No Skidding/Overturn,On Main CW - Not Rest.,Entering Main Rd,None,Left Cwy Nearside,Hit Rd Sign/Ats,Front Hit First,Unknown,Female,31,25-34
1220362761,Enfield,32,532900,196417,2,Bus Or Coach,London Bus,Going Ahead Other,No Skidding/Overturn,On Main CW - Not Rest.,Jct Mid,None,Did Not Leave,None,Front Hit First,Jny Part Of Work,Male,65,65+
1220362777,Merton,22,525809,169441,2,Car,Car,Moving Off,J/KNF,On Main CW - Not Rest.,Jct App,None,Did Not Leave,None,Front Hit First,Taking Pupil To/From Sch,Female,33,25-34
1220362781,Ealing,27,516590,182961,2,Car,Car,Waiting To Turn Right,No Skidding/Overturn,On Main CW - Not Rest.,Jct App,None,Did Not Leave,None,Front Hit First,Unknown,Female,38,35-64
1220362786,Waltham Forest,13,539442,187299,1,Car,Car,Going Ahead Other,No Skidding/Overturn,Footway,Entering Main Rd,None,Did Not Leave,None,Front Hit First,Unknown,Male,22,17-24
1220362796,Barnet,30,520687,192573,1,Car,Car,Going Ahead Other,Overturn,On Main CW - Not Rest.,Not At Jct,None,Did Not Leave,None,Front Hit First,Other/Not Known,Female,43,35-64
1220362796,Barnet,30,520687,192573,3,Car,Car,Going Ahead Other,Skidded,On Main CW - Not Rest.,Not At Jct,None,Did Not Leave,None,Front Hit First,Other/Not Known,Male,24,17-24
1220362800,Enfield,32,535374,198052,1,Car,Car,Turning Left,No Skidding/Overturn,Entering Lay-by/Hard Shldr,Jct App,None,Did Not Leave,None,Front Hit First,Other/Not Known,Male,29,25-34
1220362802,Merton,22,528504,169156,1,Car,Car,Waiting To Turn Left,No Skidding/Overturn,On Main CW - Not Rest.,Entering Main Rd,None,Did Not Leave,None,Front Hit First,Comm To/From Work,Male,61,35-64
1220362803,Ealing,27,512894,181917,1,Car,Car,Going Ahead Other,Skidded,On Main CW - Not Rest.,Jct Cleared,None,Left Cwy Offside,Hit Tree,Front Hit First,Jny Part Of Work,Male,41,35-64
1220362806,Croydon,20,533867,168630,1,Car,Car,Turning Left,No Skidding/Overturn,On Main CW - Not Rest.,Jct Cleared,None,Did Not Leave,None,Front Hit First,Jny Part Of Work,Male,23,17-24
1220362811,Southwark,8,532607,178396,1,Car,Car,U-turning,No Skidding/Overturn,On Main CW - Not Rest.,Jct Mid,None,Did Not Leave,None,Front Hit First,Other/Not Known,Female,42,35-64
1220362811,Southwark,8,532607,178396,2,Other Vehicle,Other Vehicle,Going Ahead Other,Overturn,On Main CW - Not Rest.,Jct Cleared,None,Did Not Leave,None,Front Hit First,Other/Not Known,Female,23,17-24
1220362818,Brent,28,521167,185876,2,Car,Car,Going Ahead Held Up,No Skidding/Overturn,On Main CW - Not Rest.,Entering Main Rd,None,Did Not Leave,None,Front Hit First,Other/Not Known,Male,39,35-64
1220362819,Islington,3,531434,184895,2,Car,Car,Going Ahead Other,No Skidding/Overturn,Bus Lane,Jct App,None,Did Not Leave,None,Front Hit First,Jny Part Of Work,Male,22,17-24
1220362827,Kingston-Upon-Thames,23,518791,170956,1,Car,Car,Going Ahead Other,No Skidding/Overturn,On Main CW - Not Rest.,Not At Jct,None,Did Not Leave,None,Front Hit First,Unknown,Female,52,35-64
1220362830,Havering,15,553420,190472,1,Car,Car,Unknown (S/R),Unknown (S/R),Unknown (S/R),Not At Jct,Unknown (S/R),Unknown (S/R),Unknown (S/R),Front Hit First,Other/Not Known,Female,30,25-34
1220362836,Islington,3,530711,183584,1,Car,Car,Moving Off,No Skidding/Overturn,Footway,Not At Jct,None,Did Not Leave,None,Front Hit First,Jny Part Of Work,Male,63,35-64
1220362842,Ealing,27,518523,181963,2,Car,Car,U-turning,No Skidding/Overturn,On Main CW - Not Rest.,Not At Jct,None,Did Not Leave,None,Front Hit First,Unknown,Male,82,65+
1220362845,Harrow,29,512555,189076,1,Car,Car,Going Ahead Other,No Skidding/Overturn,On Main CW - Not Rest.,Jct Mid,None,Did Not Leave,None,Front Hit First,Unknown,Male,24,17-24