_Collision Id,Borough Name,Borough Number,Easting,Northing,_Vehicle Id,Vehicle Type Banded,Vehicle Type,Vehicle Manoeuvres,Vehicle Skidding and Overturning,Vehicle Restricted Lane,Location of Vehicle at First Impact,Vehicle Hit Object in Carriageway,Vehicle Leaving Carriageway,Vehicle Hit Object Off Carriageway,First Point of Impact,Journey Purpose,Driver Gender,Driver Age,Driver age (Banded)
1220363712,Southwark,8,536466,179685,3,Goods Vehicle,GDS =< 3.5T,Waiting To Turn Right,No Skidding/Overturn,On Main CW - Not Rest.,Jct App,None,Did Not Leave,None,Front Hit First,Unknown,Male,20,17-24
1220363714,Hillingdon,26,512344,185773,1,Car,Car,Turning Left,No Skidding/Overturn,On Main CW - Not Rest.,Leaving R'about,None,Did Not Leave,None,Front Hit First,Unknown,Female,25,25-34
1220363718,Westminster,1,529142,178631,1,Car,Car,Turning Right,No Skidding/Overturn,On Main CW - Not Rest.,Jct Mid,None,Did Not Leave,None,Front Hit First,Other/Not Known,Male,18,17-24
1220363741,Enfield,32,530042,192686,2,Car,Car,Going Ahead Other,No Skidding/Overturn,On Main CW - Not Rest.,Entering R'about,None,Did Not Leave,None,Front Hit First,Unknown,Not Traced,22,17-24
1220363764,Croydon,20,531853,165392,1,Car,Car,Going Ahead Other,No Skidding/Overturn,On Main CW - Not Rest.,Not At Jct,None,Did Not Leave,None,Front Hit First,Unknown,Male,35,35-64
1220363771,Ealing,27,516574,181068,1,Car,Car,Overtake Stat Veh O/S,No Skidding/Overturn,On Main CW - Not Rest.,Not At Jct,None,Did Not Leave,None,Front Hit First,Other/Not Known,Male,32,25-34
1220363772,Waltham Forest,13,538538,186390,1,Car,Car,Turning Left,No Skidding/Overturn,Cycle Lane (On CWY),Jct App,None,Did Not Leave,None,Front Hit First,Jny Part Of Work,Male,44,35-64
1220363784,Brent,28,518286,186982,1,Car,Car,Unknown (S/R),Unknown (S/R),Unknown (S/R),Unknown (S/R),Unknown (S/R),Unknown (S/R),Unknown (S/R),Front Hit First,Other/Not Known,Female,52,35-64
1220363786,Havering,15,550517,191398,1,Car,Car,Turning Right,No Skidding/Overturn,On Main CW - Not Rest.,Leaving Main Rd,None,Did Not Leave,None,Front Hit First,Comm To/From Work,Male,40,35-64
1220363793,Hillingdon,26,505391,183644,1,Car,Car,Going Ahead Other,No Skidding/Overturn,On Main CW - Not Rest.,Jct Mid,None,Did Not Leave,None,Front Hit First,Other/Not Known,Female,28,25-34
1220363793,Hillingdon,26,505391,183644,2,Car,Car,Going Ahead Other,No Skidding/Overturn,On Main CW - Not Rest.,Jct Mid,None,Did Not Leave,None,Front Hit First,Other/Not Known,Male,41,35-64
1220363802,Waltham Forest,13,538640,190876,1,Car,Car,Going Ahead Other,No Skidding/Overturn,On Main CW - Not Rest.,Not At Jct,Hit Bollard,Did Not Leave,None,Front Hit First,Unknown,Male,35,35-64
1220363802,Waltham Forest,13,538640,190876,2,Goods Vehicle,GDS =< 3.5T,Going Ahead Other,No Skidding/Overturn,On Main CW - Not Rest.,Not At Jct,None,Did Not Leave,None,Front Hit First,Jny Part Of Work,Male,60,35-64
1220363807,Westminster,1,528472,180621,1,Car,Car,Unknown (S/R),Unknown (S/R),Unknown (S/R),Not At Jct,Unknown (S/R),Unknown (S/R),Unknown (S/R),Front Hit First,Other/Not Known,Female,29,25-34
1220363809,Brent,28,518278,187025,1,Car,Car,Going Ahead Other,No Skidding/Overturn,On Main CW - Not Rest.,Entering Main Rd,None,Did Not Leave,None,Front Hit First,Unknown,Male,45,35-64
1220363813,Hackney,4,532057,187474,1,Car,Car,Turning Right,No Skidding/Overturn,On Main CW - Not Rest.,Jct App,None,Did Not Leave,None,Front Hit First,Other/Not Known,Male,48,35-64
1220363819,Barnet,30,525077,186153,2,Car,Car,Going Ahead Other,No Skidding/Overturn,On Main CW - Not Rest.,Jct App,None,Did Not Leave,None,Front Hit First,Jny Part Of Work,Male,65,65+
1220363828,Tower Hamlets,5,534994,182432,1,Car,Car,Going Ahead Other,No Skidding/Overturn,On Main CW - Not Rest.,Jct Mid,None,Did Not Leave,None,Front Hit First,Other/Not Known,Male,23,17-24
1220363832,Tower Hamlets,5,534541,181741,1,Car,Car,Going Ahead Other,Skidded,On Main CW - Not Rest.,Not At Jct,Hit Kerb,Did Not Leave,None,Front Hit First,Comm To/From Work,Male,47,35-64
1220363834,Enfield,32,535016,195298,5,Car,Car,Going Ahead Other,No Skidding/Overturn,On Main CW - Not Rest.,Not At Jct,Hit Parked Veh,Did Not Leave,None,Front Hit First,Unknown,Female,28,25-34
1220363836,Newham,17,543722,180844,1,Car,Car,Going Ahead Left Bend,Overturn,On Main CW - Not Rest.,Jct App,Hit Roundabout,Left Cwy Ahead At Junctn,Hit Rd Sign/Ats,Front Hit First,Other/Not Known,Female,19,17-24
1220363849,Hackney,4,533355,182277,1,Other Vehicle,Other Vehicle,Moving Off,No Skidding/Overturn,On Main CW - Not Rest.,Jct App,None,Did Not Leave,None,Front Hit First,Other/Not Known,Male,28,25-34
1220363850,Sutton,21,527061,165398,2,Car,Car,Waiting To Turn Left,No Skidding/Overturn,On Main CW - Not Rest.,Jct Mid,None,Did Not Leave,None,Front Hit First,Unknown,Female,32,25-34
1220363858,Southwark,8,534415,177734,1,Car,Car,Moving Off,No Skidding/Overturn,On Main CW - Not Rest.,Entering Main Rd,None,Did Not Leave,None,Front Hit First,Jny Part Of Work,Male,46,35-64
1220363863,Richmond-Upon-Thames,24,512572,173386,1,Car,Car,Turning Left,No Skidding/Overturn,Footway,Jct Cleared,None,Left Cwy Nearside,Entered Ditch,Front Hit First,Unknown,Female,71,65+
1220363871,Lambeth,9,529914,173060,1,Car,Car,Going Ahead Other,No Skidding/Overturn,On Main CW - Not Rest.,Leaving R'about,None,Did Not Leave,None,Front Hit First,Other/Not Known,Female,45,35-64
1220363871,Lambeth,9,529914,173060,2,Car,Car,Overtaking Nearside,No Skidding/Overturn,On Main CW - Not Rest.,Jct App,None,Did Not Leave,None,Front Hit First,Unknown,Male,27,25-34
1220363880,Hounslow,25,512750,172098,1,Car,Car,Going Ahead Other,No Skidding/Overturn,On Main CW - Not Rest.,Leaving R'about,None,Did Not Leave,None,Front Hit First,Unknown,Female,37,35-64
1220363880,Hounslow,25,512750,172098,2,Car,Car,Going Ahead Other,No Skidding/Overturn,On Main CW - Not Rest.,Leaving R'about,None,Did Not Leave,None,Front Hit First,Comm To/From Work,Male,58,35-64
1220363892,Barnet,30,524815,195425,1,Car,Car,Turning Right,No Skidding/Overturn,On Main CW - Not Rest.,Jct Cleared,None,Did Not Leave,None,Front Hit First,Other/Not Known,Female,48,35-64
1220363892,Barnet,30,524815,195425,2,Car,Car,Going Ahead Other,No Skidding/Overturn,On Main CW - Not Rest.,Jct App,None,Did Not Leave,None,Front Hit First,Unknown,Female,18,17-24
1220363896,Hackney,4,533482,182277,2,Car,Car,Unknown (S/R),Unknown (S/R),Unknown (S/R),Unknown (S/R),Unknown (S/R),Unknown (S/R),Unknown (S/R),Front Hit First,Unknown,Not Traced,30,25-34
1220363899,Havering,15,551452,188113,1,Car,Car,Unknown (S/R),Unknown (S/R),Unknown (S/R),Unknown (S/R),Unknown (S/R),Unknown (S/R),Unknown (S/R),Front Hit First,Unknown,Female,52,35-64
1220363901,Redbridge,14,541385,186629,1,Car,Car,Going Ahead Other,No Skidding/Overturn,On Main CW - Not Rest.,Leaving Main Rd,None,Did Not Leave,None,Front Hit First,Jny Part Of Work,Male,34,25-34
1220363909,Westminster,1,527531,183278,1,Car,Car,Going Ahead Held Up,No Skidding/Overturn,On Main CW - Not Rest.,Not At Jct,Hit Oth Object,Did Not Leave,None,Front Hit First,Unknown,Male,44,35-64
1220363927,Hammersmith & Fulham,11,524514,176929,1,Car,Car,Waiting To Turn Left,No Skidding/Overturn,On Main CW - Not Rest.,Entering R'about,None,Did Not Leave,None,Front Hit First,Other/Not Known,Female,72,65+
1220363929,Merton,22,528117,169416,1,Car,Car,Overtake Move Veh O/S,No Skidding/Overturn,On Main CW - Not Rest.,Jct Cleared,Hit Kerb,Did Not Leave,None,Front Hit First,Other/Not Known,Male,29,25-34
1220363930,Lewisham,7,538354,174943,2,Car,Car,Slowing Or Stopping,No Skidding/Overturn,On Main CW - Not Rest.,Entering R'about,None,Did Not Leave,None,Front Hit First,Comm To/From Work,Female,36,35-64
1220363936,Kensington & Chelsea,12,525130,180045,2,Car,Car,Turning Right,No Skidding/Overturn,On Main CW - Not Rest.,Jct App,None,Did Not Leave,None,Front Hit First,Other/Not Known,Male,29,25-34
1220363937,Croydon,20,534120,161056,2,Car,Car,Unknown (S/R),Unknown (S/R),Unknown (S/R),Unknown (S/R),Unknown (S/R),Unknown (S/R),Unknown (S/R),Front Hit First,Unknown,Male,31,25-34
1220363944,Barnet,30,526654,190471,2,Car,Car,Turning Right,No Skidding/Overturn,On Main CW - Not Rest.,Leaving Main Rd,None,Did Not Leave,None,Front Hit First,Other/Not Known,Male,79,65+
1220363951,Waltham Forest,13,537613,188522,1,Car,Car,Going Ahead Other,No Skidding/Overturn,On Main CW - Not Rest.,Not At Jct,Hit Parked Veh,Did Not Leave,None,Front Hit First,Unknown,Male,29,25-34
1220363951,Waltham Forest,13,537613,188522,2,Car,Car,Going Ahead Other,No Skidding/Overturn,On Main CW - Not Rest.,Not At Jct,None,Did Not Leave,None,Front Hit First,Jny Part Of Work,Male,50,35-64
1220363952,Greenwich,6,539533,178268,1,Car,Car,Turning Left,No Skidding/Overturn,On Main CW - Not Rest.,Jct App,None,Did Not Leave,None,Front Hit First,Unknown,Male,34,25-34
1220363959,Barnet,30,523359,189353,1,Car,Car,Going Ahead Other,No Skidding/Overturn,On Main CW - Not Rest.,Jct App,None,Did Not Leave,None,Front Hit First,Comm To/From Work,Male,36,35-64
1220363961,Ealing,27,512950,183740,2,Car,Car,Unknown (S/R),Unknown (S/R),Unknown (S/R),Unknown (S/R),Unknown (S/R),Unknown (S/R),Unknown (S/R),Front Hit First,Unknown,Not Traced,31,25-34
1220363976,Barnet,30,526522,191145,1,Car,Car,Unknown (S/R),Unknown (S/R),Unknown (S/R),Unknown (S/R),Unknown (S/R),Unknown (S/R),Unknown (S/R),Front Hit First,Other/Not Known,Male,26,25-34
1220363984,Sutton,21,524399,164349,2,Car,Car,Going Ahead Other,Unknown (S/R),On Main CW - Not Rest.,Not At Jct,None,Did Not Leave,None,Front Hit First,Comm To/From Work,Female,24,17-24
1220363985,Hounslow,25,511533,177431,1,Car,Car,Going Ahead Other,No Skidding/Overturn,On Main CW - Not Rest.,Entering Main Rd,None,Left Cwy Nearside,None,Front Hit First,Comm To/From Work,Female,47,35-64
1220363989,Newham,17,542796,182755,1,Car,Car,Waiting To Turn Left,No Skidding/Overturn,On Main CW - Not Rest.,Jct App,None,Did Not Leave,None,Front Hit First,Unknown,Male,46,35-64
1220363990,Westminster,1,525963,181291,2,Car,Car,Unknown (S/R),Unknown (S/R),Unknown (S/R),Unknown (S/R),Unknown (S/R),Unknown (S/R),Unknown (S/R),Front Hit First,Unknown,Female,62,35-64
1220363994,Lambeth,9,530840,174815,1,Car,Car,Going Ahead Other,No Skidding/Overturn,On Main CW - Not Rest.,Jct App,None,Did Not Leave,None,Front Hit First,Jny Part Of Work,Male,37,35-64
1220363995,Tower Hamlets,5,537753,180567,2,Goods Vehicle,GDS => 7.5T,Going Ahead Other,No Skidding/Overturn,On Main CW - Not Rest.,Jct App,None,Did Not Leave,None,Front Hit First,Jny Part Of Work,Male,42,35-64
1220364002,Bromley,19,544038,165790,1,Car,Car,Going Ahead Other,No Skidding/Overturn,On Main CW - Not Rest.,Not At Jct,None,Did Not Leave,None,Front Hit First,Unknown,Male,73,65+
1220364003,Ealing,27,520027,182545,1,Car,Car,Turning Right,No Skidding/Overturn,On Main CW - Not Rest.,Jct Cleared,None,Left Cwy Offside,None,Front Hit First,Comm To/From Work,Male,43,35-64
1220364010,Hammersmith & Fulham,11,524238,177503,2,Bus Or Coach,London Bus,Going Ahead Other,No Skidding/Overturn,On Main CW - Not Rest.,Not At Jct,None,Did Not Leave,None,Front Hit First,Jny Part Of Work,Male,20,17-24
1220364021,Islington,3,531768,183617,2,Car,Car,Going Ahead Other,No Skidding/Overturn,On Main CW - Not Rest.,Jct App,None,Did Not Leave,None,Front Hit First,Taking Pupil To/From Sch,Female,34,25-34
1220364032,Westminster,1,528974,181357,1,Bus Or Coach,London Bus,Turning Left,No Skidding/Overturn,On Main CW - Not Rest.,Jct Mid,None,Did Not Leave,None,Front Hit First,Jny Part Of Work,Male,62,35-64
1220364045,Waltham Forest,13,537365,192544,1,Car,Car,Going Ahead Other,No Skidding/Overturn,On Main CW - Not Rest.,Jct App,None,Did Not Leave,None,Front Hit First,Other/Not Known,Male,18,17-24
1220364051,Havering,15,553352,190933,1,Car,Car,Turning Left,No Skidding/Overturn,On Main CW - Not Rest.,Entering R'about,None,Did Not Leave,None,Front Hit First,Taking Pupil To/From Sch,Female,50,35-64
1220364057,Ealing,27,515790,182380,1,Car,Car,Going Ahead Other,No Skidding/Overturn,On Main CW - Not Rest.,Not At Jct,None,Did Not Leave,None,Front Hit First,Other/Not Known,Male,54,35-64
1220364088,Croydon,20,531867,165448,1,Car,Car,Going Ahead Other,No Skidding/Overturn,On Main CW - Not Rest.,Jct Cleared,None,Left Cwy Onto Central Res,Hit Central Bar,Front Hit First,Unknown,Male,63,35-64
1220364088,Croydon,20,531867,165448,2,Car,Car,Turning Left,No Skidding/Overturn,On Main CW - Not Rest.,Jct Cleared,None,Did Not Leave,None,Front Hit First,Other/Not Known,Female,43,35-64
1220364090,Ealing,27,513612,180670,2,Car,Car,Unknown (S/R),Unknown (S/R),Unknown (S/R),Not At Jct,Unknown (S/R),Unknown (S/R),Unknown (S/R),Front Hit First,Unknown,Not Traced,45,35-64
1220364096,Hillingdon,26,509905,187597,1,Car,Car,Moving Off,No Skidding/Overturn,On Main CW - Not Rest.,Jct Mid,None,Did Not Leave,None,Front Hit First,Other/Not Known,Female,56,35-64
1220364096,Hillingdon,26,509905,187597,2,Car,Car,Going Ahead Other,No Skidding/Overturn,On Main CW - Not Rest.,Jct Mid,None,Left Cwy Offside,None,Front Hit First,Other/Not Known,Female,56,35-64
1220364097,Greenwich,6,540903,174655,1,Car,Car,U-turning,No Skidding/Overturn,On Main CW - Not Rest.,Entering Main Rd,None,Did Not Leave,None,Front Hit First,Unknown,Male,37,35-64
1220364097,Greenwich,6,540903,174655,2,Car,Car,Going Ahead Other,No Skidding/Overturn,On Main CW - Not Rest.,Entering Main Rd,None,Did Not Leave,None,Front Hit First,Unknown,Male,69,65+
1220364106,Lewisham,7,536742,171657,1,Car,Car,Going Ahead Other,No Skidding/Overturn,On Main CW - Not Rest.,Jct App,None,Did Not Leave,None,Front Hit First,Other/Not Known,Male,65,65+
1220364128,Enfield,32,530592,194849,1,Car,Car,Going Ahead Other,Overturn,On Main CW - Not Rest.,Not At Jct,Hit Parked Veh,Did Not Leave,None,Front Hit First,Unknown,Not Traced,22,17-24
1220364138,Hammersmith & Fulham,11,521891,180114,2,Car,Car,Unknown (S/R),Unknown (S/R),Unknown (S/R),Unknown (S/R),Unknown (S/R),Unknown (S/R),Unknown (S/R),Front Hit First,Unknown,Not Traced,34,25-34
1220364143,Croydon,20,532368,166000,2,Bus Or Coach,London Bus,Slowing Or Stopping,No Skidding/Overturn,Bus Lane,Not At Jct,None,Did Not Leave,None,Front Hit First,Jny Part Of Work,Male,23,17-24
1220364160,Hammersmith & Fulham,11,525263,177658,1,Car,Car,Unknown (S/R),Unknown (S/R),Unknown (S/R),Unknown (S/R),Unknown (S/R),Unknown (S/R),Unknown (S/R),Front Hit First,Unknown,Not Traced,23,17-24
1220364168,Ealing,27,518838,179395,1,Car,Car,Going Ahead Held Up,No Skidding/Overturn,On Main CW - Not Rest.,Not At Jct,None,Did Not Leave,None,Front Hit First,Other/Not Known,Male,75,65+
1220364180,Haringey,31,529914,188637,1,Car,Car,Turning Right,No Skidding/Overturn,On Main CW - Not Rest.,Entering Main Rd,Hit Oth Object,Did Not Leave,None,Front Hit First,Other/Not Known,Male,70,65+
1220364188,Lewisham,7,538198,175247,2,Bus Or Coach,London Bus,Moving Off,No Skidding/Overturn,On Main CW - Not Rest.,Jct Mid,Hit Parked Veh,Did Not Leave,None,Front Hit First,Jny Part Of Work,Male,64,35-64
1220364211,Lewisham,7,537143,177660,1,Car,Car,Moving Off,No Skidding/Overturn,On Main CW - Not Rest.,Jct Cleared,None,Did Not Leave,None,Front Hit First,Other/Not Known,Female,22,17-24
1220364214,Croydon,20,538021,162442,3,Car,Car,Going Ahead Other,No Skidding/Overturn,On Main CW - Not Rest.,Not At Jct,None,Did Not Leave,None,Front Hit First,Unknown,Female,71,65+
1220364215,Ealing,27,512631,183861,2,Car,Car,Moving Off,No Skidding/Overturn,On Main CW - Not Rest.,Entering R'about,None,Left Cwy Nearside,None,Front Hit First,Unknown,Male,42,35-64
1220364216,Kingston-Upon-Thames,23,521264,172055,1,Car,Car,Going Ahead Other,No Skidding/Overturn,On Main CW - Not Rest.,Jct Mid,None,Left Cwy Nearside,Hit Oth Object,Front Hit First,Other/Not Known,Male,34,25-34
1220364217,Croydon,20,532786,168039,2,Car,Car,Going Ahead Other,No Skidding/Overturn,On Main CW - Not Rest.,Jct App,None,Did Not Leave,None,Front Hit First,Unknown,Male,60,35-64
1220364219,Ealing,27,521587,180901,2,Bus Or Coach,Bus/Coach,Going Ahead Other,No Skidding/Overturn,On Main CW - Not Rest.,Jct App,None,Did Not Leave,None,Front Hit First,Jny Part Of Work,Male,67,65+
1220364225,Croydon,20,532928,164762,2,Car,Car,Going Ahead Held Up,No Skidding/Overturn,On Main CW - Not Rest.,Jct App,None,Did Not Leave,None,Front Hit First,Comm To/From Work,Male,55,35-64
1220364259,Redbridge,14,546963,187691,2,Goods Vehicle,GDS =< 3.5T,Slowing Or Stopping,No Skidding/Overturn,On Main CW - Not Rest.,Not At Jct,None,Did Not Leave,None,Front Hit First,Jny Part Of Work,Male,34,25-34
1220364288,Hillingdon,26,510083,181354,1,Car,Car,Going Ahead Held Up,No Skidding/Overturn,Footway,Jct App,None,Did Not Leave,None,Front Hit First,Unknown,Female,42,35-64
1220364290,Wandsworth,10,527583,171668,1,Car,Car,Moving Off,No Skidding/Overturn,On Main CW - Not Rest.,Jct App,None,Did Not Leave,None,Front Hit First,Comm To/From Work,Male,57,35-64
1220364292,Greenwich,6,544681,178966,1,Car,Car,Going Ahead Other,No Skidding/Overturn,On Main CW - Not Rest.,Jct Cleared,None,Did Not Leave,None,Front Hit First,Other/Not Known,Male,26,25-34
1220364315,Enfield,32,535826,197018,1,Car,Car,Going Ahead Other,Overturn,On Main CW - Not Rest.,Jct App,Hit Parked Veh,Did Not Leave,None,Front Hit First,Other/Not Known,Female,43,35-64
1220364316,Enfield,32,536407,197550,1,Car,Car,Going Ahead Other,Skid/Over,On Main CW - Not Rest.,Entering Main Rd,Hit Bollard,Left Cwy Nearside,Hit Nr/Off Bar,Front Hit First,Jny Part Of Work,Male,40,35-64
1220364318,Lambeth,9,531794,170958,1,Car,Car,Turning Left,No Skidding/Overturn,On Main CW - Not Rest.,Jct Cleared,Hit Parked Veh,Did Not Leave,None,Front Hit First,Comm To/From Work,Female,32,25-34
1220364327,Camden,2,529007,185191,1,Car,Car,Turning Right,No Skidding/Overturn,On Main CW - Not Rest.,Jct Mid,None,Did Not Leave,None,Front Hit First,Other/Not Known,Male,35,35-64
1220364333,Islington,3,530611,185839,1,Car,Car,Going Ahead Other,No Skidding/Overturn,On Main CW - Not Rest.,Jct Mid,None,Did Not Leave,None,Front Hit First,Other/Not Known,Male,74,65+
1220364347,Tower Hamlets,5,536131,183517,2,Car,Car,Going Ahead Other,No Skidding/Overturn,On Main CW - Not Rest.,Not At Jct,None,Did Not Leave,None,Front Hit First,Unknown,Female,21,17-24
1220364359,Bromley,19,541220,164587,1,Goods Vehicle,GDS =< 3.5T,Going Ahead Other,No Skidding/Overturn,On Main CW - Not Rest.,Jct Mid,None,Did Not Leave,None,Front Hit First,Jny Part Of Work,Male,46,35-64
1220364360,Bromley,19,534067,170253,2,Bus Or Coach,Bus/Coach,Unknown (S/R),Unknown (S/R),Unknown (S/R),Unknown (S/R),Unknown (S/R),Unknown (S/R),Unknown (S/R),Front Hit First,Jny Part Of Work,Male,47,35-64
1220364373,Greenwich,6,542828,174323,1,Car,Car,Reversing,No Skidding/Overturn,On Main CW - Not Rest.,Entering Main Rd,None,Did Not Leave,None,Front Hit First,Other/Not Known,Female,79,65+
1220364382,Haringey,31,533795,189871,2,Car,Car,Turning Right,No Skidding/Overturn,On Main CW - Not Rest.,Jct Mid,None,Did Not Leave,None,Front Hit First,Comm To/From Work,Male,31,25-34
1220364385,Hillingdon,26,510439,180772,1,Bus Or Coach,London Bus,Moving Off,No Skidding/Overturn,On Main CW - Not Rest.,Jct App,None,Did Not Leave,None,Front Hit First,Jny Part Of Work,Male,44,35-64
1220364399,Greenwich,6,539640,178290,1,Car,Car,Unknown (S/R),Unknown (S/R),Unknown (S/R),Not At Jct,Unknown (S/R),Unknown (S/R),Unknown (S/R),Front Hit First,Other/Not Known,Male,26,25-34
1220364409,Lambeth,9,531414,173338,1,Car,Car,Slowing Or Stopping,No Skidding/Overturn,On Main CW - Not Rest.,Jct App,None,Did Not Leave,None,Front Hit First,Unknown,Male,27,25-34
1220364413,Brent,28,518319,188896,2,Car,Car,Going Ahead Other,No Skidding/Overturn,On Main CW - Not Rest.,Jct Mid,None,Did Not Leave,None,Front Hit First,Unknown,Male,24,17-24
1220364415,Enfield,32,529089,194830,1,Car,Car,Going Ahead Other,No Skidding/Overturn,On Main CW - Not Rest.,Jct Cleared,None,Left Cwy Ahead At Junctn,Wall Or Fence,Front Hit First,Other/Not Known,Female,65,65+
1220364422,Westminster,1,526713,182014,1,Goods Vehicle,GDS =< 3.5T,Going Ahead Other,No Skidding/Overturn,On Main CW - Not Rest.,Jct Cleared,None,Did Not Leave,None,Front Hit First,Comm To/From Work,Male,26,25-34
1220364424,Brent,28,520499,188498,1,Car,Car,Going Ahead Other,No Skidding/Overturn,On Main CW - Not Rest.,Not At Jct,None,Did Not Leave,None,Front Hit First,Taking Pupil To/From Sch,Female,45,35-64
1220364430,Haringey,31,530423,188741,1,Bus Or Coach,London Bus,Turning Left,No Skidding/Overturn,On Main CW - Not Rest.,Entering R'about,None,Did Not Leave,None,Front Hit First,Jny Part Of Work,Male,31,25-34
1220364436,Barnet,30,524625,186271,2,Bus Or Coach,Bus/Coach,Moving Off,No Skidding/Overturn,On Main CW - Not Rest.,Jct App,None,Did Not Leave,None,Front Hit First,Jny Part Of Work,Male,69,65+
1220364450,Westminster,1,530068,180877,1,Taxi,Taxi,Turning Right,No Skidding/Overturn,On Main CW - Not Rest.,Jct Mid,None,Did Not Leave,None,Front Hit First,Jny Part Of Work,Male,60,35-64
1220364466,Bexley,18,550547,178200,1,Goods Vehicle,GDS =< 3.5T,Turning Left,No Skidding/Overturn,On Main CW - Not Rest.,Jct App,None,Did Not Leave,None,Front Hit First,Jny Part Of Work,Male,54,35-64
1220364474,Croydon,20,530663,166482,1,Goods Vehicle,GDS =< 3.5T,Unknown (S/R),Unknown (S/R),Unknown (S/R),Unknown (S/R),Unknown (S/R),Unknown (S/R),Unknown (S/R),Front Hit First,Unknown,Male,20,17-24
1220364477,Hounslow,25,514096,175163,2,Other Vehicle,Other Vehicle,Going Ahead Other,No Skidding/Overturn,On Main CW - Not Rest.,Not At Jct,None,Did Not Leave,None,Front Hit First,Unknown,Male,29,25-34
1220364486,Haringey,31,534666,190503,1,Car,Car,Going Ahead Other,No Skidding/Overturn,On Main CW - Not Rest.,Not At Jct,None,Did Not Leave,None,Front Hit First,Jny Part Of Work,Male,31,25-34
1220364494,Enfield,32,534102,194390,1,Car,Car,Going Ahead Other,No Skidding/Overturn,Footway,Jct App,Hit Parked Veh,Left Cwy Nearside,Wall Or Fence,Front Hit First,Unknown,Male,34,25-34
1220364502,Bromley,19,547084,169266,1,Car,Car,Turning Right,No Skidding/Overturn,On Main CW - Not Rest.,Entering Main Rd,None,Did Not Leave,None,Front Hit First,Comm To/From Work,Female,22,17-24
1220364502,Bromley,19,547084,169266,2,Car,Car,Going Ahead Other,No Skidding/Overturn,On Main CW - Not Rest.,Jct Mid,None,Did Not Leave,None,Front Hit First,Other/Not Known,Male,69,65+
1220364522,Tower Hamlets,5,537775,180562,2,Car,Car,Unknown (S/R),Unknown (S/R),Unknown (S/R),Unknown (S/R),Unknown (S/R),Unknown (S/R),Unknown (S/R),Front Hit First,Unknown,Male,26,25-34
1220364545,Waltham Forest,13,539914,192139,2,Car,Car,Going Ahead Other,No Skidding/Overturn,On Main CW - Not Rest.,Entering R'about,None,Left Cwy Nearside,None,Front Hit First,Other/Not Known,Male,24,17-24
1220364550,Redbridge,14,543537,188357,1,Car,Car,Moving Off,No Skidding/Overturn,On Main CW - Not Rest.,Not At Jct,None,Left Cwy Nearside,None,Front Hit First,Unknown,Male,26,25-34
1220364569,Hounslow,25,512834,172105,1,Car,Car,Going Ahead Other,No Skidding/Overturn,On Main CW - Not Rest.,Entering R'about,None,Left Cwy Ahead At Junctn,Hit Lamp Post,Front Hit First,Other/Not Known,Male,48,35-64
1220364582,Southwark,8,532813,176703,1,Car,Car,Turning Right,No Skidding/Overturn,On Main CW - Not Rest.,Entering Main Rd,None,Did Not Leave,None,Front Hit First,Unknown,Male,58,35-64
1220364589,Tower Hamlets,5,538306,180008,1,Bus Or Coach,London Bus,Slowing Or Stopping,No Skidding/Overturn,Footway,Not At Jct,None,Left Cwy Nearside,None,Front Hit First,Other/Not Known,Male,66,65+
1220364590,Bromley,19,540555,165074,2,Goods Vehicle,GDS =< 3.5T,Going Ahead Other,No Skidding/Overturn,On Main CW - Not Rest.,Jct App,None,Did Not Leave,None,Front Hit First,Jny Part Of Work,Male,27,25-34
1220364592,Southwark,8,531705,179387,2,Car,Car,Unknown (S/R),Unknown (S/R),Unknown (S/R),Not At Jct,Unknown (S/R),Unknown (S/R),Unknown (S/R),Front Hit First,Unknown,Male,33,25-34
1220364593,Wandsworth,10,521796,174240,1,Car,Car,Going Ahead Other,No Skidding/Overturn,On Main CW - Not Rest.,Not At Jct,None,Did Not Leave,None,Front Hit First,Other/Not Known,Female,37,35-64
1220364594,Islington,3,532448,182780,1,Bus Or Coach,London Bus,Moving Off,No Skidding/Overturn,On Main CW - Not Rest.,Jct App,None,Did Not Leave,None,Front Hit First,Other/Not Known,Male,44,35-64
1220364602,Havering,15,549902,192226,1,Car,Car,Slowing Or Stopping,No Skidding/Overturn,On Main CW - Not Rest.,Jct Cleared,None,Did Not Leave,None,Front Hit First,Other/Not Known,Male,45,35-64
1220364616,Camden,2,529836,182643,1,Car,Car,Going Ahead Other,No Skidding/Overturn,On Main CW - Not Rest.,Leaving Main Rd,None,Did Not Leave,None,Front Hit First,Unknown,Male,44,35-64
1220364626,Lewisham,7,536755,177167,4,Private Hire,Private Hire - Licensed,Moving Off,No Skidding/Overturn,On Main CW - Not Rest.,Not At Jct,Hit Parked Veh,Did Not Leave,None,Front Hit First,Jny Part Of Work,Male,45,35-64
1220364627,Ealing,27,519680,179946,1,Car,Car,Slowing Or Stopping,No Skidding/Overturn,On Main CW - Not Rest.,Not At Jct,None,Did Not Leave,None,Front Hit First,Unknown,Male,38,35-64
1220364629,Enfield,32,530642,195550,1,Car,Car,Moving Off,No Skidding/Overturn,On Main CW - Not Rest.,Not At Jct,None,Did Not Leave,None,Front Hit First,Unknown,Male,40,35-64