_Collision Id,Borough Name,Borough Number,Easting,Northing,_Vehicle Id,Vehicle Type Banded,Vehicle Type,Vehicle Manoeuvres,Vehicle Skidding and Overturning,Vehicle Restricted Lane,Location of Vehicle at First Impact,Vehicle Hit Object in Carriageway,Vehicle Leaving Carriageway,Vehicle Hit Object Off Carriageway,First Point of Impact,Journey Purpose,Driver Gender,Driver Age,Driver age (Banded)
1220367499,Wandsworth,10,527039,171688,1,Car,Car,Going Ahead Other,No Skidding/Overturn,On Main CW - Not Rest.,Leaving Main Rd,None,Did Not Leave,None,Front Hit First,Other/Not Known,Male,69,65+
1220367503,Hammersmith & Fulham,11,523065,179465,2,Car,Car,Unknown (S/R),Unknown (S/R),Unknown (S/R),Not At Jct,Unknown (S/R),Unknown (S/R),Unknown (S/R),Front Hit First,Unknown,Not Traced,36,35-64
1220367508,Enfield,32,535076,199756,2,Goods Vehicle,GDS =< 3.5T,Going Ahead Other,No Skidding/Overturn,On Main CW - Not Rest.,Jct App,None,Did Not Leave,None,Front Hit First,Unknown,Male,29,25-34
1220367509,Wandsworth,10,526118,172733,1,Car,Car,Going Ahead Other,No Skidding/Overturn,On Main CW - Not Rest.,Not At Jct,None,Did Not Leave,None,Front Hit First,Unknown,Male,23,17-24
1220367510,Croydon,20,532683,164345,1,Car,Car,Going Ahead Other,No Skidding/Overturn,On Main CW - Not Rest.,Leaving R'about,None,Did Not Leave,None,Front Hit First,Jny Part Of Work,Male,39,35-64
1220367511,Barnet,30,525959,190061,1,Car,Car,Going Ahead Other,No Skidding/Overturn,On Main CW - Not Rest.,Not At Jct,None,Did Not Leave,None,Front Hit First,Other/Not Known,Female,28,25-34
1220367515,Croydon,20,530762,169268,2,Car,Car,Unknown (S/R),Unknown (S/R),Unknown (S/R),Jct App,Unknown (S/R),Unknown (S/R),Unknown (S/R),Front Hit First,Unknown,Male,66,65+
1220367516,Barking & Dagenham,16,548438,189047,1,Car,Car,Going Ahead Held Up,No Skidding/Overturn,On Main CW - Not Rest.,Entering From Slip,None,Did Not Leave,None,Front Hit First,Other/Not Known,Male,34,25-34
1220367518,Waltham Forest,13,538478,188700,1,Car,Car,Turning Right,No Skidding/Overturn,On Main CW - Not Rest.,Entering Main Rd,None,Did Not Leave,None,Front Hit First,Comm To/From Work,Male,72,65+
1220367521,Southwark,8,534375,179125,1,Car,Car,Turning Left,No Skidding/Overturn,On Main CW - Not Rest.,Leaving Main Rd,Hit Kerb,Left Cwy Offside,Hit Tree,Front Hit First,Other/Not Known,Male,19,17-24
1220367523,Westminster,1,530124,180061,1,Other Vehicle,Other Vehicle,Going Ahead Other,No Skidding/Overturn,Footway,Not At Jct,None,Did Not Leave,None,Front Hit First,Unknown,Male,20,17-24
1220367537,Southwark,8,533955,176946,1,Car,Car,Going Ahead Other,No Skidding/Overturn,On Main CW - Not Rest.,Jct Mid,Hit Parked Veh,Left Cwy Nearside/Rebound,Hit Tree,Front Hit First,Other/Not Known,Female,29,25-34
1220367538,Lewisham,7,535773,177961,1,Car,Car,Moving Off,No Skidding/Overturn,Footway,Jct App,None,Left Cwy Nearside,None,Front Hit First,Other/Not Known,Female,22,17-24
1220367550,Richmond-Upon-Thames,24,513678,170596,1,Car,Car,Going Ahead Other,No Skidding/Overturn,On Main CW - Not Rest.,Jct App,None,Did Not Leave,None,Front Hit First,Other/Not Known,Female,51,35-64
1220367554,Bromley,19,539025,168594,1,Car,Car,Going Ahead Other,No Skidding/Overturn,On Main CW - Not Rest.,Unknown (S/R),None,Left Cwy Nearside,None,Front Hit First,Unknown,Male,35,35-64
1220367558,Ealing,27,513192,184392,2,Car,Car,Unknown (S/R),Unknown (S/R),Unknown (S/R),Unknown (S/R),Unknown (S/R),Unknown (S/R),Unknown (S/R),Front Hit First,Unknown,Male,44,35-64
1220367568,Merton,22,527906,168891,1,Car,Car,Going Ahead Other,No Skidding/Overturn,On Main CW - Not Rest.,Jct App,None,Did Not Leave,None,Front Hit First,Other/Not Known,Male,34,25-34
1220367577,Harrow,29,518127,191216,1,Car,Car,Moving Off,No Skidding/Overturn,On Main CW - Not Rest.,Jct App,None,Did Not Leave,None,Front Hit First,Comm To/From Work,Male,59,35-64
1220367588,Lambeth,9,530378,176312,1,Car,Car,Going Ahead Other,No Skidding/Overturn,On Main CW - Not Rest.,Jct Mid,None,Did Not Leave,None,Front Hit First,Unknown,Male,61,35-64
1220367589,Merton,22,524811,169769,2,Other Vehicle,Other Vehicle,Going Ahead Other,No Skidding/Overturn,On Main CW - Not Rest.,Jct Mid,None,Did Not Leave,None,Front Hit First,Unknown,Female,23,17-24
1220367614,Barnet,30,526893,189407,2,Private Hire,Private Hire - Licensed,Turning Left,No Skidding/Overturn,On Main CW - Not Rest.,Jct App,None,Did Not Leave,None,Front Hit First,Jny Part Of Work,Male,41,35-64
1220367616,Harrow,29,515382,189952,1,Car,Car,Turning Right,No Skidding/Overturn,On Main CW - Not Rest.,Jct App,None,Did Not Leave,None,Front Hit First,Unknown,Female,23,17-24
1220367620,Greenwich,6,539628,179044,1,Car,Car,Unknown (S/R),Unknown (S/R),Unknown (S/R),Unknown (S/R),Unknown (S/R),Unknown (S/R),Unknown (S/R),Front Hit First,Other/Not Known,Female,35,35-64
1220367632,Harrow,29,511460,189595,2,Car,Car,Going Ahead Other,No Skidding/Overturn,On Main CW - Not Rest.,Jct App,None,Did Not Leave,None,Front Hit First,Other/Not Known,Female,35,35-64
1220367662,Hammersmith & Fulham,11,524564,176957,1,Car,Car,Going Ahead Other,No Skidding/Overturn,On Main CW - Not Rest.,Jct App,None,Did Not Leave,None,Front Hit First,Other/Not Known,Male,29,25-34
1220367666,Bexley,18,545695,175827,3,Car,Car,Overtaking Nearside,No Skidding/Overturn,On Main CW - Not Rest.,Not At Jct,None,Did Not Leave,None,Front Hit First,Other/Not Known,Male,31,25-34
1220367670,Enfield,32,534093,195947,1,Car,Car,Going Ahead Other,No Skidding/Overturn,On Main CW - Not Rest.,Jct App,None,Did Not Leave,None,Front Hit First,Unknown,Male,35,35-64
1220367674,Merton,22,527975,168713,1,Car,Car,Going Ahead Other,No Skidding/Overturn,On Main CW - Not Rest.,Not At Jct,None,Did Not Leave,None,Front Hit First,Other/Not Known,Male,43,35-64
1220367681,Newham,17,543938,180866,1,Car,Car,Unknown (S/R),No Skidding/Overturn,On Main CW - Not Rest.,Not At Jct,None,Did Not Leave,None,Front Hit First,Other/Not Known,Male,56,35-64
1220367687,Bromley,19,534800,169095,1,Car,Car,Turning Right,No Skidding/Overturn,On Main CW - Not Rest.,Leaving Main Rd,None,Did Not Leave,None,Front Hit First,Jny Part Of Work,Male,24,17-24
1220367688,Southwark,8,533266,179404,1,Taxi,Taxi,Turning Right,Skidded,On Main CW - Not Rest.,Jct App,None,Did Not Leave,None,Front Hit First,Jny Part Of Work,Male,42,35-64
1220367693,Southwark,8,534565,176770,1,Car,Car,Slowing Or Stopping,No Skidding/Overturn,On Main CW - Not Rest.,Jct App,None,Did Not Leave,None,Front Hit First,Other/Not Known,Female,36,35-64
1220367693,Southwark,8,534565,176770,2,Car,Car,Turning Left,No Skidding/Overturn,On Main CW - Not Rest.,Leaving Main Rd,None,Did Not Leave,None,Front Hit First,Unknown,Female,22,17-24
1220367695,Enfield,32,537051,199679,1,Car,Car,Going Ahead Left Bend,No Skidding/Overturn,On Main CW - Not Rest.,Jct App,None,Left Cwy Nearside,Wall Or Fence,Front Hit First,Other/Not Known,Male,33,25-34
1220367695,Enfield,32,537051,199679,2,Car,Car,Going Ahead Right Bend,No Skidding/Overturn,On Main CW - Not Rest.,Jct Cleared,None,Did Not Leave,None,Front Hit First,Other/Not Known,Female,31,25-34
1220367706,Hillingdon,26,507966,182272,2,Car,Car,Going Ahead Other,No Skidding/Overturn,On Main CW - Not Rest.,Jct App,None,Left Cwy Nearside/Rebound,Hit Lamp Post,Front Hit First,Unknown,Male,20,17-24
1220367710,Brent,28,519645,185694,1,Car,Car,Going Ahead Other,No Skidding/Overturn,On Main CW - Not Rest.,Not At Jct,None,Did Not Leave,None,Front Hit First,Other/Not Known,Male,27,25-34
1220367725,Redbridge,14,541789,188370,2,Car,Car,Unknown (S/R),Unknown (S/R),Unknown (S/R),Unknown (S/R),Unknown (S/R),Unknown (S/R),Unknown (S/R),Front Hit First,Unknown,Not Traced,28,25-34
1220367726,Havering,15,552670,189412,1,Car,Car,Going Ahead Other,No Skidding/Overturn,On Main CW - Not Rest.,Jct Cleared,Hit Oth Object,Left Cwy Nearside,Hit Lamp Post,Front Hit First,Unknown,Female,38,35-64
1220367729,Sutton,21,529748,163921,1,Car,Car,Unknown (S/R),Unknown (S/R),Unknown (S/R),Unknown (S/R),Unknown (S/R),Unknown (S/R),Unknown (S/R),Front Hit First,Other/Not Known,Male,38,35-64
1220367729,Sutton,21,529748,163921,2,Car,Car,Unknown (S/R),Unknown (S/R),Unknown (S/R),Unknown (S/R),Unknown (S/R),Unknown (S/R),Unknown (S/R),Front Hit First,Unknown,Female,29,25-34
1220367731,Lewisham,7,536591,176906,3,Car,Car,Going Ahead Other,No Skidding/Overturn,On Main CW - Not Rest.,Jct App,None,Did Not Leave,None,Front Hit First,Other/Not Known,Male,21,17-24
1220367736,Haringey,31,531530,189712,1,Car,Car,Going Ahead Other,Overturn,On Main CW - Not Rest.,Jct App,None,Did Not Leave,None,Front Hit First,Unknown,Male,39,35-64
1220367748,Wandsworth,10,524221,175721,2,Taxi,Taxi,Unknown (S/R),Unknown (S/R),Unknown (S/R),Not At Jct,Unknown (S/R),Unknown (S/R),Unknown (S/R),Front Hit First,Unknown,Male,51,35-64
1220367761,Redbridge,14,542717,189019,1,Car,Car,Moving Off,No Skidding/Overturn,On Main CW - Not Rest.,Jct App,None,Did Not Leave,None,Front Hit First,Unknown,Male,72,65+
1220367794,Wandsworth,10,523265,175272,1,Car,Car,Slowing Or Stopping,No Skidding/Overturn,On Main CW - Not Rest.,Jct Mid,None,Did Not Leave,None,Front Hit First,Jny Part Of Work,Male,40,35-64
1220367822,Barnet,30,525142,191902,1,Car,Car,Going Ahead Right Bend,No Skidding/Overturn,On Main CW - Not Rest.,Leaving R'about,None,Left Cwy Nearside,None,Front Hit First,Other/Not Known,Male,55,35-64
1220367832,Barnet,30,524869,187563,1,Car,Car,Unknown (S/R),No Skidding/Overturn,On Main CW - Not Rest.,Unknown (S/R),None,Did Not Leave,None,Front Hit First,Other/Not Known,Male,74,65+
1220367833,Waltham Forest,13,538869,186656,1,Car,Car,Going Ahead Other,No Skidding/Overturn,On Main CW - Not Rest.,Not At Jct,None,Did Not Leave,None,Front Hit First,Other/Not Known,Male,21,17-24
1220367834,Tower Hamlets,5,536421,181293,1,Car,Car,Going Ahead Other,No Skidding/Overturn,On Main CW - Not Rest.,Jct Cleared,Hit Kerb,Left Cwy Onto Central Res,Hit Oth Object,Front Hit First,Other/Not Known,Female,33,25-34
1220367848,Barnet,30,521991,190784,1,Car,Car,Moving Off,No Skidding/Overturn,Footway,Jct Cleared,None,Left Cwy Ahead At Junctn,Hit Lamp Post,Front Hit First,Other/Not Known,Female,21,17-24
1220367854,Ealing,27,511800,180342,1,Car,Car,Moving Off,No Skidding/Overturn,On Main CW - Not Rest.,Not At Jct,None,Did Not Leave,None,Front Hit First,Other/Not Known,Male,38,35-64
1220367859,Harrow,29,514214,186349,1,Car,Car,Going Ahead Other,No Skidding/Overturn,On Main CW - Not Rest.,Jct App,None,Did Not Leave,None,Front Hit First,Other/Not Known,Male,20,17-24
1220367864,Kensington & Chelsea,12,526824,177805,1,Car,Car,Unknown (S/R),Unknown (S/R),Unknown (S/R),Unknown (S/R),Unknown (S/R),Unknown (S/R),Unknown (S/R),Front Hit First,Comm To/From Work,Male,34,25-34
1220367867,Southwark,8,532544,176740,1,Car,Car,Turning Left,No Skidding/Overturn,On Main CW - Not Rest.,Jct Mid,None,Did Not Leave,None,Front Hit First,Other/Not Known,Male,30,25-34
1220367867,Southwark,8,532544,176740,2,Car,Car,Turning Right,No Skidding/Overturn,On Main CW - Not Rest.,Jct Mid,None,Did Not Leave,None,Front Hit First,Other/Not Known,Female,25,25-34
1220367876,Barnet,30,520522,192320,1,Goods Vehicle,GDS =< 3.5T,Going Ahead Other,No Skidding/Overturn,On Main CW - Not Rest.,Entering R'about,None,Did Not Leave,None,Front Hit First,Comm To/From Work,Male,35,35-64
1220367880,Hillingdon,26,506040,178412,4,Goods Vehicle,GDS => 7.5T,Slowing Or Stopping,No Skidding/Overturn,On Main CW - Not Rest.,Not At Jct,None,Did Not Leave,None,Front Hit First,Jny Part Of Work,Male,43,35-64
1220367894,Westminster,1,528420,181191,1,Taxi,Taxi,Unknown (S/R),Unknown (S/R),Unknown (S/R),Unknown (S/R),Unknown (S/R),Unknown (S/R),Unknown (S/R),Front Hit First,Jny Part Of Work,Male,59,35-64
1220367926,Redbridge,14,543845,185850,1,Goods Vehicle,Goods Unknown kg (S/R),Going Ahead Other,Unknown (S/R),Unknown (S/R),Unknown (S/R),Unknown (S/R),Did Not Leave,None,Front Hit First,Unknown,Male,20,17-24
1220367928,Newham,17,539410,181498,2,Car,Car,Going Ahead Other,No Skidding/Overturn,On Main CW - Not Rest.,Jct App,None,Did Not Leave,None,Front Hit First,Other/Not Known,Male,50,35-64
1220367936,Wandsworth,10,527969,171627,1,Car,Car,Going Ahead Other,No Skidding/Overturn,On Main CW - Not Rest.,Not At Jct,None,Did Not Leave,None,Front Hit First,Taking Pupil To/From Sch,Female,42,35-64
1220367940,Camden,2,527380,185058,2,Other Vehicle,Other Vehicle,Going Ahead Other,No Skidding/Overturn,On Main CW - Not Rest.,Jct App,Hit Open Door,Did Not Leave,None,Front Hit First,Unknown,Female,26,25-34
1220367943,Camden,2,529256,184086,1,Car,Car,Waiting To Turn Right,No Skidding/Overturn,On Main CW - Not Rest.,Jct App,None,Did Not Leave,None,Front Hit First,Unknown,Female,23,17-24
1220367944,Hillingdon,26,507592,188061,1,Car,Car,Going Ahead Other,No Skidding/Overturn,On Main CW - Not Rest.,Jct App,None,Did Not Leave,None,Front Hit First,Other/Not Known,Female,49,35-64
1220367944,Hillingdon,26,507592,188061,2,Car,Car,Turning Right,No Skidding/Overturn,On Main CW - Not Rest.,Entering Main Rd,None,Did Not Leave,None,Front Hit First,Other/Not Known,Male,57,35-64
1220367949,Hounslow,25,509453,173868,1,Car,Car,Turning Right,No Skidding/Overturn,On Main CW - Not Rest.,Leaving Main Rd,None,Did Not Leave,None,Front Hit First,Other/Not Known,Female,45,35-64
1220367953,Enfield,32,529291,192451,1,Car,Car,Turning Right,No Skidding/Overturn,On Main CW - Not Rest.,Entering Main Rd,None,Did Not Leave,None,Front Hit First,Unknown,Female,21,17-24
1220367966,Barnet,30,522399,190584,1,Car,Car,Moving Off,No Skidding/Overturn,On Main CW - Not Rest.,Entering Main Rd,None,Did Not Leave,None,Front Hit First,Unknown,Female,36,35-64
1220367969,Haringey,31,532396,189212,1,Car,Car,Going Ahead Other,No Skidding/Overturn,On Main CW - Not Rest.,Jct App,None,Did Not Leave,None,Front Hit First,Unknown,Male,35,35-64
1220367982,Kensington & Chelsea,12,525581,179594,1,Goods Vehicle,GDS =< 3.5T,Moving Off,No Skidding/Overturn,On Main CW - Not Rest.,Not At Jct,None,Did Not Leave,None,Front Hit First,Jny Part Of Work,Male,27,25-34
1220367993,Hammersmith & Fulham,11,525752,176016,2,Bus Or Coach,Bus/Coach,Going Ahead Other,No Skidding/Overturn,On Main CW - Not Rest.,Jct Mid,None,Did Not Leave,None,Front Hit First,Jny Part Of Work,Male,52,35-64
1220368007,Lambeth,9,531858,175722,2,Car,Car,Turning Right,No Skidding/Overturn,On Main CW - Not Rest.,Entering Main Rd,None,Did Not Leave,None,Front Hit First,Unknown,Male,33,25-34
1220368008,Wandsworth,10,527111,175144,1,Car,Car,Going Ahead Left Bend,No Skidding/Overturn,On Main CW - Not Rest.,Jct App,None,Did Not Leave,None,Front Hit First,Jny Part Of Work,Male,54,35-64
1220368018,Greenwich,6,543644,178757,1,Bus Or Coach,London Bus,Moving Off,No Skidding/Overturn,On Main CW - Not Rest.,Entering Main Rd,None,Did Not Leave,None,Front Hit First,Other/Not Known,Male,47,35-64
1220368027,Westminster,1,525417,182386,1,Car,Car,Going Ahead Other,No Skidding/Overturn,On Main CW - Not Rest.,Jct Mid,None,Did Not Leave,None,Front Hit First,Other/Not Known,Male,83,65+
1220368028,Sutton,21,525301,162003,1,Goods Vehicle,GDS =< 3.5T,Going Ahead Other,No Skidding/Overturn,On Main CW - Not Rest.,Not At Jct,None,Did Not Leave,None,Front Hit First,Jny Part Of Work,Male,31,25-34
1220368032,Kensington & Chelsea,12,524598,181285,1,Car,Car,Going Ahead Other,No Skidding/Overturn,On Main CW - Not Rest.,Jct Cleared,None,Did Not Leave,None,Front Hit First,Jny Part Of Work,Male,48,35-64
1220368036,Barking & Dagenham,16,545320,185006,1,Car,Car,Unknown (S/R),Unknown (S/R),Unknown (S/R),Not At Jct,Unknown (S/R),Unknown (S/R),Unknown (S/R),Front Hit First,Other/Not Known,Female,27,25-34
1220368038,Bromley,19,544302,170195,1,Car,Car,Going Ahead Other,No Skidding/Overturn,On Main CW - Not Rest.,Jct App,None,Did Not Leave,None,Front Hit First,Other/Not Known,Male,41,35-64
1220368043,Islington,3,531836,186449,1,Car,Car,Turning Right,No Skidding/Overturn,On Main CW - Not Rest.,Jct Cleared,None,Did Not Leave,None,Front Hit First,Other/Not Known,Male,26,25-34
1220368055,Sutton,21,528166,164296,1,Car,Car,Turning Right,No Skidding/Overturn,On Main CW - Not Rest.,Leaving Main Rd,None,Did Not Leave,None,Front Hit First,Other/Not Known,Male,51,35-64
1220368059,Haringey,31,530505,190807,1,Car,Car,Slowing Or Stopping,Overturn,On Main CW - Not Rest.,Not At Jct,Hit Kerb,Did Not Leave,None,Front Hit First,Comm To/From Work,Male,30,25-34
1220368060,Wandsworth,10,522033,173768,1,Car,Car,Going Ahead Other,No Skidding/Overturn,On Main CW - Not Rest.,Not At Jct,None,Did Not Leave,None,Front Hit First,Other/Not Known,Female,51,35-64
1220368063,Kingston-Upon-Thames,23,518149,165355,1,Car,Car,Moving Off,No Skidding/Overturn,On Main CW - Not Rest.,Entering R'about,None,Did Not Leave,None,Front Hit First,Comm To/From Work,Male,25,25-34
1220368066,Barnet,30,527094,194392,1,Car,Car,Turning Left,No Skidding/Overturn,On Main CW - Not Rest.,Jct App,None,Did Not Leave,None,Front Hit First,Pupil Riding To/From Sch,Female,17,17-24
1220368073,Tower Hamlets,5,536795,181652,1,Car,Car,Going Ahead Other,No Skidding/Overturn,On Main CW - Not Rest.,Jct Mid,Hit Kerb,Did Not Leave,None,Front Hit First,Unknown,Male,59,35-64
1220368082,Redbridge,14,544569,190336,1,Car,Car,Unknown (S/R),Unknown (S/R),Unknown (S/R),Unknown (S/R),Unknown (S/R),Unknown (S/R),Unknown (S/R),Front Hit First,Other/Not Known,Female,74,65+
1220368085,Hounslow,25,512634,177468,1,Car,Car,Turning Right,No Skidding/Overturn,On Main CW - Not Rest.,Leaving Main Rd,None,Left Cwy Nearside,Wall Or Fence,Front Hit First,Taking Pupil To/From Sch,Female,74,65+
1220368098,Westminster,1,528646,181673,1,Goods Vehicle,GDS =< 3.5T,Turning Right,No Skidding/Overturn,On Main CW - Not Rest.,Jct Mid,None,Did Not Leave,None,Front Hit First,Jny Part Of Work,Male,45,35-64
1220368115,Hounslow,25,516307,178447,1,Goods Vehicle,GDS => 7.5T,Change Lane To Left,No Skidding/Overturn,On Main CW - Not Rest.,Not At Jct,None,Did Not Leave,None,Front Hit First,Jny Part Of Work,Male,36,35-64
1220368116,Westminster,1,525772,182243,2,Car,Car,Unknown (S/R),Unknown (S/R),Unknown (S/R),Unknown (S/R),Unknown (S/R),Unknown (S/R),Unknown (S/R),Front Hit First,Unknown,Not Traced,25,25-34
1220368127,Hillingdon,26,509945,181430,1,Car,Car,Moving Off,No Skidding/Overturn,On Main CW - Not Rest.,Jct Mid,None,Did Not Leave,None,Front Hit First,Unknown,Male,43,35-64
1220368145,Waltham Forest,13,536603,187347,1,Car,Car,Turning Left,No Skidding/Overturn,On Main CW - Not Rest.,Entering Main Rd,None,Did Not Leave,None,Front Hit First,Other/Not Known,Female,22,17-24
1220368148,Bexley,18,548964,176437,2,Car,Car,Moving Off,No Skidding/Overturn,On Main CW - Not Rest.,Entering Main Rd,None,Left Cwy Nearside,None,Front Hit First,Jny Part Of Work,Male,30,25-34
1220368166,Enfield,32,531197,192744,1,Car,Car,Going Ahead Other,No Skidding/Overturn,On Main CW - Not Rest.,Leaving R'about,None,Left Cwy Offside/Rebound,Wall Or Fence,Front Hit First,Unknown,Male,18,17-24
1220368175,Hackney,4,535070,185580,1,Car,Car,Turning Right,No Skidding/Overturn,On Main CW - Not Rest.,Jct App,None,Did Not Leave,None,Front Hit First,Taking Pupil To/From Sch,Male,30,25-34
1220368186,Wandsworth,10,527494,174937,2,Goods Vehicle,GDS =< 3.5T,Turning Right,No Skidding/Overturn,On Main CW - Not Rest.,Jct Mid,None,Left Cwy Nearside,None,Front Hit First,Jny Part Of Work,Male,47,35-64
1220368187,Ealing,27,519753,182474,1,Car,Car,Going Ahead Other,Skidded,On Main CW - Not Rest.,Jct Mid,Hit Parked Veh,Did Not Leave,None,Front Hit First,Comm To/From Work,Male,31,25-34
1220368191,Westminster,1,530127,180117,2,Bus Or Coach,London Bus,Going Ahead Other,No Skidding/Overturn,On Main CW - Not Rest.,Jct Mid,None,Did Not Leave,None,Front Hit First,Jny Part Of Work,Male,22,17-24
1220368202,Lambeth,9,531907,172284,1,Car,Car,Unknown (S/R),Unknown (S/R),Unknown (S/R),Unknown (S/R),Unknown (S/R),Unknown (S/R),Unknown (S/R),Front Hit First,Other/Not Known,Female,46,35-64
1220368204,Southwark,8,532749,176717,2,Other Vehicle,Other Vehicle,Going Ahead Other,No Skidding/Overturn,Cycle Lane (On CWY),Jct App,None,Did Not Leave,None,Front Hit First,Unknown,Male,23,17-24
1220368208,Hackney,4,535229,184924,1,Other Vehicle,Other Vehicle,Slowing Or Stopping,No Skidding/Overturn,On Main CW - Not Rest.,Jct App,None,Did Not Leave,None,Front Hit First,Jny Part Of Work,Female,36,35-64
1220368222,Enfield,32,534917,199710,1,Car,Car,Turning Right,No Skidding/Overturn,On Main CW - Not Rest.,Jct Mid,None,Did Not Leave,None,Front Hit First,Other/Not Known,Male,49,35-64
1220368234,Lambeth,9,531182,171072,2,Car,Car,Turning Right,No Skidding/Overturn,On Main CW - Not Rest.,Jct Mid,None,Did Not Leave,None,Front Hit First,Unknown,Female,33,25-34
1220368244,Hillingdon,26,505619,191768,1,Car,Car,Going Ahead Left Bend,Skidded,On Main CW - Not Rest.,Not At Jct,None,Left Cwy Offside,Hit Tree,Front Hit First,Jny Part Of Work,Female,28,25-34
1220368251,Tower Hamlets,5,538286,181064,1,Car,Car,Going Ahead Other,No Skidding/Overturn,On Main CW - Not Rest.,Jct Mid,None,Did Not Leave,None,Front Hit First,Unknown,Female,69,65+
1220368252,Lewisham,7,537644,176074,1,Goods Vehicle,GDS =< 3.5T,Going Ahead Held Up,No Skidding/Overturn,On Main CW - Not Rest.,Jct App,Hit Parked Veh,Did Not Leave,None,Front Hit First,Jny Part Of Work,Male,33,25-34
1220368265,Lambeth,9,531292,177494,1,Car,Car,Moving Off,No Skidding/Overturn,On Main CW - Not Rest.,Entering Main Rd,None,Did Not Leave,None,Front Hit First,Comm To/From Work,Male,51,35-64
1220368275,Enfield,32,533532,194886,1,Car,Car,Turning Right,No Skidding/Overturn,On Main CW - Not Rest.,Leaving Main Rd,None,Did Not Leave,None,Front Hit First,Taking Pupil To/From Sch,Male,42,35-64
1220368293,Haringey,31,528902,187739,1,Bus Or Coach,London Bus,Going Ahead Other,No Skidding/Overturn,On Main CW - Not Rest.,Jct App,None,Did Not Leave,None,Front Hit First,Jny Part Of Work,Male,52,35-64
1220368296,Southwark,8,534346,173421,2,Car,Car,Going Ahead Held Up,No Skidding/Overturn,On Main CW - Not Rest.,Not At Jct,None,Did Not Leave,None,Front Hit First,Comm To/From Work,Male,26,25-34
1220368319,Havering,15,550612,191452,2,Car,Car,Waiting To Turn Right,No Skidding/Overturn,On Main CW - Not Rest.,Jct App,None,Did Not Leave,None,Front Hit First,Other/Not Known,Female,34,25-34
1220368320,Wandsworth,10,528588,177626,1,Car,Car,Going Ahead Other,No Skidding/Overturn,On Main CW - Not Rest.,Jct Cleared,None,Did Not Leave,None,Front Hit First,Comm To/From Work,Female,36,35-64
1220368326,Bromley,19,540401,170410,1,Car,Car,Going Ahead Left Bend,No Skidding/Overturn,On Main CW - Not Rest.,Leaving R'about,None,Left Cwy Nearside,Wall Or Fence,Front Hit First,Other/Not Known,Male,82,65+
1220368333,Haringey,31,534892,189386,1,Car,Car,U-turning,No Skidding/Overturn,On Main CW - Not Rest.,Jct App,None,Did Not Leave,None,Front Hit First,Other/Not Known,Male,67,65+
1220368370,Bromley,19,536684,167703,1,Car,Car,Going Ahead Other,No Skidding/Overturn,On Main CW - Not Rest.,Jct Mid,None,Did Not Leave,None,Front Hit First,Unknown,Male,21,17-24
1220368379,Lambeth,9,531105,175807,1,Bus Or Coach,London Bus,Going Ahead Other,No Skidding/Overturn,Bus Lane,Jct App,None,Did Not Leave,None,Front Hit First,Jny Part Of Work,Male,60,35-64
1220368397,Redbridge,14,547039,188201,1,Car,Car,Unknown (S/R),Unknown (S/R),Unknown (S/R),Unknown (S/R),Unknown (S/R),Unknown (S/R),Unknown (S/R),Front Hit First,Comm To/From Work,Male,18,17-24
1220368405,Hammersmith & Fulham,11,524733,177684,2,Car,Car,Turning Right,No Skidding/Overturn,On Main CW - Not Rest.,Leaving Main Rd,None,Did Not Leave,None,Front Hit First,Other/Not Known,Male,30,25-34
1220368408,Haringey,31,533704,189264,1,Other Vehicle,Other Vehicle,Going Ahead Other,No Skidding/Overturn,Cycle Lane (On CWY),Jct App,None,Did Not Leave,None,Front Hit First,Other/Not Known,Male,66,65+
1220368410,Greenwich,6,544011,177930,1,Car,Car,Turning Right,No Skidding/Overturn,On Main CW - Not Rest.,Entering Main Rd,None,Did Not Leave,None,Front Hit First,Taking Pupil To/From Sch,Female,44,35-64
1220368412,Richmond-Upon-Thames,24,522384,176608,1,Car,Car,Unknown (S/R),Unknown (S/R),Unknown (S/R),Unknown (S/R),Unknown (S/R),Unknown (S/R),Unknown (S/R),Front Hit First,Unknown,Not Traced,40,35-64
1220368414,Waltham Forest,13,538307,188850,1,Car,Car,Slowing Or Stopping,No Skidding/Overturn,On Main CW - Not Rest.,Not At Jct,Hit Oth Object,Did Not Leave,None,Front Hit First,Other/Not Known,Male,35,35-64
1220368417,Richmond-Upon-Thames,24,516989,174591,2,Car,Car,Unknown (S/R),Unknown (S/R),Unknown (S/R),Unknown (S/R),Unknown (S/R),Unknown (S/R),Unknown (S/R),Front Hit First,Unknown,Not Traced,48,35-64
1220368418,Haringey,31,532400,189212,2,Car,Car,Unknown (S/R),Unknown (S/R),Unknown (S/R),Unknown (S/R),Unknown (S/R),Unknown (S/R),Unknown (S/R),Front Hit First,Unknown,Female,33,25-34
1220368431,Barnet,30,525067,189412,1,Car,Car,Unknown (S/R),Unknown (S/R),Unknown (S/R),Unknown (S/R),Unknown (S/R),Unknown (S/R),Unknown (S/R),Front Hit First,Other/Not Known,Female,25,25-34
1220368440,Islington,3,530590,184960,1,Goods Vehicle,GDS =< 3.5T,Going Ahead Other,No Skidding/Overturn,Footway,Jct App,Hit Kerb,Left Cwy Nearside,Hit Rd Sign/Ats,Front Hit First,Jny Part Of Work,Male,60,35-64