_Collision Id,Borough Name,Borough Number,Easting,Northing,_Vehicle Id,Vehicle Type Banded,Vehicle Type,Vehicle Manoeuvres,Vehicle Skidding and Overturning,Vehicle Restricted Lane,Location of Vehicle at First Impact,Vehicle Hit Object in Carriageway,Vehicle Leaving Carriageway,Vehicle Hit Object Off Carriageway,First Point of Impact,Journey Purpose,Driver Gender,Driver Age,Driver age (Banded)
1220368448,Greenwich,6,541047,176212,3,Car,Car,Going Ahead Other,No Skidding/Overturn,On Main CW - Not Rest.,Not At Jct,None,Did Not Leave,None,Front Hit First,Unknown,Male,27,25-34
1220368467,Hackney,4,536400,184737,2,Car,Car,Unknown (S/R),Unknown (S/R),Unknown (S/R),Unknown (S/R),Unknown (S/R),Unknown (S/R),Unknown (S/R),Front Hit First,Unknown,Not Traced,43,35-64
1220368478,Barking & Dagenham,16,548664,184983,1,Car,Car,Going Ahead Held Up,No Skidding/Overturn,On Main CW - Not Rest.,Jct App,None,Did Not Leave,None,Front Hit First,Other/Not Known,Male,46,35-64
1220368480,Ealing,27,514501,182575,1,Car,Car,Turning Left,No Skidding/Overturn,On Main CW - Not Rest.,Jct Cleared,None,Did Not Leave,None,Front Hit First,Other/Not Known,Male,70,65+
1220368480,Ealing,27,514501,182575,2,Car,Car,Turning Right,No Skidding/Overturn,On Main CW - Not Rest.,Jct App,None,Did Not Leave,None,Front Hit First,Other/Not Known,Male,67,65+
1220368484,Redbridge,14,542258,191471,1,Car,Car,Slowing Or Stopping,No Skidding/Overturn,On Main CW - Not Rest.,Jct App,None,Did Not Leave,None,Front Hit First,Unknown,Male,68,65+
1220368489,Barking & Dagenham,16,545475,184691,2,Car,Car,U-turning,No Skidding/Overturn,On Main CW - Not Rest.,Not At Jct,None,Did Not Leave,None,Front Hit First,Other/Not Known,Male,29,25-34
1220368491,Haringey,31,532471,189181,1,Car,Car,Turning Right,No Skidding/Overturn,On Main CW - Not Rest.,Entering Main Rd,Hit Kerb,Did Not Leave,None,Front Hit First,Jny Part Of Work,Female,44,35-64
1220368492,Lewisham,7,535973,175782,1,Car,Car,Moving Off,No Skidding/Overturn,On Main CW - Not Rest.,Jct Mid,None,Did Not Leave,None,Front Hit First,Unknown,Male,45,35-64
1220368500,Bexley,18,547084,174497,2,Goods Vehicle,GDS => 7.5T,Change Lane To Left,No Skidding/Overturn,On Main CW - Not Rest.,Jct Mid,None,Did Not Leave,None,Front Hit First,Jny Part Of Work,Male,39,35-64
1220368503,Hounslow,25,513071,177473,2,Car,Car,Going Ahead Other,No Skidding/Overturn,On Main CW - Not Rest.,Jct App,None,Did Not Leave,None,Front Hit First,Unknown,Male,32,25-34
1220368514,Ealing,27,513985,183454,1,Car,Car,Going Ahead Held Up,No Skidding/Overturn,On Main CW - Not Rest.,Not At Jct,None,Did Not Leave,None,Front Hit First,Other/Not Known,Male,59,35-64
1220368514,Ealing,27,513985,183454,3,Car,Car,Slowing Or Stopping,No Skidding/Overturn,On Main CW - Not Rest.,Not At Jct,None,Did Not Leave,None,Front Hit First,Unknown,Male,54,35-64
1220368529,Hackney,4,533937,184556,1,Goods Vehicle,GDS =< 3.5T,Going Ahead Other,No Skidding/Overturn,On Main CW - Not Rest.,Jct App,None,Did Not Leave,None,Front Hit First,Jny Part Of Work,Female,22,17-24
1220368535,Kensington & Chelsea,12,524002,179966,2,Car,Car,Unknown (S/R),Unknown (S/R),Unknown (S/R),Not At Jct,Unknown (S/R),Unknown (S/R),Unknown (S/R),Front Hit First,Unknown,Not Traced,23,17-24
1220368542,Kensington & Chelsea,12,527511,178261,1,Goods Vehicle,GDS =< 3.5T,Unknown (S/R),Unknown (S/R),Unknown (S/R),Leaving Main Rd,Unknown (S/R),Unknown (S/R),Unknown (S/R),Front Hit First,Unknown,Male,49,35-64
1220368544,Wandsworth,10,529357,171055,2,Car,Car,Going Ahead Other,No Skidding/Overturn,On Main CW - Not Rest.,Not At Jct,None,Did Not Leave,None,Front Hit First,Unknown,Female,22,17-24
1220368562,Redbridge,14,539857,191008,1,Car,Car,Going Ahead Other,No Skidding/Overturn,On Main CW - Not Rest.,Jct Cleared,None,Did Not Leave,None,Front Hit First,Jny Part Of Work,Male,36,35-64
1220368566,Barnet,30,519265,191639,2,Car,Car,Unknown (S/R),Unknown (S/R),Unknown (S/R),Unknown (S/R),Unknown (S/R),Unknown (S/R),Unknown (S/R),Front Hit First,Unknown,Female,36,35-64
1220368577,Harrow,29,517980,190711,2,Car,Car,Going Ahead Other,No Skidding/Overturn,On Main CW - Not Rest.,Jct App,None,Did Not Leave,None,Front Hit First,Unknown,Male,22,17-24
1220368579,Havering,15,552044,182227,1,Private Hire,Private Hire - Licensed,Turning Right,No Skidding/Overturn,On Main CW - Not Rest.,Entering Main Rd,None,Did Not Leave,None,Front Hit First,Jny Part Of Work,Male,63,35-64
1220368582,Tower Hamlets,5,537066,182769,1,Car,Car,Unknown (S/R),Unknown (S/R),Unknown (S/R),Unknown (S/R),Unknown (S/R),Unknown (S/R),Unknown (S/R),Front Hit First,Other/Not Known,Male,24,17-24
1220368588,Newham,17,542677,182062,2,Car,Car,Unknown (S/R),Unknown (S/R),Unknown (S/R),Not At Jct,Unknown (S/R),Unknown (S/R),Unknown (S/R),Front Hit First,Unknown,Not Traced,58,35-64
1220368590,Redbridge,14,545850,191027,1,Car,Car,Going Ahead Other,No Skidding/Overturn,On Main CW - Not Rest.,Not At Jct,None,Did Not Leave,None,Front Hit First,Other/Not Known,Male,61,35-64
1220368590,Redbridge,14,545850,191027,2,Car,Car,Going Ahead Held Up,No Skidding/Overturn,On Main CW - Not Rest.,Not At Jct,None,Did Not Leave,None,Front Hit First,Other/Not Known,Male,52,35-64
1220368590,Redbridge,14,545850,191027,3,Car,Car,Going Ahead Held Up,No Skidding/Overturn,On Main CW - Not Rest.,Not At Jct,None,Did Not Leave,None,Front Hit First,Other/Not Known,Male,25,25-34
1220368593,Southwark,8,535859,178788,1,Car,Car,Slowing Or Stopping,No Skidding/Overturn,On Main CW - Not Rest.,Jct App,Hit Parked Veh,Did Not Leave,None,Front Hit First,Jny Part Of Work,Male,42,35-64
1220368599,Hammersmith & Fulham,11,522836,180300,1,Car,Car,Going Ahead Other,No Skidding/Overturn,On Main CW - Not Rest.,Not At Jct,None,Did Not Leave,None,Front Hit First,Other/Not Known,Male,50,35-64
1220368604,Islington,3,532318,182822,1,Car,Car,Turning Right,No Skidding/Overturn,On Main CW - Not Rest.,Jct Mid,None,Did Not Leave,None,Front Hit First,Other/Not Known,Male,27,25-34
1220368606,Kingston-Upon-Thames,23,517253,161600,2,Car,Car,Going Ahead Other,No Skidding/Overturn,On Main CW - Not Rest.,Jct Mid,None,Did Not Leave,None,Front Hit First,Unknown,Male,42,35-64
1220368610,Southwark,8,532905,172557,2,Car,Car,Moving Off,No Skidding/Overturn,On Main CW - Not Rest.,Jct Mid,None,Did Not Leave,None,Front Hit First,Unknown,Female,31,25-34
1220368612,Croydon,20,532542,163789,1,Car,Car,Going Ahead Other,No Skidding/Overturn,On Main CW - Not Rest.,Jct App,None,Did Not Leave,None,Front Hit First,Comm To/From Work,Male,34,25-34
1220368621,Lambeth,9,532072,175718,1,Car,Car,Turning Left,Overturn,On Main CW - Not Rest.,Jct Cleared,Hit Kerb,Did Not Leave,None,Front Hit First,Unknown,Male,21,17-24
1220368623,Enfield,32,535414,193006,1,Car,Car,Going Ahead Other,Skidded,On Main CW - Not Rest.,Jct App,None,Left Cwy Nearside,Wall Or Fence,Front Hit First,Unknown,Male,21,17-24
1220368625,Lambeth,9,531279,177515,1,Car,Car,Turning Right,No Skidding/Overturn,On Main CW - Not Rest.,Jct App,Hit Bollard,Did Not Leave,None,Front Hit First,Other/Not Known,Male,43,35-64
1220368648,Redbridge,14,540047,191933,2,Car,Car,Going Ahead Other,No Skidding/Overturn,On Main CW - Not Rest.,Jct App,None,Did Not Leave,None,Front Hit First,Taking Pupil To/From Sch,Male,42,35-64
1220368650,Southwark,8,534829,175710,2,Car,Car,Going Ahead Other,No Skidding/Overturn,On Main CW - Not Rest.,Jct Mid,None,Did Not Leave,None,Front Hit First,Other/Not Known,Female,28,25-34
1220368660,Sutton,21,526824,162650,1,Car,Car,Going Ahead Other,No Skidding/Overturn,On Main CW - Not Rest.,Jct Mid,Hit Kerb,Did Not Leave,None,Front Hit First,Comm To/From Work,Male,18,17-24
1220368664,Southwark,8,534230,173348,2,Car,Car,Unknown (S/R),Unknown (S/R),Unknown (S/R),Unknown (S/R),Unknown (S/R),Unknown (S/R),Unknown (S/R),Front Hit First,Unknown,Not Traced,29,25-34
1220368665,Haringey,31,532694,189881,2,Car,Car,Unknown (S/R),Unknown (S/R),Unknown (S/R),Unknown (S/R),Unknown (S/R),Unknown (S/R),Unknown (S/R),Front Hit First,Unknown,Female,38,35-64
1220368666,Barking & Dagenham,16,544061,184217,1,Car,Car,Unknown (S/R),Unknown (S/R),Unknown (S/R),Unknown (S/R),Unknown (S/R),Unknown (S/R),Unknown (S/R),Front Hit First,Other/Not Known,Male,35,35-64
1220368667,Croydon,20,534315,161734,1,Goods Vehicle,GDS =< 3.5T,Going Ahead Other,No Skidding/Overturn,On Main CW - Not Rest.,Jct Cleared,None,Did Not Leave,None,Front Hit First,Comm To/From Work,Male,47,35-64
1220368667,Croydon,20,534315,161734,2,Car,Car,Going Ahead Left Bend,No Skidding/Overturn,On Main CW - Not Rest.,Jct App,None,Did Not Leave,None,Front Hit First,Jny Part Of Work,Male,38,35-64
1220368680,Greenwich,6,541508,174908,2,Car,Car,Unknown (S/R),Unknown (S/R),Unknown (S/R),Unknown (S/R),Unknown (S/R),Unknown (S/R),Unknown (S/R),Front Hit First,Unknown,Not Traced,32,25-34
1220368690,Croydon,20,532619,164846,1,Goods Vehicle,GDS =< 3.5T,Moving Off,No Skidding/Overturn,On Main CW - Not Rest.,Jct App,Hit Oth Object,Did Not Leave,None,Front Hit First,Jny Part Of Work,Male,25,25-34
1220368712,Brent,28,520104,186954,2,Car,Car,Overtaking Nearside,No Skidding/Overturn,Footway,Leaving Main Rd,None,Left Cwy Ahead At Junctn,Hit Rd Sign/Ats,Front Hit First,Jny Part Of Work,Female,31,25-34
1220368729,Newham,17,539359,183962,1,Car,Car,Going Ahead Other,No Skidding/Overturn,On Main CW - Not Rest.,Not At Jct,None,Did Not Leave,None,Front Hit First,Other/Not Known,Male,26,25-34
1220368729,Newham,17,539359,183962,2,Car,Car,Going Ahead Right Bend,No Skidding/Overturn,On Main CW - Not Rest.,Not At Jct,None,Did Not Leave,None,Front Hit First,Other/Not Known,Female,49,35-64
1220368729,Newham,17,539359,183962,3,Car,Car,Going Ahead Right Bend,No Skidding/Overturn,On Main CW - Not Rest.,Not At Jct,None,Did Not Leave,None,Front Hit First,Jny Part Of Work,Male,43,35-64
1220368730,Richmond-Upon-Thames,24,519982,176024,3,Car,Car,Going Ahead Other,Skidded,On Main CW - Not Rest.,Not At Jct,None,Did Not Leave,None,Front Hit First,Other/Not Known,Female,31,25-34
1220368741,Lewisham,7,536677,174553,1,Car,Car,Turning Right,No Skidding/Overturn,On Main CW - Not Rest.,Entering Main Rd,None,Left Cwy Nearside,None,Front Hit First,Other/Not Known,Female,36,35-64
1220368744,Croydon,20,532661,168105,1,Car,Car,Turning Right,No Skidding/Overturn,Leaving Lay-by/Hard Shldr,Leaving Main Rd,None,Did Not Leave,None,Front Hit First,Other/Not Known,Male,78,65+
1220368749,Islington,3,530445,183101,1,Car,Car,Turning Right,No Skidding/Overturn,On Main CW - Not Rest.,Jct App,None,Did Not Leave,None,Front Hit First,Other/Not Known,Female,31,25-34
1220368762,Brent,28,523423,186268,1,Car,Car,Going Ahead Other,No Skidding/Overturn,On Main CW - Not Rest.,Not At Jct,None,Did Not Leave,None,Front Hit First,Unknown,Male,22,17-24
1220368768,Barking & Dagenham,16,544738,183166,2,Car,Car,Going Ahead Other,No Skidding/Overturn,On Main CW - Not Rest.,Not At Jct,None,Did Not Leave,None,Front Hit First,Jny Part Of Work,Male,22,17-24
1220368785,Croydon,20,533873,168619,1,Car,Car,Turning Right,No Skidding/Overturn,On Main CW - Not Rest.,Leaving Main Rd,None,Did Not Leave,None,Front Hit First,Unknown,Male,22,17-24
1220368785,Croydon,20,533873,168619,2,Car,Car,Going Ahead Other,No Skidding/Overturn,On Main CW - Not Rest.,Jct App,None,Did Not Leave,None,Front Hit First,Other/Not Known,Female,58,35-64
1220368787,Haringey,31,534789,190398,2,Car,Car,Going Ahead Other,No Skidding/Overturn,On Main CW - Not Rest.,Not At Jct,None,Did Not Leave,None,Front Hit First,Comm To/From Work,Female,51,35-64
1220368789,Havering,15,559159,185367,1,Car,Car,Going Ahead Other,No Skidding/Overturn,On Main CW - Not Rest.,Jct Cleared,None,Did Not Leave,None,Front Hit First,Other/Not Known,Male,49,35-64
1220368790,Bromley,19,539443,167356,3,Car,Car,Going Ahead Held Up,No Skidding/Overturn,On Main CW - Not Rest.,Jct App,None,Did Not Leave,None,Front Hit First,Unknown,Female,55,35-64
1220368796,Hackney,4,532480,185970,1,Car,Car,Moving Off,No Skidding/Overturn,On Main CW - Not Rest.,Not At Jct,None,Did Not Leave,None,Front Hit First,Comm To/From Work,Male,53,35-64
1220368797,Sutton,21,524497,163293,1,Car,Car,Change Lane To Left,No Skidding/Overturn,Footway,Jct App,Hit Kerb,Left Cwy Ahead At Junctn,Wall Or Fence,Front Hit First,Other/Not Known,Female,50,35-64
1220368801,Lambeth,9,531015,175132,1,Car,Car,Overtake Stat Veh O/S,No Skidding/Overturn,On Main CW - Not Rest.,Not At Jct,None,Did Not Leave,None,Front Hit First,Other/Not Known,Male,33,25-34
1220368811,Bexley,18,549728,174145,1,Car,Car,Going Ahead Other,No Skidding/Overturn,On Main CW - Not Rest.,Leaving Main Rd,None,Did Not Leave,None,Front Hit First,Other/Not Known,Male,47,35-64
1220368811,Bexley,18,549728,174145,2,Car,Car,Going Ahead Other,No Skidding/Overturn,On Main CW - Not Rest.,Entering Main Rd,None,Did Not Leave,None,Front Hit First,Other/Not Known,Male,31,25-34
1220368820,Merton,22,529429,169577,1,Car,Car,Turning Left,No Skidding/Overturn,On Main CW - Not Rest.,Jct Mid,Hit Parked Veh,Did Not Leave,None,Front Hit First,Unknown,Female,45,35-64
1220368822,Hounslow,25,518065,177962,1,Car,Car,Going Ahead Other,No Skidding/Overturn,On Main CW - Not Rest.,Not At Jct,None,Did Not Leave,None,Front Hit First,Unknown,Male,52,35-64
1220368823,Tower Hamlets,5,537765,180991,1,Car,Car,Going Ahead Other,No Skidding/Overturn,On Main CW - Not Rest.,Jct Cleared,None,Did Not Leave,None,Front Hit First,Other/Not Known,Female,27,25-34
1220368824,Redbridge,14,543430,185846,2,Car,Car,Change Lane To Left,Skidded,On Main CW - Not Rest.,Leaving Main Rd,None,Did Not Leave,None,Front Hit First,Unknown,Male,42,35-64
1220368826,Southwark,8,531895,180186,1,Car,Car,Moving Off,No Skidding/Overturn,On Main CW - Not Rest.,Jct App,None,Did Not Leave,None,Front Hit First,Unknown,Female,48,35-64
1220368834,Croydon,20,532224,164352,1,Car,Car,Turning Right,No Skidding/Overturn,On Main CW - Not Rest.,Leaving Main Rd,None,Did Not Leave,None,Front Hit First,Other/Not Known,Female,35,35-64
1220368836,Lambeth,9,531988,174302,1,Car,Car,Moving Off,No Skidding/Overturn,On Main CW - Not Rest.,Jct App,None,Did Not Leave,None,Front Hit First,Unknown,Female,61,35-64
1220368842,Islington,3,531180,182360,2,Car,Car,Unknown (S/R),Unknown (S/R),Unknown (S/R),Unknown (S/R),Unknown (S/R),Unknown (S/R),Unknown (S/R),Front Hit First,Unknown,Not Traced,40,35-64
1220368845,Barnet,30,522428,189731,1,Car,Car,Going Ahead Other,No Skidding/Overturn,On Main CW - Not Rest.,Not At Jct,Hit Parked Veh,Did Not Leave,None,Front Hit First,Jny Part Of Work,Male,41,35-64
1220368846,Merton,22,526404,167135,2,Car,Car,Going Ahead Other,Skidded,On Main CW - Not Rest.,Jct App,None,Left Cwy Nearside,Hit Rd Sign/Ats,Front Hit First,Other/Not Known,Female,44,35-64
1220368865,Brent,28,525493,183389,1,Car,Car,Unknown (S/R),Unknown (S/R),Unknown (S/R),Not At Jct,Unknown (S/R),Unknown (S/R),Unknown (S/R),Front Hit First,Other/Not Known,Male,53,35-64
1220368882,Hillingdon,26,506817,181013,1,Car,Car,Going Ahead Other,No Skidding/Overturn,On Main CW - Not Rest.,Entering R'about,None,Did Not Leave,None,Front Hit First,Other/Not Known,Male,43,35-64
1220368888,Sutton,21,526170,164167,1,Car,Car,Going Ahead Other,No Skidding/Overturn,On Main CW - Not Rest.,Not At Jct,None,Did Not Leave,None,Front Hit First,Other/Not Known,Female,27,25-34
1220368890,Westminster,1,527950,181966,1,Car,Car,Going Ahead Held Up,No Skidding/Overturn,On Main CW - Not Rest.,Jct App,None,Did Not Leave,None,Front Hit First,Other/Not Known,Male,42,35-64
1220368915,Croydon,20,537717,163156,1,Goods Vehicle,GDS =< 3.5T,Going Ahead Other,No Skidding/Overturn,On Main CW - Not Rest.,Jct App,None,Did Not Leave,None,Front Hit First,Jny Part Of Work,Male,38,35-64
1220368926,Barnet,30,526288,192518,1,Car,Car,Change Lane To Left,No Skidding/Overturn,Footway,Jct App,None,Did Not Leave,None,Front Hit First,Unknown,Male,76,65+
1220368926,Barnet,30,526288,192518,2,Bus Or Coach,London Bus,Going Ahead Other,No Skidding/Overturn,On Main CW - Not Rest.,Jct App,None,Did Not Leave,None,Front Hit First,Jny Part Of Work,Male,47,35-64
1220368931,Havering,15,553113,186170,1,Car,Car,Waiting To Turn Right,No Skidding/Overturn,On Main CW - Not Rest.,Jct App,None,Did Not Leave,None,Front Hit First,Other/Not Known,Female,52,35-64
1220368931,Havering,15,553113,186170,2,Car,Car,Turning Left,No Skidding/Overturn,On Main CW - Not Rest.,Entering Main Rd,None,Left Cwy Offside,Hit Nr/Off Bar,Front Hit First,Other/Not Known,Male,33,25-34
1220368944,Hackney,4,535100,185527,1,Car,Car,Slowing Or Stopping,No Skidding/Overturn,On Main CW - Not Rest.,Jct App,None,Did Not Leave,None,Front Hit First,Other/Not Known,Male,34,25-34
1220368948,Brent,28,522272,186616,1,Car,Car,Turning Right,No Skidding/Overturn,On Main CW - Not Rest.,Not At Jct,None,Did Not Leave,None,Front Hit First,Other/Not Known,Male,41,35-64
1220368951,Kensington & Chelsea,12,525332,179507,2,Car,Car,Going Ahead Other,No Skidding/Overturn,On Main CW - Not Rest.,Jct App,None,Did Not Leave,None,Front Hit First,Unknown,Male,45,35-64
1220368963,Hillingdon,26,504726,183405,1,Car,Car,Turning Right,No Skidding/Overturn,On Main CW - Not Rest.,Entering Main Rd,None,Did Not Leave,None,Front Hit First,Other/Not Known,Male,23,17-24
1220368964,Hackney,4,535508,184539,2,Car,Car,Moving Off,No Skidding/Overturn,On Main CW - Not Rest.,Entering Main Rd,None,Did Not Leave,None,Front Hit First,Other/Not Known,Male,17,17-24
1220368968,Lambeth,9,529624,173901,1,Bus Or Coach,London Bus,Going Ahead Other,No Skidding/Overturn,On Main CW - Not Rest.,Not At Jct,None,Did Not Leave,None,Front Hit First,Other/Not Known,Male,59,35-64
1220368968,Lambeth,9,529624,173901,2,Car,Car,Going Ahead Other,No Skidding/Overturn,On Main CW - Not Rest.,Not At Jct,None,Did Not Leave,None,Front Hit First,Unknown,Male,28,25-34
1220368974,Tower Hamlets,5,538888,180975,1,Car,Car,Going Ahead Other,No Skidding/Overturn,On Main CW - Not Rest.,Leaving Main Rd,None,Did Not Leave,None,Front Hit First,Other/Not Known,Female,21,17-24
1220368979,Tower Hamlets,5,538001,182875,1,Car,Car,Turning Left,No Skidding/Overturn,On Main CW - Not Rest.,Entering From Slip,None,Left Cwy Nearside,Hit Lamp Post,Front Hit First,Comm To/From Work,Male,35,35-64
1220368990,Waltham Forest,13,538431,189441,1,Car,Car,Going Ahead Other,No Skidding/Overturn,On Main CW - Not Rest.,Not At Jct,None,Did Not Leave,None,Front Hit First,Other/Not Known,Female,33,25-34
1220368997,Hackney,4,532198,186657,1,Car,Car,Moving Off,No Skidding/Overturn,On Main CW - Not Rest.,Jct Cleared,None,Did Not Leave,None,Front Hit First,Unknown,Male,35,35-64
1220369001,Ealing,27,516115,180133,2,Car,Car,Turning Left,No Skidding/Overturn,On Main CW - Not Rest.,Jct Cleared,None,Did Not Leave,None,Front Hit First,Other/Not Known,Male,40,35-64
1220369025,Lambeth,9,532044,171876,1,Car,Car,Going Ahead Other,No Skidding/Overturn,On Main CW - Not Rest.,Jct App,None,Did Not Leave,None,Front Hit First,Other/Not Known,Male,55,35-64
1220369026,Hillingdon,26,510429,190446,1,Car,Car,Going Ahead Other,No Skidding/Overturn,On Main CW - Not Rest.,Jct App,None,Did Not Leave,None,Front Hit First,Other/Not Known,Male,69,65+
1220369028,Camden,2,525408,184222,2,Goods Vehicle,GDS =< 3.5T,Slowing Or Stopping,No Skidding/Overturn,On Main CW - Not Rest.,Jct App,None,Did Not Leave,None,Front Hit First,Jny Part Of Work,Male,18,17-24
1220369029,Southwark,8,534501,176214,1,Car,Car,Unknown (S/R),Unknown (S/R),Unknown (S/R),Unknown (S/R),Unknown (S/R),Unknown (S/R),Unknown (S/R),Front Hit First,Jny Part Of Work,Male,45,35-64
1220369034,Bromley,19,539993,166228,2,Car,Car,Unknown (S/R),Unknown (S/R),Unknown (S/R),Unknown (S/R),Unknown (S/R),Unknown (S/R),Unknown (S/R),Front Hit First,Unknown,Male,55,35-64
1220369049,Croydon,20,531707,165519,1,Goods Vehicle,GDS =< 3.5T,Going Ahead Other,No Skidding/Overturn,Footway,Not At Jct,None,Did Not Leave,None,Front Hit First,Other/Not Known,Male,18,17-24
1220369057,Westminster,1,527477,182684,2,Taxi,Taxi,Unknown (S/R),Unknown (S/R),Unknown (S/R),Unknown (S/R),Unknown (S/R),Unknown (S/R),Unknown (S/R),Front Hit First,Unknown,Not Traced,53,35-64
1220369068,Lambeth,9,531187,175321,1,Other Vehicle,Other Vehicle,Slowing Or Stopping,No Skidding/Overturn,On Main CW - Not Rest.,Jct Cleared,None,Did Not Leave,None,Front Hit First,Other/Not Known,Male,20,17-24
1220369070,Newham,17,542181,185602,1,Car,Car,Unknown (S/R),Unknown (S/R),Unknown (S/R),Unknown (S/R),Unknown (S/R),Unknown (S/R),Unknown (S/R),Front Hit First,Unknown,Female,20,17-24
1220369077,Lambeth,9,529416,173992,1,Car,Car,Going Ahead Other,No Skidding/Overturn,On Main CW - Not Rest.,Jct Cleared,None,Did Not Leave,None,Front Hit First,Other/Not Known,Male,50,35-64
1220369079,Sutton,21,530393,162628,1,Car,Car,Going Ahead Other,No Skidding/Overturn,On Main CW - Not Rest.,Jct App,Hit Kerb,Left Cwy Nearside,Hit Lamp Post,Front Hit First,Other/Not Known,Female,22,17-24
1220369083,Lewisham,7,538175,171850,2,Car,Car,Going Ahead Other,No Skidding/Overturn,On Main CW - Not Rest.,Not At Jct,None,Left Cwy Offside,None,Front Hit First,Unknown,Female,24,17-24
1220369101,Sutton,21,528544,164896,1,Car,Car,Going Ahead Right Bend,No Skidding/Overturn,On Main CW - Not Rest.,Jct Mid,None,Did Not Leave,None,Front Hit First,Unknown,Male,49,35-64
1220369101,Sutton,21,528544,164896,2,Car,Car,Turning Right,No Skidding/Overturn,On Main CW - Not Rest.,Entering Main Rd,None,Did Not Leave,None,Front Hit First,Other/Not Known,Male,67,65+
1220369120,Westminster,1,524867,182119,2,Bus Or Coach,Bus/Coach,Unknown (S/R),Unknown (S/R),Unknown (S/R),Unknown (S/R),Unknown (S/R),Unknown (S/R),Unknown (S/R),Front Hit First,Unknown,Not Traced,38,35-64
1220369127,Barnet,30,528353,193288,2,Car,Car,Unknown (S/R),Unknown (S/R),Unknown (S/R),Unknown (S/R),Unknown (S/R),Unknown (S/R),Unknown (S/R),Front Hit First,Other/Not Known,Male,25,25-34
1220369137,Southwark,8,534350,179294,1,Car,Car,Unknown (S/R),Unknown (S/R),Unknown (S/R),Not At Jct,Unknown (S/R),Unknown (S/R),Unknown (S/R),Front Hit First,Unknown,Not Traced,31,25-34
1220369138,Brent,28,522600,183095,1,Car,Car,Going Ahead Other,No Skidding/Overturn,On Main CW - Not Rest.,Entering R'about,None,Did Not Leave,None,Front Hit First,Unknown,Male,58,35-64
1220369155,Greenwich,6,543648,178753,1,Car,Car,Moving Off,No Skidding/Overturn,On Main CW - Not Rest.,Jct App,None,Did Not Leave,None,Front Hit First,Other/Not Known,Female,21,17-24
1220369166,Hammersmith & Fulham,11,523352,178620,1,Car,Car,Going Ahead Held Up,No Skidding/Overturn,On Main CW - Not Rest.,Jct App,None,Did Not Leave,None,Front Hit First,Unknown,Female,80,65+
1220369174,Lewisham,7,535813,173374,2,Goods Vehicle,GDS 3.5-7.5T,Unknown (S/R),Unknown (S/R),Unknown (S/R),Not At Jct,Unknown (S/R),Unknown (S/R),Unknown (S/R),Front Hit First,Unknown,Male,52,35-64
1220369198,Redbridge,14,547005,187851,1,Car,Car,Turning Left,No Skidding/Overturn,On Main CW - Not Rest.,Leaving Main Rd,None,Did Not Leave,None,Front Hit First,Jny Part Of Work,Male,47,35-64
1220369205,Kingston-Upon-Thames,23,519677,166940,1,Car,Car,Going Ahead Other,Skidded,On Main CW - Not Rest.,Entering Main Rd,None,Did Not Leave,None,Front Hit First,Unknown,Male,21,17-24
1220369216,Enfield,32,534311,197481,2,Car,Car,Unknown (S/R),Unknown (S/R),Unknown (S/R),Unknown (S/R),Unknown (S/R),Unknown (S/R),Unknown (S/R),Front Hit First,Unknown,Not Traced,32,25-34
1220369217,Westminster,1,527321,181921,1,Car,Car,Going Ahead Other,No Skidding/Overturn,On Main CW - Not Rest.,Jct Mid,None,Did Not Leave,None,Front Hit First,Unknown,Male,24,17-24
1220369225,Havering,15,554033,187047,1,Bus Or Coach,London Bus,Going Ahead Held Up,No Skidding/Overturn,On Main CW - Not Rest.,Leaving Main Rd,None,Did Not Leave,None,Front Hit First,Jny Part Of Work,Male,31,25-34
1220369228,Islington,3,530484,186027,1,Car,Car,Going Ahead Other,No Skidding/Overturn,On Main CW - Not Rest.,Jct App,None,Did Not Leave,None,Front Hit First,Comm To/From Work,Female,58,35-64
1220369230,Sutton,21,526245,164970,1,Car,Car,Going Ahead Other,No Skidding/Overturn,On Main CW - Not Rest.,Jct Mid,None,Did Not Leave,None,Front Hit First,Other/Not Known,Male,18,17-24
1220369231,Brent,28,521810,183398,1,Car,Car,Going Ahead Other,No Skidding/Overturn,On Main CW - Not Rest.,Jct Cleared,None,Did Not Leave,None,Front Hit First,Comm To/From Work,Female,40,35-64
1220369246,Croydon,20,531238,164868,2,Car,Car,Going Ahead Right Bend,No Skidding/Overturn,On Main CW - Not Rest.,Jct Mid,None,Did Not Leave,None,Front Hit First,Other/Not Known,Male,50,35-64
1220369267,Ealing,27,517446,182892,1,Car,Car,Going Ahead Other,Skidded,On Main CW - Not Rest.,Not At Jct,Hit Parked Veh,Left Cwy Nearside,None,Front Hit First,Unknown,Male,29,25-34
1220369267,Ealing,27,517446,182892,2,Car,Car,Moving Off,No Skidding/Overturn,On Main CW - Not Rest.,Not At Jct,None,Did Not Leave,None,Front Hit First,Comm To/From Work,Male,54,35-64
1220369269,Islington,3,532163,182430,1,Car,Car,Unknown (S/R),Unknown (S/R),Unknown (S/R),Unknown (S/R),Unknown (S/R),Unknown (S/R),Unknown (S/R),Front Hit First,Other/Not Known,Female,34,25-34
1220369286,Redbridge,14,546369,187181,1,Car,Car,Turning Right,No Skidding/Overturn,On Main CW - Not Rest.,Jct Cleared,None,Did Not Leave,None,Front Hit First,Other/Not Known,Male,22,17-24