_Collision Id,Borough Name,Borough Number,Easting,Northing,_Vehicle Id,Vehicle Type Banded,Vehicle Type,Vehicle Manoeuvres,Vehicle Skidding and Overturning,Vehicle Restricted Lane,Location of Vehicle at First Impact,Vehicle Hit Object in Carriageway,Vehicle Leaving Carriageway,Vehicle Hit Object Off Carriageway,First Point of Impact,Journey Purpose,Driver Gender,Driver Age,Driver age (Banded)
1220374810,Croydon,20,531241,161522,1,Taxi,Taxi,Unknown (S/R),Unknown (S/R),Unknown (S/R),Unknown (S/R),Unknown (S/R),Unknown (S/R),Unknown (S/R),Front Hit First,Jny Part Of Work,Male,40,35-64
1220374812,Hillingdon,26,509454,179162,1,Bus Or Coach,London Bus,Going Ahead Other,No Skidding/Overturn,On Main CW - Not Rest.,Not At Jct,None,Did Not Leave,None,Front Hit First,Jny Part Of Work,Male,49,35-64
1220374821,Hillingdon,26,506789,181102,1,Car,Car,Slowing Or Stopping,No Skidding/Overturn,On Main CW - Not Rest.,Leaving R'about,None,Left Cwy Nearside,None,Front Hit First,Other/Not Known,Male,22,17-24
1220374832,Lambeth,9,530473,179661,1,Bus Or Coach,London Bus,Moving Off,No Skidding/Overturn,Bus Lane,Not At Jct,None,Did Not Leave,None,Front Hit First,Jny Part Of Work,Female,36,35-64
1220374838,Lewisham,7,535778,177953,1,Car,Car,Unknown (S/R),Unknown (S/R),Unknown (S/R),Unknown (S/R),Unknown (S/R),Unknown (S/R),Unknown (S/R),Front Hit First,Other/Not Known,Female,24,17-24
1220374842,Hammersmith & Fulham,11,522215,179286,1,Car,Car,Going Ahead Held Up,No Skidding/Overturn,On Main CW - Not Rest.,Not At Jct,None,Did Not Leave,None,Front Hit First,Other/Not Known,Male,23,17-24
1220374859,Bromley,19,543467,171240,1,Car,Car,Going Ahead Other,No Skidding/Overturn,On Main CW - Not Rest.,Jct App,None,Did Not Leave,None,Front Hit First,Comm To/From Work,Male,66,65+
1220374869,Hounslow,25,510798,178859,2,Goods Vehicle,GDS => 7.5T,Moving Off,No Skidding/Overturn,On Main CW - Not Rest.,Jct Mid,None,Did Not Leave,None,Front Hit First,Unknown,Male,30,25-34
1220374873,Kingston-Upon-Thames,23,517654,163275,1,Car,Car,Going Ahead Other,No Skidding/Overturn,On Main CW - Not Rest.,Jct Cleared,None,Did Not Leave,None,Front Hit First,Other/Not Known,Female,36,35-64
1220374891,Tower Hamlets,5,535490,181206,1,Car,Car,Turning Right,No Skidding/Overturn,On Main CW - Not Rest.,Jct Mid,None,Did Not Leave,None,Front Hit First,Other/Not Known,Male,32,25-34
1220374909,Brent,28,520528,184824,1,Goods Vehicle,GDS 3.5-7.5T,Going Ahead Other,Skidded,On Main CW - Not Rest.,Not At Jct,None,Did Not Leave,None,Front Hit First,Jny Part Of Work,Male,50,35-64
1220374913,Westminster,1,529726,180883,1,Taxi,Taxi,U-turning,No Skidding/Overturn,On Main CW - Not Rest.,Not At Jct,None,Did Not Leave,None,Front Hit First,Jny Part Of Work,Male,39,35-64
1220374921,Greenwich,6,538465,177713,2,Car,Car,Unknown (S/R),Unknown (S/R),On Main CW - Not Rest.,Not At Jct,Unknown (S/R),Did Not Leave,None,Front Hit First,Unknown,Male,35,35-64
1220374929,Hackney,4,533581,185907,2,Car,Car,Going Ahead Other,No Skidding/Overturn,On Main CW - Not Rest.,Jct App,None,Did Not Leave,None,Front Hit First,Unknown,Male,40,35-64
1220374932,Havering,15,551270,187450,1,Car,Car,Going Ahead Other,No Skidding/Overturn,On Main CW - Not Rest.,Jct Mid,None,Did Not Leave,None,Front Hit First,Other/Not Known,Male,19,17-24
1220374933,Newham,17,540955,183241,2,Car,Car,U-turning,No Skidding/Overturn,On Main CW - Not Rest.,Jct App,None,Did Not Leave,None,Front Hit First,Taking Pupil To/From Sch,Male,43,35-64
1220374935,Southwark,8,533857,171219,1,Car,Car,Going Ahead Other,No Skidding/Overturn,On Main CW - Not Rest.,Jct Mid,Hit Oth Object,Did Not Leave,None,Front Hit First,Unknown,Female,27,25-34
1220374942,Bexley,18,551129,174785,1,Private Hire,Private Hire - Licensed,Going Ahead Other,Skidded,On Main CW - Not Rest.,Jct App,None,Left Cwy Offside/Rebound,Wall Or Fence,Front Hit First,Comm To/From Work,Male,35,35-64
1220374942,Bexley,18,551129,174785,2,Car,Car,Turning Right,No Skidding/Overturn,On Main CW - Not Rest.,Jct Mid,None,Did Not Leave,None,Front Hit First,Unknown,Not Traced,22,17-24
1220374970,Richmond-Upon-Thames,24,521802,175445,1,Car,Car,Turning Right,No Skidding/Overturn,On Main CW - Not Rest.,Not At Jct,None,Did Not Leave,None,Front Hit First,Other/Not Known,Male,49,35-64
1220374976,Tower Hamlets,5,535685,182146,1,Car,Car,Turning Right,No Skidding/Overturn,On Main CW - Not Rest.,Jct Mid,None,Did Not Leave,None,Front Hit First,Jny Part Of Work,Male,57,35-64
1220374988,Sutton,21,525749,165032,1,Bus Or Coach,London Bus,Turning Right,No Skidding/Overturn,Footway,Jct Cleared,Hit Kerb,Left Cwy Nearside,Wall Or Fence,Front Hit First,Jny Part Of Work,Male,71,65+
1220374996,Hounslow,25,514258,175974,1,Car,Car,Going Ahead Other,No Skidding/Overturn,On Main CW - Not Rest.,Jct App,None,Did Not Leave,None,Front Hit First,Other/Not Known,Male,57,35-64
1220374997,Kingston-Upon-Thames,23,521898,166336,1,Car,Car,Going Ahead Other,No Skidding/Overturn,On Main CW - Not Rest.,Not At Jct,None,Did Not Leave,None,Front Hit First,Comm To/From Work,Male,39,35-64
1220375016,Westminster,1,527731,181756,2,Taxi,Taxi,Unknown (S/R),Unknown (S/R),Unknown (S/R),Unknown (S/R),Unknown (S/R),Unknown (S/R),Unknown (S/R),Front Hit First,Unknown,Male,36,35-64
1220375042,Greenwich,6,541125,176917,2,Car,Car,Unknown (S/R),Unknown (S/R),Unknown (S/R),Unknown (S/R),Unknown (S/R),Unknown (S/R),Unknown (S/R),Front Hit First,Unknown,Not Traced,29,25-34
1220375050,Westminster,1,528882,179164,1,Car,Car,Going Ahead Other,No Skidding/Overturn,On Main CW - Not Rest.,Jct App,None,Did Not Leave,None,Front Hit First,Other/Not Known,Male,27,25-34
1220375053,Westminster,1,529548,180616,1,Car,Car,Moving Off,No Skidding/Overturn,On Main CW - Not Rest.,Jct App,None,Did Not Leave,None,Front Hit First,Other/Not Known,Female,26,25-34
1220375074,Ealing,27,517670,180537,1,Other Vehicle,Other Vehicle,Going Ahead Other,Skidded,On Main CW - Not Rest.,Not At Jct,None,Did Not Leave,None,Front Hit First,Comm To/From Work,Male,20,17-24
1220375075,Croydon,20,529850,160403,1,Car,Car,Turning Right,No Skidding/Overturn,On Main CW - Not Rest.,Jct App,None,Did Not Leave,None,Front Hit First,Other/Not Known,Female,42,35-64
1220375077,Lewisham,7,537872,173715,2,Car,Car,Turning Left,No Skidding/Overturn,On Main CW - Not Rest.,Jct Cleared,None,Did Not Leave,None,Front Hit First,Other/Not Known,Female,28,25-34
1220375081,Kensington & Chelsea,12,526304,177399,2,Car,Car,Unknown (S/R),Unknown (S/R),Unknown (S/R),Unknown (S/R),Unknown (S/R),Unknown (S/R),Unknown (S/R),Front Hit First,Unknown,Male,25,25-34
1220375083,Tower Hamlets,5,536870,182684,1,Car,Car,Going Ahead Other,No Skidding/Overturn,On Main CW - Not Rest.,Not At Jct,None,Did Not Leave,None,Front Hit First,Unknown,Male,33,25-34
1220375096,Ealing,27,521196,180071,1,Car,Car,Going Ahead Other,No Skidding/Overturn,On Main CW - Not Rest.,Jct Cleared,None,Did Not Leave,None,Front Hit First,Comm To/From Work,Male,37,35-64
1220375103,Lewisham,7,539535,175154,1,Car,Car,Going Ahead Left Bend,No Skidding/Overturn,On Main CW - Not Rest.,Not At Jct,Hit Parked Veh,Did Not Leave,None,Front Hit First,Jny Part Of Work,Female,30,25-34
1220375104,Wandsworth,10,529473,170755,1,Car,Car,Going Ahead Right Bend,No Skidding/Overturn,On Main CW - Not Rest.,Jct Cleared,None,Did Not Leave,None,Front Hit First,Comm To/From Work,Male,45,35-64
1220375105,Hackney,4,535240,185215,2,Car,Car,Unknown (S/R),Unknown (S/R),Unknown (S/R),Unknown (S/R),Unknown (S/R),Unknown (S/R),Unknown (S/R),Front Hit First,Unknown,Male,34,25-34
1220375106,Sutton,21,529093,162606,1,Private Hire,Private Hire - Licensed,Going Ahead Other,No Skidding/Overturn,On Main CW - Not Rest.,Entering R'about,None,Did Not Leave,None,Front Hit First,Jny Part Of Work,Male,32,25-34
1220375107,Newham,17,542288,183480,1,Car,Car,Going Ahead Other,No Skidding/Overturn,On Main CW - Not Rest.,Jct Mid,None,Did Not Leave,None,Front Hit First,Other/Not Known,Male,38,35-64
1220375107,Newham,17,542288,183480,2,Car,Car,Going Ahead Other,No Skidding/Overturn,On Main CW - Not Rest.,Jct Mid,None,Did Not Leave,None,Front Hit First,Other/Not Known,Male,45,35-64
1220375111,Enfield,32,534199,195529,1,Car,Car,Slowing Or Stopping,No Skidding/Overturn,Footway,Not At Jct,None,Left Cwy Offside,Hit Oth Object,Front Hit First,Jny Part Of Work,Female,41,35-64
1220375118,Greenwich,6,545975,178169,1,Car,Car,Going Ahead Other,No Skidding/Overturn,On Main CW - Not Rest.,Not At Jct,Hit Kerb,Left Cwy Offside/Rebound,Wall Or Fence,Front Hit First,Comm To/From Work,Female,53,35-64
1220375126,Tower Hamlets,5,537881,181002,2,Car,Car,Going Ahead Other,No Skidding/Overturn,On Main CW - Not Rest.,Jct Mid,None,Did Not Leave,None,Front Hit First,Other/Not Known,Female,46,35-64
1220375140,Hammersmith & Fulham,11,522172,178355,1,Taxi,Taxi,Unknown (S/R),Unknown (S/R),Unknown (S/R),Unknown (S/R),Unknown (S/R),Unknown (S/R),Unknown (S/R),Front Hit First,Jny Part Of Work,Male,35,35-64
1220375144,Enfield,32,536225,198125,2,Car,Car,Going Ahead Other,No Skidding/Overturn,On Main CW - Not Rest.,Jct App,None,Did Not Leave,None,Front Hit First,Unknown,Female,57,35-64
1220375150,Redbridge,14,540497,186194,1,Car,Car,Going Ahead Other,No Skidding/Overturn,On Main CW - Not Rest.,Not At Jct,None,Did Not Leave,None,Front Hit First,Other/Not Known,Male,21,17-24
1220375150,Redbridge,14,540497,186194,2,Goods Vehicle,GDS =< 3.5T,Going Ahead Other,No Skidding/Overturn,On Main CW - Not Rest.,Not At Jct,None,Left Cwy Nearside,None,Front Hit First,Jny Part Of Work,Male,35,35-64
1220375159,Camden,2,529072,184867,1,Car,Car,Slowing Or Stopping,No Skidding/Overturn,Lay-by/Hard Shldr,Not At Jct,None,Did Not Leave,None,Front Hit First,Other/Not Known,Female,28,25-34
1220375162,Wandsworth,10,526185,175199,1,Car,Car,Moving Off,No Skidding/Overturn,On Main CW - Not Rest.,Jct Cleared,None,Did Not Leave,None,Front Hit First,Other/Not Known,Male,29,25-34
1220375179,Harrow,29,513699,191256,1,Car,Car,Going Ahead Other,No Skidding/Overturn,On Main CW - Not Rest.,Entering R'about,None,Did Not Leave,None,Front Hit First,Unknown,Male,64,35-64
1220375193,Newham,17,540347,183917,1,Car,Car,Turning Right,No Skidding/Overturn,On Main CW - Not Rest.,Jct Mid,None,Did Not Leave,None,Front Hit First,Unknown,Male,22,17-24
1220375197,Tower Hamlets,5,534595,181319,1,Car,Car,Going Ahead Other,No Skidding/Overturn,On Main CW - Not Rest.,Jct Mid,None,Did Not Leave,None,Front Hit First,Other/Not Known,Male,23,17-24
1220375200,Hackney,4,532578,183662,1,Car,Car,Turning Right,No Skidding/Overturn,On Main CW - Not Rest.,Jct Mid,None,Did Not Leave,None,Front Hit First,Other/Not Known,Female,19,17-24
1220375204,Croydon,20,532277,162682,2,Car,Car,Going Ahead Other,No Skidding/Overturn,On Main CW - Not Rest.,Not At Jct,None,Did Not Leave,None,Front Hit First,Unknown,Male,44,35-64
1220375207,Newham,17,538665,184276,1,Bus Or Coach,London Bus,Slowing Or Stopping,No Skidding/Overturn,Footway,Not At Jct,None,Did Not Leave,None,Front Hit First,Jny Part Of Work,Male,47,35-64
1220375213,Newham,17,541886,183386,1,Car,Car,Unknown (S/R),Unknown (S/R),Unknown (S/R),Not At Jct,Unknown (S/R),Unknown (S/R),Unknown (S/R),Front Hit First,Other/Not Known,Male,35,35-64
1220375217,Hackney,4,532052,186581,1,Car,Car,Turning Right,No Skidding/Overturn,On Main CW - Not Rest.,Jct App,None,Did Not Leave,None,Front Hit First,Other/Not Known,Male,31,25-34
1220375218,Brent,28,521091,186132,2,Car,Car,Reversing,No Skidding/Overturn,On Main CW - Not Rest.,Jct Cleared,None,Did Not Leave,None,Front Hit First,Unknown,Male,51,35-64
1220375231,Hammersmith & Fulham,11,523835,179967,2,Goods Vehicle,GDS => 7.5T,Going Ahead Other,No Skidding/Overturn,On Main CW - Not Rest.,Jct App,None,Did Not Leave,None,Front Hit First,Jny Part Of Work,Male,44,35-64
1220375232,Barnet,30,526332,192306,1,Car,Car,Moving Off,No Skidding/Overturn,On Main CW - Not Rest.,Entering Main Rd,None,Did Not Leave,None,Front Hit First,Unknown,Male,25,25-34
1220375233,Barnet,30,523133,187485,2,Car,Car,Unknown (S/R),Unknown (S/R),Unknown (S/R),Unknown (S/R),Unknown (S/R),Unknown (S/R),Unknown (S/R),Front Hit First,Unknown,Not Traced,27,25-34
1220375241,Havering,15,550645,189752,2,Goods Vehicle,GDS =< 3.5T,Going Ahead Other,No Skidding/Overturn,On Main CW - Not Rest.,Jct App,None,Did Not Leave,None,Front Hit First,Other/Not Known,Male,48,35-64
1220375247,Newham,17,542822,185958,2,Car,Car,Going Ahead Other,No Skidding/Overturn,On Main CW - Not Rest.,Jct Mid,None,Did Not Leave,None,Front Hit First,Other/Not Known,Male,52,35-64
1220375248,Hammersmith & Fulham,11,522539,178415,1,Car,Car,Turning Left,Skid/Over,Footway,Jct App,Hit Bollard,Left Cwy Ahead At Junctn,Hit Rd Sign/Ats,Front Hit First,Unknown,Male,42,35-64
1220375248,Hammersmith & Fulham,11,522539,178415,2,Car,Car,Slowing Or Stopping,No Skidding/Overturn,On Main CW - Not Rest.,Jct App,None,Left Cwy Ahead At Junctn,None,Front Hit First,Unknown,Male,34,25-34
1220375249,Barking & Dagenham,16,543631,183992,1,Car,Car,Slowing Or Stopping,No Skidding/Overturn,On Main CW - Not Rest.,Entering R'about,Hit Parked Veh,Did Not Leave,None,Front Hit First,Unknown,Female,37,35-64
1220375255,Lambeth,9,530156,176014,2,Car,Car,Turning Right,No Skidding/Overturn,On Main CW - Not Rest.,Jct App,None,Did Not Leave,None,Front Hit First,Other/Not Known,Male,33,25-34
1220375257,Lewisham,7,537145,177677,1,Car,Car,Turning Right,No Skidding/Overturn,On Main CW - Not Rest.,Jct Mid,Hit Oth Object,Did Not Leave,None,Front Hit First,Other/Not Known,Male,48,35-64
1220375261,Lambeth,9,531640,176575,1,Car,Car,Turning Left,No Skidding/Overturn,Footway,Jct App,None,Left Cwy Nearside,Wall Or Fence,Front Hit First,Other/Not Known,Male,21,17-24
1220375270,Havering,15,553836,190165,2,Goods Vehicle,GDS =< 3.5T,Going Ahead Other,No Skidding/Overturn,On Main CW - Not Rest.,Jct Mid,Hit Prev Acc,Did Not Leave,None,Front Hit First,Other/Not Known,Male,25,25-34
1220375270,Havering,15,553836,190165,3,Goods Vehicle,GDS =< 3.5T,Going Ahead Other,No Skidding/Overturn,On Main CW - Not Rest.,Jct Mid,Hit Prev Acc,Did Not Leave,None,Front Hit First,Other/Not Known,Male,59,35-64
1220375270,Havering,15,553836,190165,4,Car,Car,Going Ahead Other,No Skidding/Overturn,On Main CW - Not Rest.,Jct Mid,Hit Prev Acc,Did Not Leave,None,Front Hit First,Other/Not Known,Male,61,35-64
1220375274,Kingston-Upon-Thames,23,518218,165355,1,Car,Car,Slowing Or Stopping,No Skidding/Overturn,On Main CW - Not Rest.,Not At Jct,None,Did Not Leave,None,Front Hit First,Comm To/From Work,Male,20,17-24
1220375276,Camden,2,525386,184169,1,Car,Car,Turning Right,No Skidding/Overturn,On Main CW - Not Rest.,Jct Cleared,None,Did Not Leave,None,Front Hit First,Other/Not Known,Male,35,35-64
1220375280,Wandsworth,10,527655,171807,2,Car,Car,Unknown (S/R),Unknown (S/R),Unknown (S/R),Unknown (S/R),Unknown (S/R),Unknown (S/R),Unknown (S/R),Front Hit First,Unknown,Not Traced,22,17-24
1220375296,Hammersmith & Fulham,11,523051,181504,2,Car,Car,Unknown (S/R),Unknown (S/R),Unknown (S/R),Unknown (S/R),Unknown (S/R),Unknown (S/R),Unknown (S/R),Front Hit First,Unknown,Not Traced,47,35-64
1220375297,Wandsworth,10,523234,174644,1,Car,Car,Going Ahead Other,No Skidding/Overturn,On Main CW - Not Rest.,Jct App,None,Did Not Leave,None,Front Hit First,Other/Not Known,Female,19,17-24
1220375297,Wandsworth,10,523234,174644,2,Car,Car,Turning Left,No Skidding/Overturn,On Main CW - Not Rest.,Entering Main Rd,None,Did Not Leave,None,Front Hit First,Unknown,Female,55,35-64
1220375320,Redbridge,14,542180,191497,1,Car,Car,Going Ahead Left Bend,Overturn,On Main CW - Not Rest.,Not At Jct,Hit Parked Veh,Did Not Leave,None,Front Hit First,Pupil Riding To/From Sch,Female,47,35-64
1220375322,Kingston-Upon-Thames,23,518559,169180,1,Car,Car,Going Ahead Other,No Skidding/Overturn,On Main CW - Not Rest.,Jct App,None,Did Not Leave,None,Front Hit First,Jny Part Of Work,Male,42,35-64
1220375333,Tower Hamlets,5,537117,181091,1,Car,Car,Moving Off,No Skidding/Overturn,On Main CW - Not Rest.,Jct Cleared,Hit Oth Object,Did Not Leave,None,Front Hit First,Unknown,Male,21,17-24
1220375334,Hammersmith & Fulham,11,523517,179909,1,Goods Vehicle,GDS =< 3.5T,Turning Right,No Skidding/Overturn,On Main CW - Not Rest.,Entering Main Rd,None,Did Not Leave,None,Front Hit First,Jny Part Of Work,Male,32,25-34
1220375344,Bromley,19,538717,167944,1,Car,Car,Going Ahead Other,No Skidding/Overturn,On Main CW - Not Rest.,Jct Mid,None,Did Not Leave,None,Front Hit First,Other/Not Known,Male,19,17-24
1220375359,Ealing,27,520134,182592,2,Car,Car,Going Ahead Other,Skidded,On Main CW - Not Rest.,Jct Mid,None,Left Cwy Ahead At Junctn,None,Front Hit First,Unknown,Male,68,65+
1220375361,Hackney,4,533549,185246,2,Car,Car,Going Ahead Held Up,No Skidding/Overturn,On Main CW - Not Rest.,Jct App,None,Did Not Leave,None,Front Hit First,Other/Not Known,Male,53,35-64
1220375375,Hounslow,25,513833,175173,1,Car,Car,Overtake Stat Veh O/S,No Skidding/Overturn,On Main CW - Not Rest.,Not At Jct,None,Did Not Leave,None,Front Hit First,Other/Not Known,Female,54,35-64
1220375389,Brent,28,525304,183264,1,Car,Car,Unknown (S/R),Unknown (S/R),Unknown (S/R),Not At Jct,Unknown (S/R),Unknown (S/R),Unknown (S/R),Front Hit First,Comm To/From Work,Female,42,35-64
1220375396,Kingston-Upon-Thames,23,519150,170368,1,Taxi,Taxi,Going Ahead Other,No Skidding/Overturn,On Main CW - Not Rest.,Not At Jct,None,Did Not Leave,None,Front Hit First,Jny Part Of Work,Male,49,35-64
1220375397,Southwark,8,533750,178780,2,Goods Vehicle,Goods Unknown kg (S/R),Unknown (S/R),Unknown (S/R),Unknown (S/R),Unknown (S/R),Unknown (S/R),Unknown (S/R),Unknown (S/R),Front Hit First,Unknown,Female,64,35-64
1220375407,Kensington & Chelsea,12,525431,178708,1,Car,Car,Unknown (S/R),Unknown (S/R),Unknown (S/R),Unknown (S/R),Unknown (S/R),Unknown (S/R),Unknown (S/R),Front Hit First,Unknown,Male,60,35-64
1220375424,Kensington & Chelsea,12,527023,178565,1,Car,Car,Going Ahead Other,No Skidding/Overturn,On Main CW - Not Rest.,Entering Main Rd,None,Did Not Leave,None,Front Hit First,Other/Not Known,Female,52,35-64
1220375430,Lambeth,9,530012,175692,1,Car,Car,Going Ahead Other,No Skidding/Overturn,On Main CW - Not Rest.,Jct Cleared,None,Did Not Leave,None,Front Hit First,Other/Not Known,Female,44,35-64
1220375437,Lambeth,9,529996,174122,1,Car,Car,Turning Right,No Skidding/Overturn,On Main CW - Not Rest.,Entering Main Rd,None,Did Not Leave,None,Front Hit First,Other/Not Known,Female,24,17-24
1220375447,Westminster,1,527710,181094,1,Car,Car,Waiting To Turn Right,No Skidding/Overturn,On Main CW - Not Rest.,Jct App,None,Did Not Leave,None,Front Hit First,Jny Part Of Work,Male,47,35-64
1220375468,Croydon,20,532992,169317,2,Car,Car,Going Ahead Right Bend,Skid/Over,Footway,Jct Cleared,Hit Parked Veh,Left Cwy Nearside,None,Front Hit First,Unknown,Male,29,25-34
1220375471,Greenwich,6,539543,178766,1,Car,Car,Moving Off,No Skidding/Overturn,On Main CW - Not Rest.,Jct Mid,Hit Kerb,Did Not Leave,None,Front Hit First,Other/Not Known,Female,52,35-64
1220375472,Brent,28,524769,184468,1,Car,Car,Going Ahead Other,No Skidding/Overturn,On Main CW - Not Rest.,Not At Jct,None,Did Not Leave,None,Front Hit First,Unknown,Female,22,17-24
1220375480,Lambeth,9,529963,175637,1,Car,Car,Going Ahead Other,No Skidding/Overturn,On Main CW - Not Rest.,Jct App,None,Left Cwy Nearside,None,Front Hit First,Comm To/From Work,Male,26,25-34
1220375494,Hackney,4,533177,184806,1,Car,Car,Moving Off,No Skidding/Overturn,On Main CW - Not Rest.,Jct App,None,Did Not Leave,None,Front Hit First,Comm To/From Work,Female,38,35-64
1220375499,Lewisham,7,537857,175997,1,Goods Vehicle,GDS =< 3.5T,Turning Right,Skidded,On Main CW - Not Rest.,Entering Main Rd,None,Did Not Leave,None,Front Hit First,Jny Part Of Work,Male,51,35-64
1220375527,Hammersmith & Fulham,11,523040,181473,1,Car,Car,Turning Right,No Skidding/Overturn,On Main CW - Not Rest.,Jct App,None,Left Cwy Offside,None,Front Hit First,Comm To/From Work,Female,39,35-64
1220375546,Hammersmith & Fulham,11,523478,178095,1,Car,Car,Turning Left,No Skidding/Overturn,On Main CW - Not Rest.,Jct App,None,Did Not Leave,None,Front Hit First,Comm To/From Work,Female,63,35-64
1220375548,Sutton,21,525771,165150,1,Goods Vehicle,GDS =< 3.5T,Turning Right,No Skidding/Overturn,On Main CW - Not Rest.,Jct App,None,Did Not Leave,None,Front Hit First,Jny Part Of Work,Male,37,35-64
1220375552,Ealing,27,517679,179141,1,Car,Car,U-turning,No Skidding/Overturn,On Main CW - Not Rest.,Jct App,None,Did Not Leave,None,Front Hit First,Unknown,Male,54,35-64
1220375563,Westminster,1,529851,180965,2,Goods Vehicle,GDS =< 3.5T,Turning Right,No Skidding/Overturn,On Main CW - Not Rest.,Jct Cleared,None,Did Not Leave,None,Front Hit First,Jny Part Of Work,Male,32,25-34
1220375565,Westminster,1,529764,180702,1,Taxi,Taxi,Going Ahead Right Bend,No Skidding/Overturn,On Main CW - Not Rest.,Jct Mid,None,Did Not Leave,None,Front Hit First,Other/Not Known,Male,65,65+
1220375571,Enfield,32,532608,200692,2,Car,Car,Going Ahead Other,No Skidding/Overturn,On Main CW - Not Rest.,Not At Jct,None,Did Not Leave,None,Front Hit First,Comm To/From Work,Male,49,35-64
1220375576,Lambeth,9,532639,173066,2,Goods Vehicle,GDS 3.5-7.5T,Going Ahead Other,No Skidding/Overturn,On Main CW - Not Rest.,Jct Mid,None,Did Not Leave,None,Front Hit First,Unknown,Male,43,35-64
1220375580,Tower Hamlets,5,534496,181728,1,Car,Car,Unknown (S/R),Unknown (S/R),Unknown (S/R),Unknown (S/R),Unknown (S/R),Unknown (S/R),Unknown (S/R),Front Hit First,Unknown,Not Traced,31,25-34
1220375590,Barking & Dagenham,16,544644,184635,1,Car,Car,Unknown (S/R),Unknown (S/R),Unknown (S/R),Unknown (S/R),Unknown (S/R),Unknown (S/R),Unknown (S/R),Front Hit First,Other/Not Known,Female,30,25-34
1220375592,Newham,17,540423,180734,1,Car,Car,Unknown (S/R),No Skidding/Overturn,On Main CW - Not Rest.,Not At Jct,None,Did Not Leave,None,Front Hit First,Comm To/From Work,Female,28,25-34
1220375594,Hounslow,25,518862,178014,1,Car,Car,Turning Left,No Skidding/Overturn,On Main CW - Not Rest.,Entering Main Rd,None,Did Not Leave,None,Front Hit First,Unknown,Female,31,25-34
1220375599,Enfield,32,534551,198324,1,Goods Vehicle,GDS => 7.5T,Going Ahead Other,Skidded,On Main CW - Not Rest.,Not At Jct,None,Did Not Leave,None,Front Hit First,Jny Part Of Work,Male,43,35-64
1220375605,Hackney,4,534115,187895,1,Car,Car,Unknown (S/R),Unknown (S/R),Unknown (S/R),Not At Jct,Unknown (S/R),Unknown (S/R),Unknown (S/R),Front Hit First,Other/Not Known,Male,60,35-64
1220375607,Haringey,31,530846,190377,1,Car,Car,Turning Right,No Skidding/Overturn,On Main CW - Not Rest.,Jct App,None,Did Not Leave,None,Front Hit First,Unknown,Male,19,17-24
1220375618,Redbridge,14,542228,191863,1,Car,Car,Turning Left,No Skidding/Overturn,Footway,Jct Cleared,Hit Oth Object,Left Cwy Nearside,Wall Or Fence,Front Hit First,Unknown,Female,46,35-64
1220375627,Croydon,20,533043,165456,2,Car,Car,Going Ahead Other,No Skidding/Overturn,On Main CW - Not Rest.,Jct App,None,Did Not Leave,None,Front Hit First,Comm To/From Work,Female,54,35-64
1220375628,Hammersmith & Fulham,11,523867,178225,2,Car,Car,Going Ahead Other,No Skidding/Overturn,On Main CW - Not Rest.,Entering R'about,None,Did Not Leave,None,Front Hit First,Unknown,Male,18,17-24
1220375651,Brent,28,518816,188575,1,Car,Car,Going Ahead Other,No Skidding/Overturn,On Main CW - Not Rest.,Not At Jct,None,Left Cwy Offside,Hit Lamp Post,Front Hit First,Other/Not Known,Male,47,35-64
1220375652,Lambeth,9,530967,175172,1,Car,Car,Going Ahead Other,No Skidding/Overturn,On Main CW - Not Rest.,Not At Jct,None,Did Not Leave,None,Front Hit First,Jny Part Of Work,Male,67,65+
1220375655,Havering,15,554020,189837,1,Car,Car,Going Ahead Right Bend,No Skidding/Overturn,On Main CW - Not Rest.,Not At Jct,None,Left Cwy Nearside,Hit Lamp Post,Front Hit First,Other/Not Known,Male,20,17-24
1220375672,Wandsworth,10,524768,174500,2,Car,Car,Going Ahead Other,No Skidding/Overturn,On Main CW - Not Rest.,Not At Jct,None,Did Not Leave,None,Front Hit First,Other/Not Known,Male,23,17-24
1220375675,Havering,15,552127,187642,1,Car,Car,Going Ahead Right Bend,No Skidding/Overturn,On Main CW - Not Rest.,Jct Cleared,None,Did Not Leave,None,Front Hit First,Other/Not Known,Female,28,25-34
1220375675,Havering,15,552127,187642,2,Car,Car,Going Ahead Other,No Skidding/Overturn,On Main CW - Not Rest.,Jct App,None,Did Not Leave,None,Front Hit First,Jny Part Of Work,Male,41,35-64
1220375686,Southwark,8,531933,179122,1,Car,Car,Unknown (S/R),Unknown (S/R),Unknown (S/R),Unknown (S/R),Unknown (S/R),Unknown (S/R),Unknown (S/R),Front Hit First,Other/Not Known,Female,20,17-24
1220375701,Hackney,4,533451,187567,2,Car,Car,Unknown (S/R),Unknown (S/R),Unknown (S/R),Unknown (S/R),Unknown (S/R),Unknown (S/R),Unknown (S/R),Front Hit First,Unknown,Male,24,17-24
1220375718,Harrow,29,513641,186402,2,Car,Car,Going Ahead Other,No Skidding/Overturn,On Main CW - Not Rest.,Jct Mid,None,Did Not Leave,None,Front Hit First,Other/Not Known,Female,59,35-64
1220375721,Newham,17,540937,185069,2,Car,Car,Waiting To Turn Right,No Skidding/Overturn,On Main CW - Not Rest.,Leaving Main Rd,None,Did Not Leave,None,Front Hit First,Unknown,Male,39,35-64
1220375725,Haringey,31,534235,189242,1,Car,Car,Turning Right,No Skidding/Overturn,On Main CW - Not Rest.,Entering Main Rd,None,Did Not Leave,None,Front Hit First,Comm To/From Work,Female,26,25-34