_Collision Id,Borough Name,Borough Number,Easting,Northing,_Vehicle Id,Vehicle Type Banded,Vehicle Type,Vehicle Manoeuvres,Vehicle Skidding and Overturning,Vehicle Restricted Lane,Location of Vehicle at First Impact,Vehicle Hit Object in Carriageway,Vehicle Leaving Carriageway,Vehicle Hit Object Off Carriageway,First Point of Impact,Journey Purpose,Driver Gender,Driver Age,Driver age (Banded)
1220378521,Westminster,1,529616,180772,4,Goods Vehicle,GDS =< 3.5T,Moving Off,No Skidding/Overturn,On Main CW - Not Rest.,Jct App,None,Did Not Leave,None,Front Hit First,Unknown,Male,46,35-64
1220378526,Sutton,21,522941,165485,1,Car,Car,Moving Off,No Skidding/Overturn,On Main CW - Not Rest.,Not At Jct,None,Left Cwy Nearside,Hit Lamp Post,Front Hit First,Other/Not Known,Male,76,65+
1220378529,Redbridge,14,546637,188821,1,Car,Car,Going Ahead Other,Unknown (S/R),Unknown (S/R),Not At Jct,Unknown (S/R),Unknown (S/R),Unknown (S/R),Front Hit First,Unknown,Female,37,35-64
1220378547,Hounslow,25,512760,172103,1,Car,Car,Going Ahead Held Up,No Skidding/Overturn,On Main CW - Not Rest.,Entering R'about,None,Did Not Leave,None,Front Hit First,Comm To/From Work,Male,29,25-34
1220378553,Lambeth,9,529696,175445,1,Car,Car,Turning Right,No Skidding/Overturn,On Main CW - Not Rest.,Leaving Main Rd,None,Did Not Leave,None,Front Hit First,Unknown,Male,41,35-64
1220378559,Merton,22,524639,168618,1,Car,Car,Going Ahead Other,No Skidding/Overturn,On Main CW - Not Rest.,Not At Jct,Hit Parked Veh,Did Not Leave,None,Front Hit First,Comm To/From Work,Male,49,35-64
1220378583,Hillingdon,26,512247,186083,2,Car,Car,Unknown (S/R),Unknown (S/R),Unknown (S/R),Unknown (S/R),Unknown (S/R),Unknown (S/R),Unknown (S/R),Front Hit First,Unknown,Not Traced,21,17-24
1220378587,Enfield,32,536667,197705,1,Car,Car,Moving Off,Skidded,Footway,Not At Jct,Hit Kerb,Did Not Leave,None,Front Hit First,Other/Not Known,Male,22,17-24
1220378597,Newham,17,543144,185977,1,Car,Car,Going Ahead Other,No Skidding/Overturn,On Main CW - Not Rest.,Jct App,None,Did Not Leave,None,Front Hit First,Other/Not Known,Male,47,35-64
1220378602,Croydon,20,532543,165260,1,Car,Car,Moving Off,No Skidding/Overturn,On Main CW - Not Rest.,Entering R'about,None,Did Not Leave,None,Front Hit First,Unknown,Male,55,35-64
1220378604,Harrow,29,512403,190760,1,Car,Car,Going Ahead Other,No Skidding/Overturn,On Main CW - Not Rest.,Not At Jct,Hit Parked Veh,Did Not Leave,None,Front Hit First,Other/Not Known,Male,86,65+
1220378610,Croydon,20,530769,169595,2,Car,Car,U-turning,No Skidding/Overturn,On Main CW - Not Rest.,Not At Jct,None,Did Not Leave,None,Front Hit First,Unknown,Male,24,17-24
1220378613,Enfield,32,536041,199929,1,Car,Car,Going Ahead Other,No Skidding/Overturn,On Main CW - Not Rest.,Not At Jct,None,Did Not Leave,None,Front Hit First,Comm To/From Work,Female,33,25-34
1220378614,Redbridge,14,544180,185983,2,Car,Car,Going Ahead Other,No Skidding/Overturn,On Main CW - Not Rest.,Entering R'about,None,Did Not Leave,None,Front Hit First,Jny Part Of Work,Male,23,17-24
1220378625,Croydon,20,532764,167939,1,Car,Car,Going Ahead Other,Skid/Over,On Main CW - Not Rest.,Not At Jct,None,Did Not Leave,None,Front Hit First,Unknown,Female,47,35-64
1220378634,Southwark,8,533174,177589,1,Car,Car,Turning Right,No Skidding/Overturn,On Main CW - Not Rest.,Jct App,None,Did Not Leave,None,Front Hit First,Other/Not Known,Male,30,25-34
1220378669,Lambeth,9,529766,175483,1,Car,Car,Change Lane To Left,No Skidding/Overturn,On Main CW - Not Rest.,Not At Jct,None,Did Not Leave,None,Front Hit First,Other/Not Known,Male,38,35-64
1220378671,Westminster,1,527578,181167,1,Car,Car,Overtake Stat Veh O/S,No Skidding/Overturn,On Main CW - Not Rest.,Jct App,None,Did Not Leave,None,Front Hit First,Unknown,Male,33,25-34
1220378671,Westminster,1,527578,181167,2,Taxi,Taxi,Going Ahead Other,No Skidding/Overturn,On Main CW - Not Rest.,Jct Mid,None,Did Not Leave,None,Front Hit First,Jny Part Of Work,Male,56,35-64
1220378712,Sutton,21,526162,164102,3,Car,Car,Slowing Or Stopping,No Skidding/Overturn,On Main CW - Not Rest.,Jct App,None,Did Not Leave,None,Front Hit First,Other/Not Known,Male,38,35-64
1220378722,Lewisham,7,537689,170946,1,Car,Car,Going Ahead Other,No Skidding/Overturn,On Main CW - Not Rest.,Jct Mid,None,Left Cwy Offside,Hit Lamp Post,Front Hit First,Unknown,Female,35,35-64
1220378730,Harrow,29,514667,186903,1,Car,Car,Turning Right,No Skidding/Overturn,On Main CW - Not Rest.,Jct App,None,Did Not Leave,None,Front Hit First,Other/Not Known,Male,31,25-34
1220378731,Barnet,30,525087,195858,1,Car,Car,Going Ahead Other,No Skidding/Overturn,On Main CW - Not Rest.,Jct Mid,None,Did Not Leave,None,Front Hit First,Unknown,Male,52,35-64
1220378735,Ealing,27,512909,184726,2,Car,Car,Going Ahead Other,No Skidding/Overturn,On Main CW - Not Rest.,Not At Jct,None,Did Not Leave,None,Front Hit First,Taking Pupil To/From Sch,Female,39,35-64
1220378746,Westminster,1,529239,180691,1,Car,Car,Unknown (S/R),Unknown (S/R),Unknown (S/R),Unknown (S/R),Unknown (S/R),Unknown (S/R),Unknown (S/R),Front Hit First,Unknown,Not Traced,59,35-64
1220378749,Lambeth,9,531974,172059,2,Goods Vehicle,GDS =< 3.5T,Moving Off,No Skidding/Overturn,On Main CW - Not Rest.,Jct App,None,Did Not Leave,None,Front Hit First,Jny Part Of Work,Male,51,35-64
1220378765,Westminster,1,529083,179164,2,Taxi,Taxi,Going Ahead Other,No Skidding/Overturn,On Main CW - Not Rest.,Jct App,None,Did Not Leave,None,Front Hit First,Jny Part Of Work,Male,53,35-64
1220378776,Southwark,8,532426,177798,1,Private Hire,Private Hire - Licensed,Going Ahead Other,No Skidding/Overturn,On Main CW - Not Rest.,Jct App,None,Did Not Leave,None,Front Hit First,Jny Part Of Work,Male,68,65+
1220378776,Southwark,8,532426,177798,2,Other Vehicle,Other Vehicle,Going Ahead Other,No Skidding/Overturn,On Main CW - Not Rest.,Jct App,None,Did Not Leave,None,Front Hit First,Jny Part Of Work,Male,18,17-24
1220378782,Enfield,32,534231,192974,1,Car,Car,Going Ahead Other,Skidded,On Main CW - Not Rest.,Jct App,Hit Kerb,Left Cwy Offside,None,Front Hit First,Unknown,Male,27,25-34
1220378782,Enfield,32,534231,192974,2,Car,Car,Going Ahead Other,Skidded,Busway,Entering Main Rd,None,Did Not Leave,None,Front Hit First,Unknown,Female,54,35-64
1220378786,Waltham Forest,13,537404,188673,1,Car,Car,Turning Right,No Skidding/Overturn,On Main CW - Not Rest.,Jct App,None,Did Not Leave,None,Front Hit First,Unknown,Male,33,25-34
1220378796,Westminster,1,530559,180777,1,Goods Vehicle,GDS =< 3.5T,Reversing,No Skidding/Overturn,Footway,Jct Cleared,None,Did Not Leave,None,Front Hit First,Jny Part Of Work,Male,50,35-64
1220378808,Havering,15,551301,184001,2,Car,Car,Going Ahead Other,No Skidding/Overturn,On Main CW - Not Rest.,Entering R'about,None,Did Not Leave,None,Front Hit First,Unknown,Male,22,17-24
1220378810,Sutton,21,525991,164646,1,Car,Car,Turning Right,No Skidding/Overturn,On Main CW - Not Rest.,Jct Cleared,None,Did Not Leave,None,Front Hit First,Taking Pupil To/From Sch,Female,36,35-64
1220378818,Havering,15,551884,189182,1,Car,Car,Going Ahead Right Bend,Overturn,On Main CW - Not Rest.,Not At Jct,Hit Kerb,Did Not Leave,None,Front Hit First,Unknown,Female,34,25-34
1220378829,Barnet,30,518588,193053,1,Car,Car,Going Ahead Other,No Skidding/Overturn,On Main CW - Not Rest.,Entering R'about,Hit Bollard,Did Not Leave,None,Front Hit First,Comm To/From Work,Male,24,17-24
1220378835,Islington,3,531242,184761,1,Car,Car,Turning Right,No Skidding/Overturn,On Main CW - Not Rest.,Jct Mid,None,Did Not Leave,None,Front Hit First,Other/Not Known,Male,59,35-64
1220378854,Barking & Dagenham,16,549494,185376,2,Car,Car,Going Ahead Other,No Skidding/Overturn,On Main CW - Not Rest.,Jct Mid,None,Did Not Leave,None,Front Hit First,Other/Not Known,Female,49,35-64
1220378867,Wandsworth,10,525249,174899,1,Car,Car,Slowing Or Stopping,No Skidding/Overturn,On Main CW - Not Rest.,Not At Jct,Hit Parked Veh,Did Not Leave,None,Front Hit First,Comm To/From Work,Male,36,35-64
1220378882,Brent,28,520265,184045,1,Goods Vehicle,GDS =< 3.5T,Turning Left,No Skidding/Overturn,On Main CW - Not Rest.,Leaving Main Rd,None,Did Not Leave,None,Front Hit First,Jny Part Of Work,Male,42,35-64
1220378883,Redbridge,14,542651,189034,1,Car,Car,Slowing Or Stopping,No Skidding/Overturn,On Main CW - Not Rest.,Not At Jct,None,Did Not Leave,None,Front Hit First,Other/Not Known,Female,66,65+
1220378884,Hillingdon,26,505679,176986,1,Car,Car,Waiting To Turn Left,No Skidding/Overturn,On Main CW - Not Rest.,Jct App,None,Did Not Leave,None,Front Hit First,Jny Part Of Work,Male,25,25-34
1220378887,Brent,28,520560,186471,2,Car,Car,Going Ahead Other,No Skidding/Overturn,On Main CW - Not Rest.,Jct App,None,Did Not Leave,None,Front Hit First,Other/Not Known,Female,52,35-64
1220378891,Hammersmith & Fulham,11,522814,178549,1,Other Vehicle,Other Vehicle,Turning Left,No Skidding/Overturn,Cycleway/Footway (Separated),Jct App,None,Did Not Leave,None,Front Hit First,Unknown,Female,40,35-64
1220378917,Westminster,1,530661,180991,1,Goods Vehicle,GDS =< 3.5T,Moving Off,No Skidding/Overturn,On Main CW - Not Rest.,Not At Jct,None,Did Not Leave,None,Front Hit First,Jny Part Of Work,Male,23,17-24
1220378937,Barnet,30,522853,191437,2,Car,Car,Going Ahead Other,No Skidding/Overturn,On Main CW - Not Rest.,Jct Mid,None,Did Not Leave,None,Front Hit First,Other/Not Known,Female,44,35-64
1220378941,Bromley,19,546516,169338,1,Car,Car,Unknown (S/R),Unknown (S/R),Unknown (S/R),Not At Jct,Unknown (S/R),Unknown (S/R),Unknown (S/R),Front Hit First,Unknown,Not Traced,32,25-34
1220378951,Barnet,30,520830,195213,1,Car,Car,Going Ahead Other,No Skidding/Overturn,On Main CW - Not Rest.,Jct App,None,Left Cwy Onto Central Res,Hit Central Bar,Front Hit First,Other/Not Known,Male,41,35-64
1220378952,Hammersmith & Fulham,11,522989,181788,1,Car,Car,Moving Off,No Skidding/Overturn,Leaving Lay-by/Hard Shldr,Not At Jct,None,Did Not Leave,None,Front Hit First,Unknown,Female,50,35-64
1220378953,Lambeth,9,532364,171108,1,Car,Car,Going Ahead Other,No Skidding/Overturn,On Main CW - Not Rest.,Jct App,None,Did Not Leave,None,Front Hit First,Unknown,Female,33,25-34
1220378973,Hillingdon,26,506735,182054,1,Car,Car,Going Ahead Other,No Skidding/Overturn,On Main CW - Not Rest.,Entering R'about,None,Did Not Leave,None,Front Hit First,Other/Not Known,Female,28,25-34
1220378973,Hillingdon,26,506735,182054,2,Car,Car,Going Ahead Other,No Skidding/Overturn,On Main CW - Not Rest.,Entering R'about,None,Did Not Leave,None,Front Hit First,Other/Not Known,Female,69,65+
1220378979,Harrow,29,517974,190764,2,Car,Car,Turning Left,No Skidding/Overturn,On Main CW - Not Rest.,Entering Main Rd,None,Left Cwy Cross Cent/Res,None,Front Hit First,Other/Not Known,Female,23,17-24
1220378981,Barking & Dagenham,16,549798,186446,1,Car,Car,Slowing Or Stopping,No Skidding/Overturn,On Main CW - Not Rest.,Jct App,None,Did Not Leave,None,Front Hit First,Comm To/From Work,Male,56,35-64
1220378989,Bromley,19,541555,163393,1,Car,Car,Going Ahead Left Bend,No Skidding/Overturn,On Main CW - Not Rest.,Not At Jct,Hit Kerb,Left Cwy Offside,Wall Or Fence,Front Hit First,Other/Not Known,Male,21,17-24
1220378993,Richmond-Upon-Thames,24,521758,175456,1,Car,Car,Turning Right,No Skidding/Overturn,On Main CW - Not Rest.,Jct Mid,None,Did Not Leave,None,Front Hit First,Unknown,Male,20,17-24
1220378994,Bromley,19,546972,168048,1,Goods Vehicle,GDS =< 3.5T,Going Ahead Other,No Skidding/Overturn,On Main CW - Not Rest.,Jct App,None,Did Not Leave,None,Front Hit First,Unknown,Male,35,35-64
1220378995,Harrow,29,515812,188272,1,Car,Car,Turning Right,No Skidding/Overturn,On Main CW - Not Rest.,Jct Mid,None,Did Not Leave,None,Front Hit First,Other/Not Known,Male,40,35-64
1220378999,Haringey,31,532927,191330,1,Car,Car,Turning Right,No Skidding/Overturn,On Main CW - Not Rest.,Entering Main Rd,None,Left Cwy Ahead At Junctn,Hit Lamp Post,Front Hit First,Unknown,Male,24,17-24
1220379008,Hillingdon,26,508892,184552,1,Car,Car,Going Ahead Other,No Skidding/Overturn,On Main CW - Not Rest.,Not At Jct,None,Did Not Leave,None,Front Hit First,Unknown,Male,61,35-64
1220379008,Hillingdon,26,508892,184552,3,Car,Car,Going Ahead Other,No Skidding/Overturn,On Main CW - Not Rest.,Not At Jct,None,Did Not Leave,None,Front Hit First,Other/Not Known,Male,19,17-24
1220379009,Kensington & Chelsea,12,526239,178434,1,Car,Car,Going Ahead Other,No Skidding/Overturn,On Main CW - Not Rest.,Jct Mid,None,Did Not Leave,None,Front Hit First,Other/Not Known,Male,24,17-24
1220379012,Richmond-Upon-Thames,24,516605,174876,1,Car,Car,Going Ahead Right Bend,Skidded,On Main CW - Not Rest.,Jct App,None,Left Cwy Offside,Hit Tree,Front Hit First,Unknown,Male,27,25-34
1220379016,Lewisham,7,535850,174130,1,Car,Car,Going Ahead Other,No Skidding/Overturn,Footway,Not At Jct,Hit Kerb,Left Cwy Offside,Hit Lamp Post,Front Hit First,Other/Not Known,Female,38,35-64
1220379017,Bromley,19,547008,168182,1,Car,Car,Going Ahead Other,No Skidding/Overturn,Busway,Leaving Main Rd,Hit Parked Veh,Did Not Leave,None,Front Hit First,Other/Not Known,Male,18,17-24
1220379026,Brent,28,516995,185147,1,Car,Car,Going Ahead Other,No Skidding/Overturn,On Main CW - Not Rest.,Entering R'about,None,Did Not Leave,None,Front Hit First,Comm To/From Work,Female,44,35-64
1220379063,Kensington & Chelsea,12,523605,181973,1,Car,Car,Going Ahead Other,No Skidding/Overturn,On Main CW - Not Rest.,Entering R'about,None,Did Not Leave,None,Front Hit First,Jny Part Of Work,Male,23,17-24
1220379065,Enfield,32,531029,195515,1,Car,Car,Turning Left,No Skidding/Overturn,On Main CW - Not Rest.,Entering Main Rd,None,Did Not Leave,None,Front Hit First,Unknown,Female,51,35-64
1220379079,Barking & Dagenham,16,545294,183174,1,Car,Car,Unknown (S/R),Unknown (S/R),Unknown (S/R),Unknown (S/R),Unknown (S/R),Unknown (S/R),Unknown (S/R),Front Hit First,Other/Not Known,Female,31,25-34
1220379085,Ealing,27,520234,182478,1,Car,Car,Turning Right,No Skidding/Overturn,On Main CW - Not Rest.,Jct App,None,Did Not Leave,None,Front Hit First,Other/Not Known,Female,32,25-34
1220379085,Ealing,27,520234,182478,2,Goods Vehicle,GDS =< 3.5T,Going Ahead Other,No Skidding/Overturn,On Main CW - Not Rest.,Jct App,None,Did Not Leave,None,Front Hit First,Other/Not Known,Male,47,35-64
1220379090,Wandsworth,10,528855,177099,2,Car,Car,Going Ahead Other,No Skidding/Overturn,On Main CW - Not Rest.,Jct App,None,Did Not Leave,None,Front Hit First,Unknown,Male,36,35-64
1220379096,Hillingdon,26,509914,178975,1,Car,Car,Turning Right,No Skidding/Overturn,On Main CW - Not Rest.,Leaving Main Rd,None,Did Not Leave,None,Front Hit First,Other/Not Known,Male,67,65+
1220379109,Redbridge,14,546949,187633,3,Car,Car,Going Ahead Other,No Skidding/Overturn,On Main CW - Not Rest.,Jct App,None,Did Not Leave,None,Front Hit First,Other/Not Known,Male,78,65+
1220379128,Ealing,27,512272,184087,1,Car,Car,Going Ahead Other,No Skidding/Overturn,On Main CW - Not Rest.,Jct Cleared,None,Did Not Leave,None,Front Hit First,Other/Not Known,Male,21,17-24
1220379131,Bromley,19,535224,169218,1,Car,Car,Going Ahead Other,No Skidding/Overturn,On Main CW - Not Rest.,Jct App,None,Did Not Leave,None,Front Hit First,Unknown,Male,34,25-34
1220379131,Bromley,19,535224,169218,2,Car,Car,Turning Right,No Skidding/Overturn,On Main CW - Not Rest.,Jct App,None,Did Not Leave,None,Front Hit First,Other/Not Known,Male,54,35-64
1220379137,Hounslow,25,510262,172487,2,Car,Car,Going Ahead Other,No Skidding/Overturn,On Main CW - Not Rest.,Jct App,None,Did Not Leave,None,Front Hit First,Other/Not Known,Male,24,17-24
1220379141,Newham,17,541102,184180,1,Car,Car,Going Ahead Other,No Skidding/Overturn,On Main CW - Not Rest.,Jct App,None,Left Cwy Offside,None,Front Hit First,Other/Not Known,Male,19,17-24
1220379146,Westminster,1,528986,179104,2,Bus Or Coach,London Bus,Moving Off,No Skidding/Overturn,Bus Lane,Entering Main Rd,None,Did Not Leave,None,Front Hit First,Jny Part Of Work,Male,21,17-24
1220379147,Haringey,31,533895,189529,1,Car,Car,Change Lane To Left,No Skidding/Overturn,On Main CW - Not Rest.,Not At Jct,None,Did Not Leave,None,Front Hit First,Comm To/From Work,Female,27,25-34
1220379147,Haringey,31,533895,189529,3,Car,Car,Going Ahead Other,No Skidding/Overturn,On Main CW - Not Rest.,Not At Jct,None,Did Not Leave,None,Front Hit First,Comm To/From Work,Female,32,25-34
1220379148,Haringey,31,534298,189589,1,Car,Car,Slowing Or Stopping,No Skidding/Overturn,On Main CW - Not Rest.,Jct App,None,Did Not Leave,None,Front Hit First,Other/Not Known,Male,32,25-34
1220379153,Lambeth,9,529998,175670,1,Bus Or Coach,London Bus,Going Ahead Other,No Skidding/Overturn,Bus Lane,Not At Jct,None,Did Not Leave,None,Front Hit First,Jny Part Of Work,Male,28,25-34
1220379154,Lambeth,9,529297,175329,2,Car,Car,Unknown (S/R),Unknown (S/R),Unknown (S/R),Unknown (S/R),Unknown (S/R),Unknown (S/R),Unknown (S/R),Front Hit First,Unknown,Male,42,35-64
1220379158,Havering,15,553186,190324,1,Car,Car,Going Ahead Other,No Skidding/Overturn,On Main CW - Not Rest.,Jct Cleared,None,Did Not Leave,None,Front Hit First,Jny Part Of Work,Female,66,65+
1220379160,Enfield,32,532485,192565,1,Car,Car,Slowing Or Stopping,No Skidding/Overturn,On Main CW - Not Rest.,Not At Jct,None,Did Not Leave,None,Front Hit First,Unknown,Male,25,25-34
1220379163,Redbridge,14,540301,188050,1,Car,Car,Turning Right,No Skidding/Overturn,On Main CW - Not Rest.,Entering Main Rd,Hit Kerb,Left Cwy Nearside,Wall Or Fence,Front Hit First,Other/Not Known,Male,19,17-24
1220379177,Croydon,20,531283,169974,1,Car,Car,Going Ahead Other,No Skidding/Overturn,On Main CW - Not Rest.,Jct Mid,Hit Parked Veh,Did Not Leave,None,Front Hit First,Other/Not Known,Male,27,25-34
1220379178,Hammersmith & Fulham,11,522854,178375,1,Car,Car,Going Ahead Other,No Skidding/Overturn,On Main CW - Not Rest.,Not At Jct,None,Did Not Leave,None,Front Hit First,Other/Not Known,Male,49,35-64
1220379183,Waltham Forest,13,538095,186412,1,Car,Car,Going Ahead Other,Overturn,On Main CW - Not Rest.,Leaving Main Rd,Hit Parked Veh,Did Not Leave,None,Front Hit First,Unknown,Male,53,35-64
1220379195,Croydon,20,532420,164879,1,Car,Car,Going Ahead Other,Overturn,On Main CW - Not Rest.,Jct Cleared,Hit Kerb,Left Cwy Nearside,Hit Lamp Post,Front Hit First,Unknown,Male,32,25-34
1220379203,Merton,22,522347,168302,1,Car,Car,Unknown (S/R),Unknown (S/R),Unknown (S/R),Unknown (S/R),Unknown (S/R),Unknown (S/R),Unknown (S/R),Front Hit First,Other/Not Known,Male,29,25-34
1220379212,Hackney,4,533909,187999,1,Car,Car,Going Ahead Other,No Skidding/Overturn,On Main CW - Not Rest.,Not At Jct,None,Did Not Leave,None,Front Hit First,Other/Not Known,Female,52,35-64
1220379212,Hackney,4,533909,187999,2,Car,Car,Going Ahead Other,No Skidding/Overturn,On Main CW - Not Rest.,Not At Jct,None,Did Not Leave,None,Front Hit First,Other/Not Known,Male,48,35-64
1220379214,Westminster,1,525394,182019,1,Car,Car,U-turning,No Skidding/Overturn,On Main CW - Not Rest.,Jct App,None,Did Not Leave,None,Front Hit First,Comm To/From Work,Male,45,35-64
1220379225,Barnet,30,527469,192745,3,Car,Car,Going Ahead Other,No Skidding/Overturn,On Main CW - Not Rest.,Jct Cleared,None,Did Not Leave,None,Front Hit First,Unknown,Male,22,17-24
1220379231,Lambeth,9,531666,174443,1,Car,Car,Going Ahead Other,No Skidding/Overturn,On Main CW - Not Rest.,Jct App,None,Did Not Leave,None,Front Hit First,Jny Part Of Work,Male,63,35-64
1220379232,Barking & Dagenham,16,545710,184673,1,Car,Car,Slowing Or Stopping,No Skidding/Overturn,On Main CW - Not Rest.,Jct App,None,Did Not Leave,None,Front Hit First,Other/Not Known,Male,46,35-64
1220379238,Tower Hamlets,5,537291,182853,2,Car,Car,Unknown (S/R),Unknown (S/R),On Main CW - Not Rest.,Leaving Main Rd,Unknown (S/R),Unknown (S/R),Unknown (S/R),Front Hit First,Unknown,Male,37,35-64
1220379245,Redbridge,14,544182,189553,1,Car,Car,Going Ahead Other,No Skidding/Overturn,On Main CW - Not Rest.,Not At Jct,None,Did Not Leave,None,Front Hit First,Unknown,Male,26,25-34
1220379254,Waltham Forest,13,537554,190628,2,Car,Car,Overtake Move Veh O/S,No Skidding/Overturn,On Main CW - Not Rest.,Not At Jct,None,Did Not Leave,None,Front Hit First,Other/Not Known,Female,40,35-64
1220379257,Havering,15,556955,184810,1,Car,Car,Going Ahead Left Bend,No Skidding/Overturn,On Main CW - Not Rest.,Jct App,None,Did Not Leave,None,Front Hit First,Other/Not Known,Female,54,35-64
1220379258,Sutton,21,530273,164029,1,Car,Car,Unknown (S/R),Unknown (S/R),Unknown (S/R),Unknown (S/R),Unknown (S/R),Unknown (S/R),Unknown (S/R),Front Hit First,Jny Part Of Work,Not Traced,35,35-64
1220379259,Newham,17,538975,184317,2,Car,Car,Unknown (S/R),No Skidding/Overturn,On Main CW - Not Rest.,Not At Jct,None,Did Not Leave,None,Front Hit First,Unknown,Male,28,25-34
1220379276,Hillingdon,26,511119,184439,1,Car,Car,Unknown (S/R),Unknown (S/R),Unknown (S/R),Unknown (S/R),Unknown (S/R),Unknown (S/R),Unknown (S/R),Front Hit First,Comm To/From Work,Male,29,25-34
1220379278,Redbridge,14,544360,188168,2,Car,Car,Going Ahead Other,No Skidding/Overturn,On Main CW - Not Rest.,Not At Jct,None,Did Not Leave,None,Front Hit First,Unknown,Male,34,25-34
1220379308,Hammersmith & Fulham,11,525955,176241,1,Car,Car,Going Ahead Left Bend,No Skidding/Overturn,On Main CW - Not Rest.,Not At Jct,None,Left Cwy Nearside,Wall Or Fence,Front Hit First,Other/Not Known,Female,25,25-34
1220379308,Hammersmith & Fulham,11,525955,176241,2,Car,Car,Going Ahead Right Bend,No Skidding/Overturn,On Main CW - Not Rest.,Not At Jct,None,Did Not Leave,None,Front Hit First,Other/Not Known,Male,25,25-34
1220379309,Hillingdon,26,509311,178353,1,Car,Car,Going Ahead Other,No Skidding/Overturn,On Main CW - Not Rest.,Not At Jct,None,Did Not Leave,None,Front Hit First,Other/Not Known,Male,41,35-64
1220379328,Lambeth,9,532091,175664,1,Taxi,Taxi,Unknown (S/R),Unknown (S/R),Unknown (S/R),Unknown (S/R),Unknown (S/R),Unknown (S/R),Unknown (S/R),Front Hit First,Jny Part Of Work,Male,64,35-64
1220379336,Hillingdon,26,507055,176910,1,Taxi,Taxi,Turning Left,No Skidding/Overturn,On Main CW - Not Rest.,Jct App,None,Did Not Leave,None,Front Hit First,Jny Part Of Work,Male,38,35-64
1220379339,Merton,22,527640,169054,1,Car,Car,Turning Left,Skidded,Footway,Not At Jct,Hit Kerb,Left Cwy Nearside,Hit Tree,Front Hit First,Other/Not Known,Male,38,35-64
1220379370,Lambeth,9,531216,178152,2,Car,Car,Unknown (S/R),Unknown (S/R),Unknown (S/R),Unknown (S/R),Unknown (S/R),Unknown (S/R),Unknown (S/R),Front Hit First,Unknown,Not Traced,38,35-64
1220379399,Lewisham,7,535078,173195,1,Car,Car,Moving Off,Skidded,On Main CW - Not Rest.,Not At Jct,None,Did Not Leave,None,Front Hit First,Unknown,Female,23,17-24
1220379402,Southwark,8,534405,178810,1,Goods Vehicle,GDS =< 3.5T,Going Ahead Other,No Skidding/Overturn,On Main CW - Not Rest.,Jct App,None,Did Not Leave,None,Front Hit First,Jny Part Of Work,Male,38,35-64
1220379402,Southwark,8,534405,178810,2,Other Vehicle,Other Vehicle,Going Ahead Other,No Skidding/Overturn,On Main CW - Not Rest.,Jct Cleared,None,Did Not Leave,None,Front Hit First,Jny Part Of Work,Male,64,35-64
1220379404,Westminster,1,530056,179667,1,Taxi,Taxi,Turning Right,No Skidding/Overturn,On Main CW - Not Rest.,Jct App,None,Did Not Leave,None,Front Hit First,Jny Part Of Work,Male,46,35-64
1220379412,Lewisham,7,539849,174938,1,Car,Car,Turning Right,No Skidding/Overturn,On Main CW - Not Rest.,Jct Mid,None,Did Not Leave,None,Front Hit First,Other/Not Known,Male,37,35-64
1220379412,Lewisham,7,539849,174938,2,Car,Car,Moving Off,No Skidding/Overturn,On Main CW - Not Rest.,Jct App,None,Did Not Leave,None,Front Hit First,Unknown,Female,45,35-64
1220379413,Westminster,1,530088,179688,1,Private Hire,Private Hire - Licensed,Change Lane To Left,No Skidding/Overturn,On Main CW - Not Rest.,Jct App,Hit Oth Object,Did Not Leave,None,Front Hit First,Jny Part Of Work,Male,65,65+
1220379414,Greenwich,6,543559,179127,1,Car,Car,Going Ahead Other,No Skidding/Overturn,On Main CW - Not Rest.,Jct App,None,Did Not Leave,None,Front Hit First,Other/Not Known,Male,23,17-24
1220379420,Havering,15,553921,185761,1,Car,Car,Going Ahead Other,No Skidding/Overturn,On Main CW - Not Rest.,Jct App,None,Did Not Leave,None,Front Hit First,Taking Pupil To/From Sch,Male,40,35-64
1220379421,Greenwich,6,545977,179919,1,Car,Car,Going Ahead Other,Overturn,On Main CW - Not Rest.,Entering R'about,Hit Roundabout,Left Cwy Ahead At Junctn,Hit Oth Object,Front Hit First,Comm To/From Work,Male,25,25-34
1220379423,Croydon,20,534633,164471,1,Car,Car,Going Ahead Other,No Skidding/Overturn,Tram Track,Not At Jct,None,Did Not Leave,None,Front Hit First,Unknown,Male,59,35-64
1220379440,Islington,3,533255,185395,2,Car,Car,Moving Off,No Skidding/Overturn,On Main CW - Not Rest.,Jct Cleared,None,Did Not Leave,None,Front Hit First,Unknown,Male,47,35-64
1220379447,Tower Hamlets,5,538274,179631,1,Car,Car,Unknown (S/R),Unknown (S/R),Unknown (S/R),Unknown (S/R),Unknown (S/R),Unknown (S/R),Unknown (S/R),Front Hit First,Other/Not Known,Male,34,25-34
1220379457,Brent,28,521157,185796,1,Car,Car,Slowing Or Stopping,No Skidding/Overturn,On Main CW - Not Rest.,Jct App,None,Did Not Leave,None,Front Hit First,Jny Part Of Work,Male,25,25-34
1220379464,Hammersmith & Fulham,11,522676,178581,1,Goods Vehicle,GDS =< 3.5T,Turning Right,No Skidding/Overturn,On Main CW - Not Rest.,Jct Mid,None,Did Not Leave,None,Front Hit First,Jny Part Of Work,Male,61,35-64