_Collision Id,Borough Name,Borough Number,Easting,Northing,_Vehicle Id,Vehicle Type Banded,Vehicle Type,Vehicle Manoeuvres,Vehicle Skidding and Overturning,Vehicle Restricted Lane,Location of Vehicle at First Impact,Vehicle Hit Object in Carriageway,Vehicle Leaving Carriageway,Vehicle Hit Object Off Carriageway,First Point of Impact,Journey Purpose,Driver Gender,Driver Age,Driver age (Banded)
1220380274,Lambeth,9,530740,171441,1,Car,Car,Turning Right,No Skidding/Overturn,On Main CW - Not Rest.,Leaving R'about,None,Did Not Leave,None,Front Hit First,Other/Not Known,Male,40,35-64
1220380278,Newham,17,540446,181767,5,Bus Or Coach,London Bus,Going Ahead Other,No Skidding/Overturn,On Main CW - Not Rest.,Jct App,None,Did Not Leave,None,Front Hit First,Jny Part Of Work,Male,43,35-64
1220380288,Harrow,29,514997,188094,1,Bus Or Coach,London Bus,Turning Left,No Skidding/Overturn,On Main CW - Not Rest.,Jct App,None,Left Cwy Nearside,None,Front Hit First,Jny Part Of Work,Female,48,35-64
1220380304,Redbridge,14,544788,185982,1,Car,Car,Moving Off,No Skidding/Overturn,On Main CW - Not Rest.,Leaving R'about,None,Did Not Leave,None,Front Hit First,Unknown,Male,61,35-64
1220380307,Hounslow,25,510933,176678,4,Car,Car,Moving Off,No Skidding/Overturn,On Main CW - Not Rest.,Jct App,None,Did Not Leave,None,Front Hit First,Unknown,Male,29,25-34
1220380310,Croydon,20,531124,164237,1,Bus Or Coach,London Bus,Slowing Or Stopping,No Skidding/Overturn,Bus Lane,Jct App,None,Left Cwy Nearside,None,Front Hit First,Jny Part Of Work,Male,30,25-34
1220380320,Croydon,20,531766,167212,1,Car,Car,Unknown (S/R),Unknown (S/R),Unknown (S/R),Unknown (S/R),Unknown (S/R),Unknown (S/R),Unknown (S/R),Front Hit First,Unknown,Not Traced,22,17-24
1220380338,Wandsworth,10,527378,175441,1,Bus Or Coach,London Bus,Slowing Or Stopping,No Skidding/Overturn,On Main CW - Not Rest.,Jct App,None,Did Not Leave,None,Front Hit First,Jny Part Of Work,Male,44,35-64
1220380342,Westminster,1,529111,181249,1,Car,Car,Turning Left,No Skidding/Overturn,Footway,Entering Main Rd,None,Did Not Leave,None,Front Hit First,Other/Not Known,Male,36,35-64
1220380345,Redbridge,14,543265,188487,2,Car,Car,Unknown (S/R),Unknown (S/R),Unknown (S/R),Unknown (S/R),Unknown (S/R),Unknown (S/R),Unknown (S/R),Front Hit First,Unknown,Male,27,25-34
1220380346,Hammersmith & Fulham,11,521889,180107,1,Goods Vehicle,GDS =< 3.5T,Waiting To Turn Right,No Skidding/Overturn,On Main CW - Not Rest.,Jct Mid,None,Did Not Leave,None,Front Hit First,Comm To/From Work,Male,49,35-64
1220380350,Greenwich,6,541295,177074,1,Car,Car,Going Ahead Other,Skidded,On Main CW - Not Rest.,Jct Cleared,None,Did Not Leave,None,Front Hit First,Unknown,Male,33,25-34
1220380361,Croydon,20,537287,166087,1,Car,Car,Slowing Or Stopping,No Skidding/Overturn,On Main CW - Not Rest.,Jct Mid,None,Did Not Leave,None,Front Hit First,Other/Not Known,Male,21,17-24
1220380367,Enfield,32,527410,198230,1,Car,Car,Going Ahead Other,Skidded,On Main CW - Not Rest.,Entering R'about,Hit Kerb,Did Not Leave,None,Front Hit First,Other/Not Known,Male,32,25-34
1220380372,Hackney,4,532729,187937,1,Taxi,Taxi,Unknown (S/R),Unknown (S/R),Unknown (S/R),Unknown (S/R),Unknown (S/R),Unknown (S/R),Unknown (S/R),Front Hit First,Jny Part Of Work,Female,39,35-64
1220380380,Westminster,1,528097,179227,1,Taxi,Taxi,Going Ahead Other,No Skidding/Overturn,On Main CW - Not Rest.,Jct App,None,Did Not Leave,None,Front Hit First,Jny Part Of Work,Male,36,35-64
1220380380,Westminster,1,528097,179227,2,Car,Car,Turning Right,No Skidding/Overturn,On Main CW - Not Rest.,Leaving Main Rd,None,Did Not Leave,None,Front Hit First,Other/Not Known,Female,20,17-24
1220380389,Barnet,30,524828,189404,1,Car,Car,Going Ahead Other,No Skidding/Overturn,On Main CW - Not Rest.,Jct App,None,Did Not Leave,None,Front Hit First,Other/Not Known,Male,25,25-34
1220380397,Camden,2,530281,181539,1,Private Hire,Private Hire - Licensed,Turning Right,No Skidding/Overturn,On Main CW - Not Rest.,Leaving Main Rd,None,Did Not Leave,None,Front Hit First,Jny Part Of Work,Male,60,35-64
1220380403,Greenwich,6,546289,178758,1,Car,Car,Going Ahead Other,No Skidding/Overturn,On Main CW - Not Rest.,Jct App,None,Did Not Leave,None,Front Hit First,Unknown,Female,29,25-34
1220380425,Barnet,30,525738,189951,1,Car,Car,Going Ahead Right Bend,No Skidding/Overturn,On Main CW - Not Rest.,Jct Mid,None,Did Not Leave,None,Front Hit First,Other/Not Known,Male,76,65+
1220380447,Wandsworth,10,524408,174893,1,Private Hire,Private Hire - Licensed,Turning Right,No Skidding/Overturn,On Main CW - Not Rest.,Entering Main Rd,None,Did Not Leave,None,Front Hit First,Jny Part Of Work,Male,43,35-64
1220380448,Hackney,4,533493,183073,1,Car,Car,Turning Right,No Skidding/Overturn,On Main CW - Not Rest.,Jct Cleared,None,Did Not Leave,None,Front Hit First,Other/Not Known,Male,18,17-24
1220380448,Hackney,4,533493,183073,2,Car,Car,Going Ahead Other,No Skidding/Overturn,On Main CW - Not Rest.,Jct App,None,Did Not Leave,None,Front Hit First,Other/Not Known,Female,53,35-64
1220380462,Southwark,8,532324,176858,1,Car,Car,Moving Off,No Skidding/Overturn,On Main CW - Not Rest.,Jct Cleared,None,Did Not Leave,None,Front Hit First,Unknown,Male,66,65+
1220380476,Barnet,30,525206,191333,2,Private Hire,Private Hire - Licensed,Slowing Or Stopping,No Skidding/Overturn,On Main CW - Not Rest.,Entering R'about,None,Did Not Leave,None,Front Hit First,Jny Part Of Work,Male,44,35-64
1220380496,Wandsworth,10,526937,175817,1,Car,Car,Turning Right,No Skidding/Overturn,On Main CW - Not Rest.,Jct App,None,Did Not Leave,None,Front Hit First,Unknown,Female,41,35-64
1220380508,Redbridge,14,541268,190269,1,Car,Car,Going Ahead Other,No Skidding/Overturn,Footway,Entering R'about,None,Left Cwy Nearside,None,Front Hit First,Jny Part Of Work,Male,38,35-64
1220380508,Redbridge,14,541268,190269,2,Car,Car,Going Ahead Other,No Skidding/Overturn,Footway,Leaving R'about,None,Left Cwy Nearside,None,Front Hit First,Other/Not Known,Male,32,25-34
1220380517,Havering,15,557942,189495,1,Car,Car,Going Ahead Other,Skidded,On Main CW - Not Rest.,Not At Jct,None,Did Not Leave,None,Front Hit First,Jny Part Of Work,Male,30,25-34
1220380525,Islington,3,532284,184248,1,Car,Car,Turning Right,No Skidding/Overturn,On Main CW - Not Rest.,Jct App,None,Did Not Leave,None,Front Hit First,Comm To/From Work,Female,42,35-64
1220380531,Sutton,21,525680,162043,2,Car,Car,Going Ahead Other,No Skidding/Overturn,On Main CW - Not Rest.,Not At Jct,None,Did Not Leave,None,Front Hit First,Unknown,Male,45,35-64
1220380548,Haringey,31,531446,189712,1,Car,Car,Unknown (S/R),Unknown (S/R),Unknown (S/R),Unknown (S/R),Unknown (S/R),Unknown (S/R),Unknown (S/R),Front Hit First,Other/Not Known,Not Traced,20,17-24
1220380557,Hillingdon,26,507653,185041,1,Car,Car,Change Lane To Left,No Skidding/Overturn,On Main CW - Not Rest.,Not At Jct,None,Did Not Leave,None,Front Hit First,Other/Not Known,Male,41,35-64
1220380557,Hillingdon,26,507653,185041,4,Car,Car,Going Ahead Other,No Skidding/Overturn,On Main CW - Not Rest.,Not At Jct,None,Did Not Leave,None,Front Hit First,Unknown,Male,43,35-64
1220380564,Lewisham,7,538451,175572,1,Goods Vehicle,GDS =< 3.5T,Turning Right,No Skidding/Overturn,On Main CW - Not Rest.,Entering Main Rd,None,Did Not Leave,None,Front Hit First,Jny Part Of Work,Male,48,35-64
1220380571,Haringey,31,533870,191399,1,Car,Car,Turning Right,No Skidding/Overturn,On Main CW - Not Rest.,Jct Cleared,None,Did Not Leave,None,Front Hit First,Other/Not Known,Male,54,35-64
1220380571,Haringey,31,533870,191399,2,Car,Car,Turning Right,No Skidding/Overturn,On Main CW - Not Rest.,Jct Mid,None,Did Not Leave,None,Front Hit First,Unknown,Male,38,35-64
1220380573,Kingston-Upon-Thames,23,519823,168747,1,Car,Car,Unknown (S/R),Unknown (S/R),Unknown (S/R),Unknown (S/R),Unknown (S/R),Unknown (S/R),Unknown (S/R),Front Hit First,Other/Not Known,Female,37,35-64
1220380577,Hackney,4,533668,187786,2,Car,Car,Unknown (S/R),Unknown (S/R),Unknown (S/R),Unknown (S/R),Unknown (S/R),Unknown (S/R),Unknown (S/R),Front Hit First,Unknown,Not Traced,62,35-64
1220380581,Hillingdon,26,507452,178756,1,Car,Car,Going Ahead Other,No Skidding/Overturn,On Main CW - Not Rest.,Jct Mid,None,Did Not Leave,None,Front Hit First,Other/Not Known,Male,42,35-64
1220380583,Barking & Dagenham,16,545972,183537,1,Car,Car,Going Ahead Other,Skidded,On Main CW - Not Rest.,Not At Jct,None,Left Cwy Nearside,Hit Nr/Off Bar,Front Hit First,Other/Not Known,Female,51,35-64
1220380585,Croydon,20,536881,166030,1,Goods Vehicle,GDS =< 3.5T,Waiting To Turn Right,No Skidding/Overturn,On Main CW - Not Rest.,Entering Main Rd,None,Did Not Leave,None,Front Hit First,Jny Part Of Work,Male,20,17-24
1220380594,Barnet,30,521281,193190,1,Car,Car,Turning Right,No Skidding/Overturn,On Main CW - Not Rest.,Entering Main Rd,None,Did Not Leave,None,Front Hit First,Unknown,Female,25,25-34
1220380632,Harrow,29,513917,186712,2,Car,Car,Turning Right,No Skidding/Overturn,On Main CW - Not Rest.,Entering Main Rd,None,Did Not Leave,None,Front Hit First,Unknown,Male,17,17-24
1220380644,Southwark,8,534779,179531,2,Bus Or Coach,Bus/Coach,Unknown (S/R),Unknown (S/R),Unknown (S/R),Unknown (S/R),Unknown (S/R),Unknown (S/R),Unknown (S/R),Front Hit First,Unknown,Not Traced,57,35-64
1220380653,Camden,2,525453,185245,2,Car,Car,Unknown (S/R),Unknown (S/R),Unknown (S/R),Jct Cleared,Unknown (S/R),Unknown (S/R),Unknown (S/R),Front Hit First,Unknown,Female,45,35-64
1220380659,Croydon,20,531710,158673,1,Car,Car,Going Ahead Other,No Skidding/Overturn,On Main CW - Not Rest.,Not At Jct,None,Did Not Leave,None,Front Hit First,Other/Not Known,Male,53,35-64
1220380659,Croydon,20,531710,158673,2,Car,Car,Going Ahead Other,No Skidding/Overturn,On Main CW - Not Rest.,Not At Jct,None,Did Not Leave,None,Front Hit First,Unknown,Not Traced,21,17-24
1220380674,Newham,17,539691,182346,2,Car,Car,Going Ahead Other,No Skidding/Overturn,On Main CW - Not Rest.,Jct Cleared,None,Did Not Leave,None,Front Hit First,Unknown,Male,22,17-24
1220380679,Sutton,21,528408,164459,1,Car,Car,Turning Right,No Skidding/Overturn,On Main CW - Not Rest.,Jct Mid,None,Did Not Leave,None,Front Hit First,Other/Not Known,Female,50,35-64
1220380680,Hillingdon,26,506744,178273,2,Car,Car,Slowing Or Stopping,No Skidding/Overturn,On Main CW - Not Rest.,Not At Jct,None,Did Not Leave,None,Front Hit First,Unknown,Male,44,35-64
1220380710,Harrow,29,510888,190211,1,Car,Car,Going Ahead Other,No Skidding/Overturn,On Main CW - Not Rest.,Jct App,None,Did Not Leave,None,Front Hit First,Jny Part Of Work,Male,30,25-34
1220380718,Islington,3,531528,184807,1,Car,Car,Going Ahead Other,Skidded,On Main CW - Not Rest.,Not At Jct,None,Did Not Leave,None,Front Hit First,Unknown,Male,30,25-34
1220380718,Islington,3,531528,184807,2,Car,Car,Going Ahead Other,Skidded,On Main CW - Not Rest.,Not At Jct,None,Did Not Leave,None,Front Hit First,Other/Not Known,Male,59,35-64
1220380726,Haringey,31,531731,188966,1,Car,Car,Slowing Or Stopping,No Skidding/Overturn,On Main CW - Not Rest.,Jct Cleared,None,Did Not Leave,None,Front Hit First,Unknown,Male,50,35-64
1220380732,Hillingdon,26,505669,185634,1,Goods Vehicle,GDS =< 3.5T,Slowing Or Stopping,No Skidding/Overturn,On Main CW - Not Rest.,Not At Jct,None,Left Cwy Nearside/Rebound,Hit Nr/Off Bar,Front Hit First,Jny Part Of Work,Male,52,35-64
1220380741,Merton,22,522603,167609,1,Car,Car,Going Ahead Other,No Skidding/Overturn,On Main CW - Not Rest.,Jct App,None,Did Not Leave,None,Front Hit First,Comm To/From Work,Female,24,17-24
1220380743,Tower Hamlets,5,536839,181767,1,Car,Car,Unknown (S/R),Unknown (S/R),Unknown (S/R),Unknown (S/R),Unknown (S/R),Unknown (S/R),Unknown (S/R),Front Hit First,Unknown,Female,33,25-34
1220380769,Hillingdon,26,509182,181338,1,Car,Car,Turning Right,No Skidding/Overturn,On Main CW - Not Rest.,Jct Mid,None,Did Not Leave,None,Front Hit First,Taking Pupil To/From Sch,Male,51,35-64
1220380769,Hillingdon,26,509182,181338,2,Car,Car,Overtake Stat Veh O/S,No Skidding/Overturn,On Main CW - Not Rest.,Jct App,Hit Parked Veh,Did Not Leave,None,Front Hit First,Taking Pupil To/From Sch,Female,43,35-64
1220380776,Hammersmith & Fulham,11,524143,178502,1,Goods Vehicle,GDS =< 3.5T,Waiting To Turn Right,No Skidding/Overturn,On Main CW - Not Rest.,Entering Main Rd,None,Did Not Leave,None,Front Hit First,Jny Part Of Work,Male,41,35-64
1220380777,Greenwich,6,546893,180251,1,Car,Car,Going Ahead Right Bend,No Skidding/Overturn,On Main CW - Not Rest.,Jct Cleared,Hit Kerb,Left Cwy Nearside,Hit Lamp Post,Front Hit First,Other/Not Known,Male,19,17-24
1220380787,Redbridge,14,540013,190475,3,Car,Car,Slowing Or Stopping,No Skidding/Overturn,On Main CW - Not Rest.,Not At Jct,None,Did Not Leave,None,Front Hit First,Comm To/From Work,Female,25,25-34
1220380796,Newham,17,540627,181396,1,Car,Car,Turning Right,No Skidding/Overturn,On Main CW - Not Rest.,Jct App,None,Did Not Leave,None,Front Hit First,Other/Not Known,Male,67,65+
1220380797,Croydon,20,535122,163150,2,Car,Car,Unknown (S/R),Unknown (S/R),Unknown (S/R),Not At Jct,Unknown (S/R),Unknown (S/R),Unknown (S/R),Front Hit First,Unknown,Not Traced,25,25-34
1220380800,Waltham Forest,13,538261,186285,1,Car,Car,Turning Right,No Skidding/Overturn,On Main CW - Not Rest.,Leaving Main Rd,None,Did Not Leave,None,Front Hit First,Unknown,Female,58,35-64
1220380804,Newham,17,543851,182735,2,Car,Car,Slowing Or Stopping,No Skidding/Overturn,On Main CW - Not Rest.,Jct Mid,None,Did Not Leave,None,Front Hit First,Other/Not Known,Female,26,25-34
1220380805,Barnet,30,525886,196235,2,Car,Car,Unknown (S/R),Unknown (S/R),Unknown (S/R),Unknown (S/R),Unknown (S/R),Unknown (S/R),Unknown (S/R),Front Hit First,Unknown,Not Traced,44,35-64
1220380808,Haringey,31,530893,190760,2,Bus Or Coach,Bus/Coach,Going Ahead Other,No Skidding/Overturn,Busway,Jct Cleared,None,Did Not Leave,None,Front Hit First,Jny Part Of Work,Female,28,25-34
1220380810,Greenwich,6,538382,176740,1,Goods Vehicle,GDS => 7.5T,Slowing Or Stopping,No Skidding/Overturn,On Main CW - Not Rest.,Not At Jct,None,Did Not Leave,None,Front Hit First,Jny Part Of Work,Male,57,35-64
1220380810,Greenwich,6,538382,176740,2,Car,Car,Going Ahead Other,No Skidding/Overturn,On Main CW - Not Rest.,Not At Jct,None,Did Not Leave,None,Front Hit First,Jny Part Of Work,Male,49,35-64
1220380816,Kensington & Chelsea,12,525542,180538,1,Goods Vehicle,GDS =< 3.5T,Turning Right,No Skidding/Overturn,On Main CW - Not Rest.,Jct Cleared,None,Did Not Leave,None,Front Hit First,Jny Part Of Work,Male,45,35-64
1220380829,Wandsworth,10,527111,176099,2,Car,Car,Moving Off,No Skidding/Overturn,On Main CW - Not Rest.,Jct App,None,Did Not Leave,None,Front Hit First,Other/Not Known,Female,64,35-64
1220380831,Bromley,19,546474,167674,1,Car,Car,Slowing Or Stopping,No Skidding/Overturn,On Main CW - Not Rest.,Jct App,None,Did Not Leave,None,Front Hit First,Other/Not Known,Female,39,35-64
1220380837,Croydon,20,530940,167456,1,Goods Vehicle,GDS =< 3.5T,Moving Off,No Skidding/Overturn,On Main CW - Not Rest.,Not At Jct,None,Did Not Leave,None,Front Hit First,Jny Part Of Work,Male,32,25-34
1220380843,Brent,28,522143,183051,2,Car,Car,Waiting To Turn Right,No Skidding/Overturn,On Main CW - Not Rest.,Jct Mid,None,Did Not Leave,None,Front Hit First,Jny Part Of Work,Male,53,35-64
1220380850,Croydon,20,531674,163892,2,Car,Car,Going Ahead Other,No Skidding/Overturn,On Main CW - Not Rest.,Jct App,None,Did Not Leave,None,Front Hit First,Other/Not Known,Female,49,35-64
1220380854,Southwark,8,534408,178032,2,Car,Car,Turning Left,No Skidding/Overturn,On Main CW - Not Rest.,Leaving Main Rd,None,Did Not Leave,None,Front Hit First,Other/Not Known,Female,62,35-64
1220380855,Hounslow,25,519047,178486,1,Car,Car,Going Ahead Left Bend,No Skidding/Overturn,Footway,Not At Jct,None,Left Cwy Onto Central Res,Hit Oth Object,Front Hit First,Unknown,Female,58,35-64
1220380870,Barking & Dagenham,16,543584,184058,2,Car,Car,Unknown (S/R),Unknown (S/R),Unknown (S/R),Unknown (S/R),Unknown (S/R),Unknown (S/R),Unknown (S/R),Front Hit First,Unknown,Female,43,35-64
1220380876,Southwark,8,533388,179386,1,Goods Vehicle,GDS =< 3.5T,Turning Right,No Skidding/Overturn,On Main CW - Not Rest.,Jct Mid,None,Did Not Leave,None,Front Hit First,Jny Part Of Work,Male,31,25-34
1220380889,Croydon,20,532719,167743,2,Car,Car,Turning Left,No Skidding/Overturn,On Main CW - Not Rest.,Jct Mid,None,Did Not Leave,None,Front Hit First,Other/Not Known,Female,42,35-64
1220380889,Croydon,20,532719,167743,3,Car,Car,Going Ahead Held Up,No Skidding/Overturn,On Main CW - Not Rest.,Jct App,None,Did Not Leave,None,Front Hit First,Other/Not Known,Male,28,25-34
1220380889,Croydon,20,532719,167743,4,Car,Car,Turning Right,No Skidding/Overturn,On Main CW - Not Rest.,Jct App,None,Did Not Leave,None,Front Hit First,Other/Not Known,Male,21,17-24
1220380896,Enfield,32,536032,199860,1,Car,Car,Going Ahead Other,No Skidding/Overturn,On Main CW - Not Rest.,Jct App,None,Did Not Leave,None,Front Hit First,Taking Pupil To/From Sch,Female,58,35-64
1220380905,Newham,17,540179,183932,1,Car,Car,Overtake Stat Veh O/S,No Skidding/Overturn,On Main CW - Not Rest.,Not At Jct,None,Did Not Leave,None,Front Hit First,Other/Not Known,Male,27,25-34
1220380907,Wandsworth,10,524979,173819,1,Car,Car,Going Ahead Other,No Skidding/Overturn,On Main CW - Not Rest.,Jct App,None,Did Not Leave,None,Front Hit First,Other/Not Known,Male,25,25-34
1220380908,Hounslow,25,511018,172324,1,Car,Car,Turning Right,No Skidding/Overturn,On Main CW - Not Rest.,Jct App,None,Left Cwy Nearside,None,Front Hit First,Comm To/From Work,Male,34,25-34
1220380913,Redbridge,14,544471,188825,1,Car,Car,Going Ahead Other,No Skidding/Overturn,On Main CW - Not Rest.,Jct App,None,Did Not Leave,None,Front Hit First,Other/Not Known,Male,56,35-64
1220380925,Lambeth,9,532125,176154,2,Car,Car,Turning Right,No Skidding/Overturn,On Main CW - Not Rest.,Entering Main Rd,None,Did Not Leave,None,Front Hit First,Unknown,Not Traced,32,25-34
1220380927,Enfield,32,535502,198376,1,Car,Car,Going Ahead Other,No Skidding/Overturn,On Main CW - Not Rest.,Jct App,None,Did Not Leave,None,Front Hit First,Other/Not Known,Female,53,35-64
1220380936,Lewisham,7,539367,173362,2,Other Vehicle,Other Vehicle,Going Ahead Other,No Skidding/Overturn,On Main CW - Not Rest.,Jct App,Hit Parked Veh,Did Not Leave,None,Front Hit First,Unknown,Female,37,35-64
1220380941,Haringey,31,532349,189203,1,Car,Car,Turning Right,No Skidding/Overturn,On Main CW - Not Rest.,Jct App,None,Did Not Leave,None,Front Hit First,Other/Not Known,Female,42,35-64
1220380943,Richmond-Upon-Thames,24,519005,177787,1,Car,Car,Going Ahead Other,No Skidding/Overturn,Footway,Not At Jct,None,Left Cwy Nearside,Wall Or Fence,Front Hit First,Other/Not Known,Female,79,65+
1220380943,Richmond-Upon-Thames,24,519005,177787,2,Car,Car,Going Ahead Other,No Skidding/Overturn,On Main CW - Not Rest.,Not At Jct,None,Did Not Leave,None,Front Hit First,Other/Not Known,Male,57,35-64
1220380943,Richmond-Upon-Thames,24,519005,177787,4,Car,Car,Going Ahead Other,No Skidding/Overturn,On Main CW - Not Rest.,Not At Jct,None,Did Not Leave,None,Front Hit First,Other/Not Known,Male,52,35-64
1220380949,Brent,28,522295,183301,1,Car,Car,Going Ahead Other,No Skidding/Overturn,On Main CW - Not Rest.,Jct App,None,Did Not Leave,None,Front Hit First,Jny Part Of Work,Male,38,35-64
1220380949,Brent,28,522295,183301,2,Goods Vehicle,GDS =< 3.5T,Going Ahead Other,No Skidding/Overturn,On Main CW - Not Rest.,Jct App,None,Did Not Leave,None,Front Hit First,Unknown,Male,26,25-34
1220380950,Bromley,19,541014,169987,1,Car,Car,Unknown (S/R),No Skidding/Overturn,On Main CW - Not Rest.,Not At Jct,None,Did Not Leave,None,Front Hit First,Other/Not Known,Female,32,25-34
1220380973,Westminster,1,529939,179501,1,Car,Car,Turning Right,No Skidding/Overturn,On Main CW - Not Rest.,Jct Mid,None,Did Not Leave,None,Front Hit First,Jny Part Of Work,Male,44,35-64
1220380978,Tower Hamlets,5,538200,181756,2,Car,Car,Going Ahead Other,No Skidding/Overturn,On Main CW - Not Rest.,Jct App,None,Did Not Leave,None,Front Hit First,Unknown,Male,43,35-64
1220381009,Newham,17,543863,182837,3,Car,Car,Going Ahead Other,No Skidding/Overturn,On Main CW - Not Rest.,Jct Cleared,None,Did Not Leave,None,Front Hit First,Jny Part Of Work,Male,54,35-64
1220381012,Hounslow,25,514004,177088,1,Car,Car,U-turning,Overturn,On Main CW - Not Rest.,Not At Jct,None,Left Cwy Offside,Wall Or Fence,Front Hit First,Unknown,Male,72,65+
1220381022,Sutton,21,524859,165862,2,Goods Vehicle,GDS =< 3.5T,Turning Right,No Skidding/Overturn,On Main CW - Not Rest.,Jct Cleared,None,Did Not Leave,None,Front Hit First,Jny Part Of Work,Male,32,25-34
1220381028,Tower Hamlets,5,537928,181005,1,Bus Or Coach,London Bus,Going Ahead Other,Skidded,Bus Lane,Jct Mid,None,Did Not Leave,None,Front Hit First,Jny Part Of Work,Male,59,35-64
1220381039,Islington,3,530325,187756,1,Car,Car,Going Ahead Other,Skidded,On Main CW - Not Rest.,Jct App,None,Did Not Leave,None,Front Hit First,Other/Not Known,Female,60,35-64
1220381044,Westminster,1,528394,180443,1,Goods Vehicle,GDS =< 3.5T,Going Ahead Other,No Skidding/Overturn,On Main CW - Not Rest.,Jct Cleared,None,Did Not Leave,None,Front Hit First,Jny Part Of Work,Male,43,35-64
1220381045,Sutton,21,527736,161111,1,Car,Car,Going Ahead Other,No Skidding/Overturn,On Main CW - Not Rest.,Leaving R'about,Hit Bollard,Did Not Leave,None,Front Hit First,Other/Not Known,Female,92,65+
1220381054,Barnet,30,526881,193356,1,Car,Car,Turning Left,No Skidding/Overturn,On Main CW - Not Rest.,Entering Main Rd,None,Did Not Leave,None,Front Hit First,Unknown,Male,38,35-64
1220381066,Kensington & Chelsea,12,525381,178827,1,Car,Car,Moving Off,No Skidding/Overturn,On Main CW - Not Rest.,Jct Mid,None,Did Not Leave,None,Front Hit First,Taking Pupil To/From Sch,Female,40,35-64
1220381066,Kensington & Chelsea,12,525381,178827,2,Car,Car,Moving Off,No Skidding/Overturn,On Main CW - Not Rest.,Jct Mid,None,Did Not Leave,None,Front Hit First,Other/Not Known,Female,28,25-34
1220381078,Hillingdon,26,507600,182534,1,Car,Car,Moving Off,No Skidding/Overturn,On Main CW - Not Rest.,Not At Jct,None,Did Not Leave,None,Front Hit First,Comm To/From Work,Male,22,17-24
1220381082,Redbridge,14,545522,187132,1,Car,Car,Moving Off,No Skidding/Overturn,On Main CW - Not Rest.,Jct App,None,Did Not Leave,None,Front Hit First,Comm To/From Work,Female,48,35-64
1220381084,Bromley,19,537417,169778,1,Car,Car,Turning Right,No Skidding/Overturn,Bus Lane,Jct App,None,Did Not Leave,None,Front Hit First,Other/Not Known,Female,95,65+
1220381084,Bromley,19,537417,169778,2,Car,Car,Turning Left,No Skidding/Overturn,Lay-by/Hard Shldr,Jct App,None,Did Not Leave,None,Front Hit First,Other/Not Known,Male,64,35-64
1220381093,Lambeth,9,529471,173969,1,Car,Car,Turning Right,No Skidding/Overturn,On Main CW - Not Rest.,Entering Main Rd,None,Did Not Leave,None,Front Hit First,Jny Part Of Work,Male,37,35-64
1220381095,Wandsworth,10,523121,174632,1,Car,Car,Going Ahead Other,No Skidding/Overturn,On Main CW - Not Rest.,Entering R'about,None,Did Not Leave,None,Front Hit First,Jny Part Of Work,Male,34,25-34
1220381100,Islington,3,531250,182941,2,Other Vehicle,Other Vehicle,Going Ahead Right Bend,No Skidding/Overturn,On Main CW - Not Rest.,Jct Cleared,None,Did Not Leave,None,Front Hit First,Unknown,Male,18,17-24
1220381113,Redbridge,14,545114,188140,2,Car,Car,Going Ahead Other,No Skidding/Overturn,On Main CW - Not Rest.,Jct Mid,None,Did Not Leave,None,Front Hit First,Other/Not Known,Female,32,25-34
1220381118,Hillingdon,26,511703,181967,1,Goods Vehicle,GDS =< 3.5T,Moving Off,No Skidding/Overturn,On Main CW - Not Rest.,Jct App,None,Did Not Leave,None,Front Hit First,Jny Part Of Work,Male,37,35-64
1220381132,Havering,15,550872,191677,1,Car,Car,Going Ahead Other,No Skidding/Overturn,On Main CW - Not Rest.,Not At Jct,None,Did Not Leave,None,Front Hit First,Unknown,Female,58,35-64
1220381133,Wandsworth,10,524103,174108,1,Car,Car,Moving Off,No Skidding/Overturn,On Main CW - Not Rest.,Not At Jct,None,Did Not Leave,None,Front Hit First,Other/Not Known,Female,71,65+
1220381134,Lambeth,9,531669,177288,1,Car,Car,Turning Left,No Skidding/Overturn,On Main CW - Not Rest.,Leaving Main Rd,None,Did Not Leave,None,Front Hit First,Comm To/From Work,Male,68,65+
1220381145,Hackney,4,535733,185094,1,Bus Or Coach,London Bus,Turning Left,No Skidding/Overturn,On Main CW - Not Rest.,Entering Main Rd,None,Did Not Leave,None,Front Hit First,Jny Part Of Work,Male,66,65+
1220381150,Waltham Forest,13,536749,188883,1,Car,Car,Going Ahead Other,No Skidding/Overturn,On Main CW - Not Rest.,Jct Cleared,Hit Oth Object,Left Cwy Nearside,Hit Lamp Post,Front Hit First,Other/Not Known,Male,49,35-64
1220381157,Ealing,27,518167,180782,1,Car,Car,Turning Right,No Skidding/Overturn,On Main CW - Not Rest.,Jct App,None,Did Not Leave,None,Front Hit First,Jny Part Of Work,Male,45,35-64
1220381158,Ealing,27,517647,179284,1,Car,Car,Going Ahead Other,No Skidding/Overturn,On Main CW - Not Rest.,Not At Jct,None,Did Not Leave,None,Front Hit First,Other/Not Known,Male,26,25-34
1220381191,Islington,3,529404,185560,1,Car,Car,Turning Right,No Skidding/Overturn,On Main CW - Not Rest.,Jct App,None,Did Not Leave,None,Front Hit First,Other/Not Known,Female,40,35-64