_Collision Id,Borough Name,Borough Number,Easting,Northing,_Vehicle Id,Vehicle Type Banded,Vehicle Type,Vehicle Manoeuvres,Vehicle Skidding and Overturning,Vehicle Restricted Lane,Location of Vehicle at First Impact,Vehicle Hit Object in Carriageway,Vehicle Leaving Carriageway,Vehicle Hit Object Off Carriageway,First Point of Impact,Journey Purpose,Driver Gender,Driver Age,Driver age (Banded)
1220387056,Barnet,30,523418,187894,1,Car,Car,Unknown (S/R),Unknown (S/R),Unknown (S/R),Unknown (S/R),Unknown (S/R),Unknown (S/R),Unknown (S/R),Front Hit First,Other/Not Known,Female,26,25-34
1220387061,Newham,17,542903,183645,1,Car,Car,Turning Right,No Skidding/Overturn,On Main CW - Not Rest.,Jct App,None,Did Not Leave,None,Front Hit First,Other/Not Known,Male,40,35-64
1220387068,Waltham Forest,13,537264,190930,1,Car,Car,Going Ahead Other,No Skidding/Overturn,On Main CW - Not Rest.,Jct App,None,Did Not Leave,None,Front Hit First,Comm To/From Work,Male,52,35-64
1220387075,Havering,15,552173,183015,2,Goods Vehicle,GDS =< 3.5T,Slowing Or Stopping,No Skidding/Overturn,On Main CW - Not Rest.,Jct App,None,Did Not Leave,None,Front Hit First,Jny Part Of Work,Male,63,35-64
1220387077,Bexley,18,547650,170819,1,Car,Car,Slowing Or Stopping,No Skidding/Overturn,On Main CW - Not Rest.,Jct App,None,Did Not Leave,None,Front Hit First,Unknown,Male,61,35-64
1220387077,Bexley,18,547650,170819,2,Car,Car,Going Ahead Held Up,No Skidding/Overturn,On Main CW - Not Rest.,Jct App,None,Did Not Leave,None,Front Hit First,Unknown,Female,28,25-34
1220387077,Bexley,18,547650,170819,3,Car,Car,Going Ahead Held Up,No Skidding/Overturn,On Main CW - Not Rest.,Jct App,None,Did Not Leave,None,Front Hit First,Unknown,Male,66,65+
1220387080,Newham,17,538684,184345,1,Bus Or Coach,London Bus,Moving Off,No Skidding/Overturn,On Main CW - Not Rest.,Not At Jct,None,Did Not Leave,None,Front Hit First,Jny Part Of Work,Male,34,25-34
1220387087,Barnet,30,527274,191904,1,Car,Car,Going Ahead Other,No Skidding/Overturn,On Main CW - Not Rest.,Jct App,None,Did Not Leave,None,Front Hit First,Other/Not Known,Male,40,35-64
1220387089,Croydon,20,533077,164723,1,Car,Car,Turning Right,No Skidding/Overturn,On Main CW - Not Rest.,Jct Mid,None,Did Not Leave,None,Front Hit First,Unknown,Male,48,35-64
1220387089,Croydon,20,533077,164723,3,Goods Vehicle,GDS =< 3.5T,Going Ahead Other,No Skidding/Overturn,On Main CW - Not Rest.,Jct App,None,Did Not Leave,None,Front Hit First,Unknown,Male,27,25-34
1220387090,Hammersmith & Fulham,11,522994,178556,1,Car,Car,Turning Left,No Skidding/Overturn,On Main CW - Not Rest.,Jct Cleared,None,Did Not Leave,None,Front Hit First,Jny Part Of Work,Male,52,35-64
1220387096,Lambeth,9,529963,173728,2,Car,Car,Overtake Move Veh O/S,No Skidding/Overturn,On Main CW - Not Rest.,Jct App,None,Did Not Leave,None,Front Hit First,Unknown,Male,31,25-34
1220387120,Haringey,31,532573,190511,1,Goods Vehicle,GDS =< 3.5T,Going Ahead Other,No Skidding/Overturn,On Main CW - Not Rest.,Jct Cleared,None,Did Not Leave,None,Front Hit First,Unknown,Not Traced,21,17-24
1220387122,Westminster,1,524953,181719,1,Car,Car,Waiting To Turn Right,No Skidding/Overturn,On Main CW - Not Rest.,Entering Main Rd,None,Did Not Leave,None,Front Hit First,Other/Not Known,Female,28,25-34
1220387137,Havering,15,551097,191688,1,Car,Car,Turning Right,No Skidding/Overturn,On Main CW - Not Rest.,Jct Mid,None,Did Not Leave,None,Front Hit First,Taking Pupil To/From Sch,Female,46,35-64
1220387137,Havering,15,551097,191688,2,Car,Car,Going Ahead Other,No Skidding/Overturn,On Main CW - Not Rest.,Jct Mid,None,Did Not Leave,None,Front Hit First,Unknown,Male,25,25-34
1220387147,Brent,28,520241,187786,1,Car,Car,Turning Right,No Skidding/Overturn,On Main CW - Not Rest.,Jct App,None,Did Not Leave,None,Front Hit First,Other/Not Known,Male,19,17-24
1220387156,Barking & Dagenham,16,548845,185225,2,Car,Car,Moving Off,No Skidding/Overturn,On Main CW - Not Rest.,Jct App,None,Did Not Leave,None,Front Hit First,Other/Not Known,Male,45,35-64
1220387198,Lewisham,7,535724,178618,1,Car,Car,Going Ahead Other,No Skidding/Overturn,On Main CW - Not Rest.,Not At Jct,None,Did Not Leave,None,Front Hit First,Other/Not Known,Female,20,17-24
1220387209,Havering,15,550971,188673,1,Car,Car,Moving Off,No Skidding/Overturn,On Main CW - Not Rest.,Entering R'about,None,Did Not Leave,None,Front Hit First,Other/Not Known,Female,27,25-34
1220387213,Lambeth,9,531309,171051,1,Car,Car,U-turning,No Skidding/Overturn,On Main CW - Not Rest.,Not At Jct,None,Did Not Leave,None,Front Hit First,Other/Not Known,Male,28,25-34
1220387224,Lambeth,9,529407,175187,2,Car,Car,Moving Off,No Skidding/Overturn,On Main CW - Not Rest.,Jct Mid,None,Did Not Leave,None,Front Hit First,Unknown,Male,40,35-64
1220387227,Merton,22,526348,167158,1,Car,Car,Going Ahead Other,No Skidding/Overturn,On Main CW - Not Rest.,Not At Jct,None,Did Not Leave,None,Front Hit First,Other/Not Known,Male,44,35-64
1220387231,Wandsworth,10,528480,175757,2,Car,Car,Going Ahead Other,No Skidding/Overturn,On Main CW - Not Rest.,Jct App,None,Did Not Leave,None,Front Hit First,Unknown,Female,35,35-64
1220387232,Hillingdon,26,505830,178396,2,Car,Car,Slowing Or Stopping,No Skidding/Overturn,On Main CW - Not Rest.,Not At Jct,None,Did Not Leave,None,Front Hit First,Other/Not Known,Male,29,25-34
1220387232,Hillingdon,26,505830,178396,3,Goods Vehicle,GDS =< 3.5T,Slowing Or Stopping,No Skidding/Overturn,On Main CW - Not Rest.,Not At Jct,None,Did Not Leave,None,Front Hit First,Jny Part Of Work,Male,22,17-24
1220387237,Lambeth,9,531165,179281,1,Bus Or Coach,London Bus,Going Ahead Other,No Skidding/Overturn,On Main CW - Not Rest.,Not At Jct,None,Did Not Leave,None,Front Hit First,Jny Part Of Work,Male,52,35-64
1220387242,Ealing,27,517131,180560,2,Car,Car,Moving Off,No Skidding/Overturn,On Main CW - Not Rest.,Jct App,None,Did Not Leave,None,Front Hit First,Other/Not Known,Male,23,17-24
1220387243,Wandsworth,10,525991,173057,1,Goods Vehicle,GDS =< 3.5T,Turning Right,No Skidding/Overturn,On Main CW - Not Rest.,Jct App,None,Did Not Leave,None,Front Hit First,Jny Part Of Work,Male,26,25-34
1220387246,Brent,28,517770,186257,1,Car,Car,Turning Right,No Skidding/Overturn,On Main CW - Not Rest.,Leaving Main Rd,None,Did Not Leave,None,Front Hit First,Other/Not Known,Female,38,35-64
1220387251,Havering,15,550644,182932,2,Car,Car,Going Ahead Other,No Skidding/Overturn,On Main CW - Not Rest.,Jct Mid,None,Did Not Leave,None,Front Hit First,Other/Not Known,Male,41,35-64
1220387254,Harrow,29,514169,190755,1,Car,Car,Going Ahead Other,No Skidding/Overturn,On Main CW - Not Rest.,Leaving R'about,None,Did Not Leave,None,Front Hit First,Unknown,Male,74,65+
1220387257,Wandsworth,10,528144,175203,1,Bus Or Coach,London Bus,Going Ahead Other,No Skidding/Overturn,Bus Lane,Jct Cleared,None,Did Not Leave,None,Front Hit First,Jny Part Of Work,Female,37,35-64
1220387267,Redbridge,14,547252,187736,1,Car,Car,Turning Right,No Skidding/Overturn,On Main CW - Not Rest.,Entering Main Rd,None,Did Not Leave,None,Front Hit First,Other/Not Known,Male,23,17-24
1220387282,Wandsworth,10,524124,174230,1,Car,Car,Going Ahead Other,No Skidding/Overturn,On Main CW - Not Rest.,Jct App,None,Did Not Leave,None,Front Hit First,Other/Not Known,Male,55,35-64
1220387287,Redbridge,14,543150,188615,1,Car,Car,Going Ahead Other,Skidded,On Main CW - Not Rest.,Not At Jct,Hit Kerb,Did Not Leave,None,Front Hit First,Other/Not Known,Female,37,35-64
1220387298,Harrow,29,516912,192280,2,Car,Car,Turning Right,No Skidding/Overturn,On Main CW - Not Rest.,Unknown (S/R),None,Unknown (S/R),None,Front Hit First,Other/Not Known,Male,23,17-24
1220387299,Redbridge,14,543230,188435,2,Car,Car,Going Ahead Other,No Skidding/Overturn,On Main CW - Not Rest.,Jct App,None,Did Not Leave,None,Front Hit First,Other/Not Known,Male,32,25-34
1220387312,Havering,15,552438,189804,1,Car,Car,Unknown (S/R),Unknown (S/R),Unknown (S/R),Unknown (S/R),Unknown (S/R),Unknown (S/R),Unknown (S/R),Front Hit First,Unknown,Not Traced,77,65+
1220387328,Kensington & Chelsea,12,528008,179347,2,Private Hire,Private Hire - Licensed,Unknown (S/R),Unknown (S/R),Unknown (S/R),Unknown (S/R),Unknown (S/R),Unknown (S/R),Unknown (S/R),Front Hit First,Unknown,Not Traced,58,35-64
1220387331,Brent,28,519120,186176,1,Goods Vehicle,GDS =< 3.5T,Slowing Or Stopping,No Skidding/Overturn,On Main CW - Not Rest.,Jct App,None,Did Not Leave,None,Front Hit First,Jny Part Of Work,Male,30,25-34
1220387334,Westminster,1,523856,182505,1,Car,Car,Turning Right,No Skidding/Overturn,On Main CW - Not Rest.,Jct Mid,Hit Parked Veh,Did Not Leave,None,Front Hit First,Other/Not Known,Female,61,35-64
1220387341,Camden,2,526259,184374,1,Other Vehicle,Other Vehicle,Going Ahead Other,No Skidding/Overturn,On Main CW - Not Rest.,Not At Jct,None,Did Not Leave,None,Front Hit First,Unknown,Female,26,25-34
1220387348,Greenwich,6,542989,177824,3,Car,Car,Going Ahead Other,No Skidding/Overturn,On Main CW - Not Rest.,Not At Jct,None,Did Not Leave,None,Front Hit First,Other/Not Known,Male,56,35-64
1220387365,Hammersmith & Fulham,11,522254,180963,2,Car,Car,Going Ahead Other,Skidded,On Main CW - Not Rest.,Jct Cleared,None,Left Cwy Onto Central Res,Hit Central Bar,Front Hit First,Unknown,Male,32,25-34
1220387386,Croydon,20,528972,158706,1,Car,Car,Going Ahead Other,No Skidding/Overturn,On Main CW - Not Rest.,Jct Mid,None,Did Not Leave,None,Front Hit First,Other/Not Known,Female,46,35-64
1220387397,Bromley,19,543164,164892,1,Car,Car,Going Ahead Other,No Skidding/Overturn,On Main CW - Not Rest.,Jct App,None,Did Not Leave,None,Front Hit First,Other/Not Known,Female,59,35-64
1220387403,Barnet,30,526560,190854,2,Car,Car,Going Ahead Other,Unknown (S/R),On Main CW - Not Rest.,Jct Mid,None,Did Not Leave,None,Front Hit First,Other/Not Known,Female,45,35-64
1220387409,Westminster,1,529138,178967,1,Car,Car,Going Ahead Other,No Skidding/Overturn,On Main CW - Not Rest.,Jct App,Hit Parked Veh,Did Not Leave,None,Front Hit First,Unknown,Male,48,35-64
1220387410,Bexley,18,546284,171798,1,Car,Car,Turning Right,No Skidding/Overturn,Footway,Leaving Main Rd,None,Left Cwy Nearside,Hit Oth Object,Front Hit First,Other/Not Known,Female,74,65+
1220387411,Waltham Forest,13,539739,194745,1,Car,Car,Turning Right,No Skidding/Overturn,On Main CW - Not Rest.,Leaving Main Rd,None,Did Not Leave,None,Front Hit First,Other/Not Known,Female,24,17-24
1220387417,Bromley,19,541245,160873,1,Car,Car,Going Ahead Right Bend,Skid/Over,On Main CW - Not Rest.,Jct App,None,Did Not Leave,None,Front Hit First,Other/Not Known,Male,26,25-34
1220387417,Bromley,19,541245,160873,2,Car,Car,Going Ahead Left Bend,No Skidding/Overturn,On Main CW - Not Rest.,Jct Cleared,None,Did Not Leave,None,Front Hit First,Other/Not Known,Male,62,35-64
1220387423,Newham,17,540493,185372,2,Taxi,Taxi,Unknown (S/R),Unknown (S/R),Unknown (S/R),Unknown (S/R),Unknown (S/R),Unknown (S/R),Unknown (S/R),Front Hit First,Unknown,Male,62,35-64
1220387424,Tower Hamlets,5,537356,183448,2,Car,Car,Going Ahead Other,No Skidding/Overturn,On Main CW - Not Rest.,Not At Jct,None,Did Not Leave,None,Front Hit First,Other/Not Known,Female,60,35-64
1220387430,Barnet,30,525829,190774,1,Car,Car,Unknown (S/R),Unknown (S/R),Unknown (S/R),Unknown (S/R),Unknown (S/R),Unknown (S/R),Unknown (S/R),Front Hit First,Comm To/From Work,Male,38,35-64
1220387433,Redbridge,14,543711,186212,1,Car,Car,Unknown (S/R),Unknown (S/R),Unknown (S/R),Unknown (S/R),Unknown (S/R),Unknown (S/R),Unknown (S/R),Front Hit First,Other/Not Known,Male,51,35-64
1220387442,Enfield,32,534377,197479,2,Car,Car,Going Ahead Other,No Skidding/Overturn,On Main CW - Not Rest.,Jct Mid,None,Did Not Leave,None,Front Hit First,Other/Not Known,Male,50,35-64
1220387442,Enfield,32,534377,197479,3,Car,Car,Going Ahead Held Up,No Skidding/Overturn,On Main CW - Not Rest.,Jct App,None,Did Not Leave,None,Front Hit First,Unknown,Female,36,35-64
1220387442,Enfield,32,534377,197479,5,Bus Or Coach,London Bus,Going Ahead Held Up,No Skidding/Overturn,On Main CW - Not Rest.,Jct App,None,Did Not Leave,None,Front Hit First,Other/Not Known,Male,55,35-64
1220387452,Lewisham,7,538962,176658,2,Car,Car,Going Ahead Other,No Skidding/Overturn,On Main CW - Not Rest.,Jct Mid,None,Did Not Leave,None,Front Hit First,Other/Not Known,Male,34,25-34
1220387458,Barking & Dagenham,16,546231,183130,1,Bus Or Coach,London Bus,Going Ahead Other,No Skidding/Overturn,On Main CW - Not Rest.,Jct App,None,Did Not Leave,None,Front Hit First,Jny Part Of Work,Male,47,35-64
1220387462,Barking & Dagenham,16,547292,186937,1,Car,Car,Going Ahead Other,No Skidding/Overturn,On Main CW - Not Rest.,Jct Mid,None,Did Not Leave,None,Front Hit First,Unknown,Male,34,25-34
1220387464,Redbridge,14,542863,188420,2,Car,Car,Turning Left,No Skidding/Overturn,On Main CW - Not Rest.,Jct Cleared,None,Did Not Leave,None,Front Hit First,Jny Part Of Work,Male,49,35-64
1220387466,Hammersmith & Fulham,11,521887,180108,1,Car,Car,Going Ahead Other,Overturn,On Main CW - Not Rest.,Jct App,None,Did Not Leave,None,Front Hit First,Unknown,Male,20,17-24
1220387466,Hammersmith & Fulham,11,521887,180108,2,Car,Car,Turning Right,No Skidding/Overturn,On Main CW - Not Rest.,Jct App,None,Did Not Leave,None,Front Hit First,Other/Not Known,Female,35,35-64
1220387468,Ealing,27,513140,183794,1,Car,Car,Turning Right,No Skidding/Overturn,On Main CW - Not Rest.,Jct App,Hit Kerb,Did Not Leave,None,Front Hit First,Unknown,Male,35,35-64
1220387471,Enfield,32,532955,198465,1,Car,Car,Going Ahead Right Bend,Overturn,On Main CW - Not Rest.,Not At Jct,Hit Parked Veh,Did Not Leave,None,Front Hit First,Other/Not Known,Female,21,17-24
1220387473,Newham,17,542482,185775,2,Car,Car,Going Ahead Other,No Skidding/Overturn,On Main CW - Not Rest.,Jct App,None,Did Not Leave,None,Front Hit First,Unknown,Male,18,17-24
1220387474,Westminster,1,525417,182378,1,Private Hire,Private Hire - Licensed,Waiting To Turn Right,No Skidding/Overturn,On Main CW - Not Rest.,Jct Cleared,None,Did Not Leave,None,Front Hit First,Jny Part Of Work,Male,47,35-64
1220387481,Lambeth,9,531174,171622,1,Goods Vehicle,GDS =< 3.5T,Going Ahead Other,No Skidding/Overturn,On Main CW - Not Rest.,Jct App,None,Did Not Leave,None,Front Hit First,Other/Not Known,Male,36,35-64
1220387481,Lambeth,9,531174,171622,2,Car,Car,Overtake Move Veh O/S,No Skidding/Overturn,On Main CW - Not Rest.,Jct Mid,None,Did Not Leave,None,Front Hit First,Other/Not Known,Female,40,35-64
1220387490,Bexley,18,549097,177034,1,Car,Car,Going Ahead Other,No Skidding/Overturn,On Main CW - Not Rest.,Not At Jct,Hit Parked Veh,Did Not Leave,None,Front Hit First,Comm To/From Work,Male,38,35-64
1220387523,Enfield,32,531450,191645,1,Car,Car,Going Ahead Left Bend,No Skidding/Overturn,On Main CW - Not Rest.,Not At Jct,Hit Parked Veh,Did Not Leave,None,Front Hit First,Other/Not Known,Male,42,35-64
1220387538,Lambeth,9,532023,175898,1,Car,Car,Turning Right,No Skidding/Overturn,On Main CW - Not Rest.,Entering Main Rd,None,Did Not Leave,None,Front Hit First,Other/Not Known,Female,40,35-64
1220387544,Enfield,32,532545,192601,1,Goods Vehicle,GDS =< 3.5T,Going Ahead Other,No Skidding/Overturn,On Main CW - Not Rest.,Jct Mid,None,Did Not Leave,None,Front Hit First,Jny Part Of Work,Male,65,65+
1220387551,Westminster,1,526218,181430,2,Goods Vehicle,GDS 3.5-7.5T,Slowing Or Stopping,No Skidding/Overturn,On Main CW - Not Rest.,Jct App,None,Did Not Leave,None,Front Hit First,Jny Part Of Work,Male,33,25-34
1220387553,Barnet,30,526560,190873,2,Taxi,Taxi,Unknown (S/R),Unknown (S/R),Unknown (S/R),Unknown (S/R),Unknown (S/R),Unknown (S/R),Unknown (S/R),Front Hit First,Unknown,Not Traced,32,25-34
1220387558,Waltham Forest,13,537645,185949,1,Car,Car,Turning Right,No Skidding/Overturn,On Main CW - Not Rest.,Jct Mid,None,Did Not Leave,None,Front Hit First,Unknown,Male,28,25-34
1220387572,Harrow,29,519073,190421,1,Car,Car,Going Ahead Other,No Skidding/Overturn,On Main CW - Not Rest.,Jct Mid,None,Did Not Leave,None,Front Hit First,Other/Not Known,Male,43,35-64
1220387572,Harrow,29,519073,190421,2,Other Vehicle,Other Vehicle,Going Ahead Other,No Skidding/Overturn,On Main CW - Not Rest.,Jct Mid,None,Did Not Leave,None,Front Hit First,Unknown,Male,18,17-24
1220387587,Kensington & Chelsea,12,524389,180109,2,Other Vehicle,Other Vehicle,Going Ahead Other,No Skidding/Overturn,On Main CW - Not Rest.,Jct App,None,Did Not Leave,None,Front Hit First,Jny Part Of Work,Female,44,35-64
1220387591,Barnet,30,520917,192828,1,Car,Car,Slowing Or Stopping,No Skidding/Overturn,On Main CW - Not Rest.,Jct App,None,Did Not Leave,None,Front Hit First,Other/Not Known,Female,33,25-34
1220387592,Barking & Dagenham,16,549248,186860,3,Car,Car,Going Ahead Other,No Skidding/Overturn,On Main CW - Not Rest.,Not At Jct,None,Did Not Leave,None,Front Hit First,Unknown,Male,34,25-34
1220387602,Islington,3,533383,185151,1,Car,Car,Moving Off,No Skidding/Overturn,On Main CW - Not Rest.,Jct Mid,None,Did Not Leave,None,Front Hit First,Other/Not Known,Male,30,25-34
1220387607,Greenwich,6,541124,174289,2,Car,Car,Going Ahead Other,No Skidding/Overturn,On Main CW - Not Rest.,Entering R'about,None,Did Not Leave,None,Front Hit First,Unknown,Male,32,25-34
1220387617,Westminster,1,529764,180705,2,Car,Car,Going Ahead Other,Overturn,On Main CW - Not Rest.,Jct Cleared,None,Did Not Leave,None,Front Hit First,Unknown,Male,22,17-24
1220387619,Hounslow,25,511873,177358,1,Car,Car,Going Ahead Other,No Skidding/Overturn,On Main CW - Not Rest.,Jct Mid,None,Did Not Leave,None,Front Hit First,Other/Not Known,Male,51,35-64
1220387634,Tower Hamlets,5,534752,181826,1,Car,Car,Turning Right,No Skidding/Overturn,On Main CW - Not Rest.,Entering Main Rd,None,Did Not Leave,None,Front Hit First,Comm To/From Work,Male,34,25-34
1220387635,Harrow,29,517374,188951,1,Private Hire,Private Hire - Licensed,Going Ahead Other,No Skidding/Overturn,On Main CW - Not Rest.,Not At Jct,None,Did Not Leave,None,Front Hit First,Other/Not Known,Male,21,17-24
1220387638,Kensington & Chelsea,12,526562,178594,2,Car,Car,Waiting To Turn Right,No Skidding/Overturn,On Main CW - Not Rest.,Jct App,None,Did Not Leave,None,Front Hit First,Other/Not Known,Male,57,35-64
1220387639,Enfield,32,536205,195845,1,Car,Car,Going Ahead Other,Skid/Over,On Main CW - Not Rest.,Entering R'about,None,Left Cwy Ahead At Junctn,Hit Rd Sign/Ats,Front Hit First,Unknown,Male,54,35-64
1220387640,Ealing,27,516168,180296,2,Car,Car,Going Ahead Other,No Skidding/Overturn,On Main CW - Not Rest.,Not At Jct,None,Did Not Leave,None,Front Hit First,Other/Not Known,Male,27,25-34
1220387643,Islington,3,531223,186595,1,Bus Or Coach,London Bus,Change Lane To Right,No Skidding/Overturn,Bus Lane,Jct App,Hit Bollard,Did Not Leave,None,Front Hit First,Jny Part Of Work,Male,62,35-64
1220387644,Lambeth,9,531248,177959,2,Car,Car,Turning Right,No Skidding/Overturn,On Main CW - Not Rest.,Jct App,None,Did Not Leave,None,Front Hit First,Unknown,Not Traced,32,25-34
1220387648,Tower Hamlets,5,533869,181915,1,Car,Car,Going Ahead Other,No Skidding/Overturn,On Main CW - Not Rest.,Jct Mid,None,Did Not Leave,None,Front Hit First,Comm To/From Work,Male,22,17-24
1220387676,Lambeth,9,530031,171839,1,Car,Car,Going Ahead Other,No Skidding/Overturn,On Main CW - Not Rest.,Jct App,None,Did Not Leave,None,Front Hit First,Other/Not Known,Male,73,65+
1220387677,Wandsworth,10,524345,174924,1,Car,Car,Turning Right,No Skidding/Overturn,On Main CW - Not Rest.,Entering From Slip,None,Did Not Leave,None,Front Hit First,Other/Not Known,Male,24,17-24
1220387681,Enfield,32,529677,194299,1,Car,Car,Going Ahead Other,No Skidding/Overturn,On Main CW - Not Rest.,Leaving R'about,None,Did Not Leave,None,Front Hit First,Other/Not Known,Female,60,35-64
1220387695,Sutton,21,529083,163710,1,Car,Car,Turning Right,No Skidding/Overturn,On Main CW - Not Rest.,Jct Mid,None,Did Not Leave,None,Front Hit First,Other/Not Known,Female,46,35-64
1220387695,Sutton,21,529083,163710,2,Car,Car,Going Ahead Other,No Skidding/Overturn,On Main CW - Not Rest.,Jct Mid,None,Did Not Leave,None,Front Hit First,Unknown,Male,40,35-64
1220387700,Redbridge,14,543261,186166,1,Car,Car,Unknown (S/R),Unknown (S/R),Unknown (S/R),Unknown (S/R),Unknown (S/R),Unknown (S/R),Unknown (S/R),Front Hit First,Other/Not Known,Male,37,35-64
1220387702,Bexley,18,546154,171811,1,Car,Car,Turning Right,No Skidding/Overturn,On Main CW - Not Rest.,Jct Mid,None,Did Not Leave,None,Front Hit First,Jny Part Of Work,Male,35,35-64
1220387703,Barnet,30,524071,185933,2,Car,Car,Going Ahead Other,No Skidding/Overturn,On Main CW - Not Rest.,Jct Mid,None,Did Not Leave,None,Front Hit First,Other/Not Known,Male,47,35-64
1220387715,Lambeth,9,530720,176122,2,Bus Or Coach,London Bus,Going Ahead Other,No Skidding/Overturn,On Main CW - Not Rest.,Jct Mid,None,Did Not Leave,None,Front Hit First,Other/Not Known,Male,40,35-64
1220387718,Harrow,29,512718,191148,2,Car,Car,Unknown (S/R),Unknown (S/R),Unknown (S/R),Unknown (S/R),Unknown (S/R),Unknown (S/R),Unknown (S/R),Front Hit First,Unknown,Not Traced,42,35-64
1220387719,Greenwich,6,544014,177931,2,Car,Car,Going Ahead Other,No Skidding/Overturn,On Main CW - Not Rest.,Jct Mid,None,Did Not Leave,None,Front Hit First,Comm To/From Work,Female,24,17-24
1220387724,Southwark,8,533997,176359,1,Goods Vehicle,GDS =< 3.5T,Going Ahead Left Bend,No Skidding/Overturn,On Main CW - Not Rest.,Not At Jct,None,Did Not Leave,None,Front Hit First,Jny Part Of Work,Male,29,25-34
1220387724,Southwark,8,533997,176359,2,Car,Car,Going Ahead Right Bend,No Skidding/Overturn,On Main CW - Not Rest.,Not At Jct,None,Did Not Leave,None,Front Hit First,Other/Not Known,Male,34,25-34
1220387734,Kensington & Chelsea,12,523916,182336,1,Goods Vehicle,GDS =< 3.5T,Turning Right,No Skidding/Overturn,On Main CW - Not Rest.,Jct App,None,Did Not Leave,None,Front Hit First,Jny Part Of Work,Male,21,17-24
1220387742,Lewisham,7,535987,176851,1,Car,Car,Going Ahead Held Up,No Skidding/Overturn,On Main CW - Not Rest.,Not At Jct,None,Did Not Leave,None,Front Hit First,Jny Part Of Work,Male,58,35-64
1220387748,Wandsworth,10,527131,176083,1,Car,Car,Unknown (S/R),Unknown (S/R),Unknown (S/R),Unknown (S/R),Unknown (S/R),Unknown (S/R),Unknown (S/R),Front Hit First,Other/Not Known,Female,36,35-64
1220387751,Bromley,19,544970,170552,1,Car,Car,Slowing Or Stopping,No Skidding/Overturn,On Main CW - Not Rest.,Jct App,None,Did Not Leave,None,Front Hit First,Jny Part Of Work,Male,30,25-34
1220387755,Southwark,8,532508,178976,1,Car,Car,Going Ahead Other,No Skidding/Overturn,On Main CW - Not Rest.,Jct Cleared,None,Left Cwy Nearside,Hit Lamp Post,Front Hit First,Unknown,Male,34,25-34
1220387759,Newham,17,538509,184843,2,Goods Vehicle,GDS =< 3.5T,Slowing Or Stopping,No Skidding/Overturn,On Main CW - Not Rest.,Jct App,None,Did Not Leave,None,Front Hit First,Jny Part Of Work,Not Traced,45,35-64
1220387761,Hounslow,25,520307,177949,2,Other Vehicle,Minibus,Going Ahead Other,No Skidding/Overturn,On Main CW - Not Rest.,Not At Jct,None,Did Not Leave,None,Front Hit First,Other/Not Known,Female,66,65+
1220387769,Redbridge,14,544250,189764,1,Goods Vehicle,GDS =< 3.5T,Going Ahead Other,No Skidding/Overturn,On Main CW - Not Rest.,Jct App,None,Did Not Leave,None,Front Hit First,Jny Part Of Work,Male,40,35-64
1220387782,Newham,17,538431,183708,1,Car,Car,Turning Left,No Skidding/Overturn,Cycle Lane (On CWY),Leaving Main Rd,None,Did Not Leave,None,Front Hit First,Other/Not Known,Male,19,17-24
1220387787,Southwark,8,532750,176719,2,Car,Car,Unknown (S/R),Unknown (S/R),Unknown (S/R),Unknown (S/R),Unknown (S/R),Unknown (S/R),Unknown (S/R),Front Hit First,Unknown,Not Traced,69,65+
1220387796,Haringey,31,531827,189794,1,Car,Car,Unknown (S/R),Unknown (S/R),Unknown (S/R),Unknown (S/R),Unknown (S/R),Unknown (S/R),Unknown (S/R),Front Hit First,Other/Not Known,Male,38,35-64
1220387803,Bromley,19,535714,168522,2,Goods Vehicle,GDS =< 3.5T,Going Ahead Other,No Skidding/Overturn,On Main CW - Not Rest.,Jct App,None,Did Not Leave,None,Front Hit First,Unknown,Male,32,25-34
1220387807,Redbridge,14,540129,191861,1,Goods Vehicle,GDS =< 3.5T,Going Ahead Other,No Skidding/Overturn,On Main CW - Not Rest.,Jct App,None,Did Not Leave,None,Front Hit First,Comm To/From Work,Male,41,35-64
1220387818,Newham,17,543451,183841,2,Car,Car,Going Ahead Other,No Skidding/Overturn,On Main CW - Not Rest.,Not At Jct,None,Did Not Leave,None,Front Hit First,Other/Not Known,Male,40,35-64
1220387820,Tower Hamlets,5,537636,183206,1,Car,Car,Going Ahead Other,Skidded,On Main CW - Not Rest.,Jct App,Hit Brdg Side,Did Not Leave,None,Front Hit First,Other/Not Known,Male,18,17-24
1220387821,Enfield,32,534105,192448,2,Car,Car,Going Ahead Other,No Skidding/Overturn,On Main CW - Not Rest.,Jct Mid,None,Did Not Leave,None,Front Hit First,Unknown,Male,34,25-34
1220387823,Enfield,32,530804,196763,2,Car,Car,Going Ahead Other,No Skidding/Overturn,On Main CW - Not Rest.,Entering R'about,None,Did Not Leave,None,Front Hit First,Other/Not Known,Male,33,25-34
1220387828,Hammersmith & Fulham,11,525825,176697,2,Car,Car,Going Ahead Other,No Skidding/Overturn,On Main CW - Not Rest.,Jct App,None,Did Not Leave,None,Front Hit First,Other/Not Known,Female,42,35-64
1220387832,Westminster,1,530320,179911,1,Car,Car,Turning Right,No Skidding/Overturn,On Main CW - Not Rest.,Jct Mid,None,Did Not Leave,None,Front Hit First,Jny Part Of Work,Male,62,35-64