_Collision Id,Borough Name,Borough Number,Easting,Northing,_Vehicle Id,Vehicle Type Banded,Vehicle Type,Vehicle Manoeuvres,Vehicle Skidding and Overturning,Vehicle Restricted Lane,Location of Vehicle at First Impact,Vehicle Hit Object in Carriageway,Vehicle Leaving Carriageway,Vehicle Hit Object Off Carriageway,First Point of Impact,Journey Purpose,Driver Gender,Driver Age,Driver age (Banded)
1220392531,Islington,3,531947,183922,1,Car,Car,Going Ahead Other,No Skidding/Overturn,On Main CW - Not Rest.,Jct App,None,Did Not Leave,None,Front Hit First,Other/Not Known,Male,36,35-64
1220392536,Brent,28,521176,185670,1,Car,Car,Going Ahead Other,No Skidding/Overturn,On Main CW - Not Rest.,Not At Jct,None,Did Not Leave,None,Front Hit First,Other/Not Known,Male,43,35-64
1220392537,Hillingdon,26,509788,183571,1,Car,Car,Going Ahead Other,No Skidding/Overturn,On Main CW - Not Rest.,Not At Jct,Hit Bollard,Left Cwy Offside,Wall Or Fence,Front Hit First,Other/Not Known,Male,25,25-34
1220392561,Croydon,20,534041,168473,2,Bus Or Coach,London Bus,Going Ahead Other,No Skidding/Overturn,On Main CW - Not Rest.,Jct Mid,None,Did Not Leave,None,Front Hit First,Unknown,Not Traced,22,17-24
1220392565,Harrow,29,517390,190414,1,Car,Car,Going Ahead Other,No Skidding/Overturn,On Main CW - Not Rest.,Jct Cleared,None,Did Not Leave,None,Front Hit First,Unknown,Male,51,35-64
1220392566,Croydon,20,535391,165596,1,Car,Car,Going Ahead Right Bend,No Skidding/Overturn,On Main CW - Not Rest.,Entering R'about,None,Did Not Leave,None,Front Hit First,Unknown,Female,37,35-64
1220392566,Croydon,20,535391,165596,2,Car,Car,Going Ahead Other,No Skidding/Overturn,On Main CW - Not Rest.,Entering R'about,None,Did Not Leave,None,Front Hit First,Unknown,Female,24,17-24
1220392569,Newham,17,538804,184217,2,Car,Car,Slowing Or Stopping,No Skidding/Overturn,On Main CW - Not Rest.,Jct App,None,Did Not Leave,None,Front Hit First,Unknown,Male,23,17-24
1220392570,Westminster,1,529479,181450,1,Car,Car,Going Ahead Other,No Skidding/Overturn,On Main CW - Not Rest.,Jct App,Hit Parked Veh,Left Cwy Nearside,Wall Or Fence,Front Hit First,Jny Part Of Work,Male,30,25-34
1220392573,Brent,28,516656,185519,1,Car,Car,Going Ahead Other,No Skidding/Overturn,On Main CW - Not Rest.,Jct App,Hit Parked Veh,Did Not Leave,None,Front Hit First,Other/Not Known,Female,25,25-34
1220392574,Kensington & Chelsea,12,525873,177865,1,Car,Car,Overtake Stat Veh O/S,Overturn,On Main CW - Not Rest.,Jct App,Hit Parked Veh,Did Not Leave,None,Front Hit First,Unknown,Female,27,25-34
1220392577,Richmond-Upon-Thames,24,519753,175859,3,Car,Car,Slowing Or Stopping,No Skidding/Overturn,On Main CW - Not Rest.,Not At Jct,None,Did Not Leave,None,Front Hit First,Jny Part Of Work,Male,43,35-64
1220392614,Barnet,30,523971,189547,2,Car,Car,Slowing Or Stopping,No Skidding/Overturn,On Main CW - Not Rest.,Jct App,None,Did Not Leave,None,Front Hit First,Other/Not Known,Male,62,35-64
1220392615,Wandsworth,10,526309,172810,2,Car,Car,Going Ahead Other,No Skidding/Overturn,On Main CW - Not Rest.,Jct App,None,Did Not Leave,None,Front Hit First,Other/Not Known,Female,68,65+
1220392619,Lambeth,9,532038,172893,2,Goods Vehicle,GDS =< 3.5T,Turning Left,No Skidding/Overturn,On Main CW - Not Rest.,Jct App,None,Did Not Leave,None,Front Hit First,Unknown,Male,37,35-64
1220392622,Waltham Forest,13,539080,189122,1,Car,Car,Going Ahead Held Up,No Skidding/Overturn,On Main CW - Not Rest.,Jct App,None,Did Not Leave,None,Front Hit First,Unknown,Female,40,35-64
1220392665,Croydon,20,533193,166336,1,Car,Car,Going Ahead Other,No Skidding/Overturn,On Main CW - Not Rest.,Jct App,None,Did Not Leave,None,Front Hit First,Other/Not Known,Female,48,35-64
1220392676,Croydon,20,531835,169887,1,Car,Car,Going Ahead Other,No Skidding/Overturn,On Main CW - Not Rest.,Jct Mid,None,Did Not Leave,None,Front Hit First,Other/Not Known,Male,72,65+
1220392676,Croydon,20,531835,169887,2,Car,Car,Going Ahead Other,No Skidding/Overturn,On Main CW - Not Rest.,Entering Main Rd,None,Did Not Leave,None,Front Hit First,Unknown,Male,67,65+
1220392688,Brent,28,521431,185605,1,Car,Car,Going Ahead Other,No Skidding/Overturn,On Main CW - Not Rest.,Jct App,None,Did Not Leave,None,Front Hit First,Other/Not Known,Female,33,25-34
1220392688,Brent,28,521431,185605,2,Car,Car,Going Ahead Other,No Skidding/Overturn,On Main CW - Not Rest.,Jct App,None,Did Not Leave,None,Front Hit First,Unknown,Male,66,65+
1220392689,Merton,22,526107,169806,1,Car,Car,Moving Off,Skid/Over,On Main CW - Not Rest.,Not At Jct,Hit Kerb,Left Cwy Offside,Hit Oth Object,Front Hit First,Other/Not Known,Female,76,65+
1220392697,Harrow,29,513504,191242,1,Car,Car,Going Ahead Other,No Skidding/Overturn,Footway,Not At Jct,Hit Kerb,Left Cwy Nearside,Hit Telegraph,Front Hit First,Comm To/From Work,Male,28,25-34
1220392698,Redbridge,14,544660,186520,2,Car,Car,Going Ahead Other,No Skidding/Overturn,On Main CW - Not Rest.,Jct App,None,Did Not Leave,None,Front Hit First,Other/Not Known,Male,21,17-24
1220392700,Greenwich,6,544423,175491,1,Car,Car,Going Ahead Other,Skidded,On Main CW - Not Rest.,Not At Jct,Hit Parked Veh,Did Not Leave,None,Front Hit First,Unknown,Female,26,25-34
1220392704,Newham,17,538207,185168,1,Car,Car,Turning Right,No Skidding/Overturn,On Main CW - Not Rest.,Entering Main Rd,None,Did Not Leave,None,Front Hit First,Other/Not Known,Male,37,35-64
1220392704,Newham,17,538207,185168,2,Private Hire,Private Hire - Licensed,Going Ahead Other,No Skidding/Overturn,On Main CW - Not Rest.,Jct App,None,Did Not Leave,None,Front Hit First,Jny Part Of Work,Male,42,35-64
1220392715,Westminster,1,527951,180699,1,Car,Car,Waiting To Turn Right,No Skidding/Overturn,On Main CW - Not Rest.,Jct App,Hit Kerb,Did Not Leave,None,Front Hit First,Jny Part Of Work,Male,29,25-34
1220392717,Merton,22,527821,169192,1,Goods Vehicle,GDS =< 3.5T,Turning Right,No Skidding/Overturn,On Main CW - Not Rest.,Jct Mid,None,Did Not Leave,None,Front Hit First,Jny Part Of Work,Male,29,25-34
1220392717,Merton,22,527821,169192,2,Other Vehicle,Other Vehicle,Going Ahead Other,No Skidding/Overturn,On Main CW - Not Rest.,Entering From Slip,None,Did Not Leave,None,Front Hit First,Jny Part Of Work,Male,39,35-64
1220392728,Barking & Dagenham,16,549428,183427,2,Car,Car,Going Ahead Other,No Skidding/Overturn,On Main CW - Not Rest.,Not At Jct,None,Did Not Leave,None,Front Hit First,Other/Not Known,Female,24,17-24
1220392730,Sutton,21,529979,163946,3,Goods Vehicle,GDS =< 3.5T,Going Ahead Other,No Skidding/Overturn,On Main CW - Not Rest.,Jct Cleared,None,Did Not Leave,None,Front Hit First,Jny Part Of Work,Male,28,25-34
1220392735,Redbridge,14,540933,190704,1,Car,Car,Moving Off,No Skidding/Overturn,On Main CW - Not Rest.,Entering R'about,None,Did Not Leave,None,Front Hit First,Comm To/From Work,Female,42,35-64
1220392736,Barking & Dagenham,16,548816,186574,2,Car,Car,Going Ahead Other,No Skidding/Overturn,On Main CW - Not Rest.,Jct App,None,Did Not Leave,None,Front Hit First,Other/Not Known,Male,59,35-64
1220392741,Croydon,20,537144,163976,1,Car,Car,Going Ahead Right Bend,No Skidding/Overturn,On Main CW - Not Rest.,Jct Mid,None,Did Not Leave,None,Front Hit First,Other/Not Known,Female,35,35-64
1220392741,Croydon,20,537144,163976,2,Car,Car,Going Ahead Other,No Skidding/Overturn,On Main CW - Not Rest.,Jct Mid,None,Did Not Leave,None,Front Hit First,Comm To/From Work,Male,67,65+
1220392749,Brent,28,518847,187984,2,Car,Car,Going Ahead Other,No Skidding/Overturn,On Main CW - Not Rest.,Not At Jct,None,Did Not Leave,None,Front Hit First,Comm To/From Work,Female,60,35-64
1220392753,Barnet,30,522326,187872,1,Car,Car,Going Ahead Other,No Skidding/Overturn,On Main CW - Not Rest.,Not At Jct,None,Did Not Leave,None,Front Hit First,Other/Not Known,Male,59,35-64
1220392785,Hammersmith & Fulham,11,525846,177028,1,Car,Car,Waiting To Turn Right,No Skidding/Overturn,On Main CW - Not Rest.,Jct Mid,None,Did Not Leave,None,Front Hit First,Other/Not Known,Female,48,35-64
1220392790,Bromley,19,534496,169416,2,Car,Car,Slowing Or Stopping,No Skidding/Overturn,On Main CW - Not Rest.,Not At Jct,None,Did Not Leave,None,Front Hit First,Comm To/From Work,Female,27,25-34
1220392816,Barnet,30,526429,193924,2,Car,Car,Overtake Move Veh O/S,No Skidding/Overturn,On Main CW - Not Rest.,Jct App,Hit Bollard,Did Not Leave,None,Front Hit First,Unknown,Male,20,17-24
1220392831,Waltham Forest,13,538724,194107,3,Private Hire,Private Hire - Licensed,Going Ahead Other,No Skidding/Overturn,On Main CW - Not Rest.,Jct App,None,Did Not Leave,None,Front Hit First,Other/Not Known,Male,52,35-64
1220392833,Waltham Forest,13,536620,188208,1,Car,Car,Turning Right,No Skidding/Overturn,On Main CW - Not Rest.,Entering Main Rd,None,Did Not Leave,None,Front Hit First,Other/Not Known,Male,35,35-64
1220392843,Westminster,1,524019,182935,2,Car,Car,Waiting To Turn Right,No Skidding/Overturn,On Main CW - Not Rest.,Jct App,None,Did Not Leave,None,Front Hit First,Other/Not Known,Male,27,25-34
1220392852,Wandsworth,10,528139,171651,2,Car,Car,Going Ahead Other,No Skidding/Overturn,On Main CW - Not Rest.,Jct Mid,None,Left Cwy Nearside,None,Front Hit First,Jny Part Of Work,Male,24,17-24
1220392857,Camden,2,528777,182327,1,Taxi,Taxi,Going Ahead Other,No Skidding/Overturn,On Main CW - Not Rest.,Jct App,None,Did Not Leave,None,Front Hit First,Jny Part Of Work,Male,65,65+
1220392858,Wandsworth,10,525524,174674,1,Car,Car,Going Ahead Held Up,No Skidding/Overturn,On Main CW - Not Rest.,Jct App,None,Did Not Leave,None,Front Hit First,Other/Not Known,Female,39,35-64
1220392864,Lambeth,9,529798,173074,1,Car,Car,Going Ahead Other,No Skidding/Overturn,On Main CW - Not Rest.,Jct App,None,Did Not Leave,None,Front Hit First,Other/Not Known,Male,82,65+
1220392866,Enfield,32,532507,197849,1,Car,Car,Moving Off,No Skidding/Overturn,On Main CW - Not Rest.,Entering Main Rd,Hit Oth Object,Left Cwy Nearside,Hit Telegraph,Front Hit First,Other/Not Known,Female,27,25-34
1220392867,Barking & Dagenham,16,550187,184352,2,Car,Car,Unknown (S/R),Unknown (S/R),Unknown (S/R),Unknown (S/R),Unknown (S/R),Unknown (S/R),Unknown (S/R),Front Hit First,Unknown,Male,50,35-64
1220392868,Ealing,27,513263,184515,1,Taxi,Taxi,Unknown (S/R),Unknown (S/R),Unknown (S/R),Unknown (S/R),Unknown (S/R),Unknown (S/R),Unknown (S/R),Front Hit First,Jny Part Of Work,Male,54,35-64
1220392872,Westminster,1,527821,181785,1,Taxi,Taxi,Going Ahead Other,No Skidding/Overturn,On Main CW - Not Rest.,Jct Mid,None,Did Not Leave,None,Front Hit First,Jny Part Of Work,Male,53,35-64
1220392886,Harrow,29,513611,188663,1,Car,Car,Turning Right,Skidded,On Main CW - Not Rest.,Leaving Main Rd,None,Did Not Leave,None,Front Hit First,Other/Not Known,Male,19,17-24
1220392886,Harrow,29,513611,188663,2,Car,Car,Going Ahead Other,No Skidding/Overturn,On Main CW - Not Rest.,Jct App,None,Did Not Leave,None,Front Hit First,Unknown,Male,31,25-34
1220392887,Camden,2,530056,181483,1,Goods Vehicle,GDS =< 3.5T,Going Ahead Other,Skidded,On Main CW - Not Rest.,Jct App,Hit Parked Veh,Did Not Leave,None,Front Hit First,Comm To/From Work,Male,55,35-64
1220392888,Redbridge,14,545927,187259,1,Car,Car,Turning Right,No Skidding/Overturn,On Main CW - Not Rest.,Entering Main Rd,None,Did Not Leave,None,Front Hit First,Unknown,Male,19,17-24
1220392892,Lambeth,9,530774,180006,2,Other Vehicle,Other Vehicle,Going Ahead Other,No Skidding/Overturn,Footway,Not At Jct,Hit Parked Veh,Did Not Leave,None,Front Hit First,Unknown,Female,22,17-24
1220392893,Islington,3,531257,186589,2,Other Vehicle,Other Vehicle,Going Ahead Other,No Skidding/Overturn,On Main CW - Not Rest.,Jct App,None,Did Not Leave,None,Front Hit First,Other/Not Known,Male,29,25-34
1220392894,Havering,15,550995,188645,2,Car,Car,Going Ahead Other,No Skidding/Overturn,On Main CW - Not Rest.,Entering R'about,None,Did Not Leave,None,Front Hit First,Unknown,Male,42,35-64
1220392896,Camden,2,525245,183863,1,Car,Car,Going Ahead Other,No Skidding/Overturn,On Main CW - Not Rest.,Jct Mid,None,Did Not Leave,None,Front Hit First,Comm To/From Work,Female,65,65+
1220392904,Croydon,20,533485,161829,1,Car,Car,Going Ahead Other,No Skidding/Overturn,On Main CW - Not Rest.,Not At Jct,Hit Parked Veh,Did Not Leave,None,Front Hit First,Jny Part Of Work,Female,48,35-64
1220392912,Harrow,29,512590,186833,1,Car,Car,Going Ahead Left Bend,Skidded,Footway,Not At Jct,None,Left Cwy Offside,Hit Tree,Front Hit First,Unknown,Male,28,25-34
1220392923,Hillingdon,26,509785,181982,2,Car,Car,Unknown (S/R),Unknown (S/R),Unknown (S/R),Unknown (S/R),Unknown (S/R),Unknown (S/R),Unknown (S/R),Front Hit First,Unknown,Not Traced,32,25-34
1220392969,Westminster,1,527493,181139,1,Car,Car,Slowing Or Stopping,No Skidding/Overturn,On Main CW - Not Rest.,Jct App,Hit Parked Veh,Did Not Leave,None,Front Hit First,Other/Not Known,Female,75,65+
1220392973,Kingston-Upon-Thames,23,519673,169658,2,Goods Vehicle,GDS =< 3.5T,Turning Right,No Skidding/Overturn,On Main CW - Not Rest.,Jct Mid,None,Did Not Leave,None,Front Hit First,Unknown,Male,40,35-64
1220392987,Lambeth,9,531779,172760,3,Bus Or Coach,London Bus,Going Ahead Held Up,No Skidding/Overturn,Bus Lane,Jct App,None,Did Not Leave,None,Front Hit First,Jny Part Of Work,Male,37,35-64
1220392987,Lambeth,9,531779,172760,5,Car,Car,Going Ahead Other,No Skidding/Overturn,On Main CW - Not Rest.,Jct Cleared,None,Did Not Leave,None,Front Hit First,Unknown,Male,25,25-34
1220392993,Islington,3,531834,182737,1,Bus Or Coach,London Bus,Going Ahead Other,No Skidding/Overturn,Bus Lane,Not At Jct,None,Did Not Leave,None,Front Hit First,Other/Not Known,Male,40,35-64
1220392995,Croydon,20,531380,167063,2,Car,Car,Going Ahead Other,No Skidding/Overturn,On Main CW - Not Rest.,Jct Cleared,Hit Parked Veh,Left Cwy Offside,Wall Or Fence,Front Hit First,Unknown,Male,23,17-24
1220393011,Waltham Forest,13,538016,189848,1,Car,Car,Waiting To Turn Right,No Skidding/Overturn,On Main CW - Not Rest.,Jct App,None,Did Not Leave,None,Front Hit First,Unknown,Male,32,25-34
1220393019,Westminster,1,525727,181769,1,Car,Car,Going Ahead Held Up,No Skidding/Overturn,On Main CW - Not Rest.,Jct Cleared,None,Did Not Leave,None,Front Hit First,Other/Not Known,Male,44,35-64
1220393019,Westminster,1,525727,181769,2,Car,Car,Going Ahead Held Up,No Skidding/Overturn,On Main CW - Not Rest.,Jct Cleared,None,Did Not Leave,None,Front Hit First,Other/Not Known,Male,53,35-64
1220393023,Hackney,4,534556,186995,1,Car,Car,Waiting To Turn Right,No Skidding/Overturn,On Main CW - Not Rest.,Jct App,None,Did Not Leave,None,Front Hit First,Other/Not Known,Male,79,65+
1220393025,Wandsworth,10,527138,177146,2,Car,Car,Turning Right,No Skidding/Overturn,On Main CW - Not Rest.,Jct Mid,None,Did Not Leave,None,Front Hit First,Other/Not Known,Male,64,35-64
1220393028,Ealing,27,514217,180246,1,Car,Car,Going Ahead Other,No Skidding/Overturn,On Main CW - Not Rest.,Jct Mid,None,Did Not Leave,None,Front Hit First,Comm To/From Work,Male,30,25-34
1220393036,Barnet,30,526327,192458,2,Car,Car,Unknown (S/R),Unknown (S/R),Unknown (S/R),Unknown (S/R),Unknown (S/R),Unknown (S/R),Unknown (S/R),Front Hit First,Unknown,Not Traced,55,35-64
1220393046,Havering,15,553648,189436,1,Car,Car,Turning Right,No Skidding/Overturn,On Main CW - Not Rest.,Jct App,None,Did Not Leave,None,Front Hit First,Other/Not Known,Male,20,17-24
1220393051,Barking & Dagenham,16,548097,185886,1,Goods Vehicle,GDS =< 3.5T,Going Ahead Other,No Skidding/Overturn,On Main CW - Not Rest.,Jct App,None,Did Not Leave,None,Front Hit First,Comm To/From Work,Male,37,35-64
1220393052,Lewisham,7,539414,170612,2,Car,Car,Going Ahead Other,No Skidding/Overturn,On Main CW - Not Rest.,Jct Mid,None,Did Not Leave,None,Front Hit First,Other/Not Known,Female,34,25-34
1220393057,Islington,3,529141,186954,1,Car,Car,Slowing Or Stopping,No Skidding/Overturn,On Main CW - Not Rest.,Jct Cleared,None,Did Not Leave,None,Front Hit First,Other/Not Known,Male,85,65+
1220393061,Bromley,19,547669,168313,1,Goods Vehicle,GDS =< 3.5T,Going Ahead Other,No Skidding/Overturn,On Main CW - Not Rest.,Not At Jct,None,Did Not Leave,None,Front Hit First,Comm To/From Work,Male,52,35-64
1220393061,Bromley,19,547669,168313,2,Car,Car,Going Ahead Other,No Skidding/Overturn,On Main CW - Not Rest.,Not At Jct,None,Did Not Leave,None,Front Hit First,Comm To/From Work,Male,51,35-64
1220393074,Southwark,8,534993,177433,2,Goods Vehicle,GDS =< 3.5T,Unknown (S/R),Unknown (S/R),Unknown (S/R),Unknown (S/R),Unknown (S/R),Unknown (S/R),Unknown (S/R),Front Hit First,Unknown,Male,43,35-64
1220393077,Hillingdon,26,506731,182054,2,Car,Car,Going Ahead Other,No Skidding/Overturn,On Main CW - Not Rest.,Entering R'about,None,Did Not Leave,None,Front Hit First,Other/Not Known,Male,42,35-64
1220393080,Westminster,1,526849,181122,1,Taxi,Taxi,Turning Right,No Skidding/Overturn,On Main CW - Not Rest.,Jct App,None,Did Not Leave,None,Front Hit First,Jny Part Of Work,Male,54,35-64
1220393080,Westminster,1,526849,181122,2,Other Vehicle,Other Vehicle,Going Ahead Other,Overturn,On Main CW - Not Rest.,Jct App,None,Did Not Leave,None,Front Hit First,Unknown,Male,24,17-24
1220393081,Brent,28,516280,188066,2,Car,Car,Unknown (S/R),Unknown (S/R),Unknown (S/R),Unknown (S/R),Unknown (S/R),Unknown (S/R),Unknown (S/R),Front Hit First,Unknown,Not Traced,32,25-34
1220393112,Enfield,32,534920,194784,1,Car,Car,Going Ahead Held Up,No Skidding/Overturn,On Main CW - Not Rest.,Jct Cleared,None,Left Cwy Nearside,None,Front Hit First,Unknown,Female,21,17-24
1220393112,Enfield,32,534920,194784,2,Car,Car,Going Ahead Other,No Skidding/Overturn,On Main CW - Not Rest.,Jct App,None,Did Not Leave,None,Front Hit First,Other/Not Known,Female,22,17-24
1220393115,Greenwich,6,547127,177564,2,Car,Car,Going Ahead Other,No Skidding/Overturn,On Main CW - Not Rest.,Not At Jct,None,Did Not Leave,None,Front Hit First,Other/Not Known,Male,45,35-64
1220393121,Hounslow,25,519362,178988,1,Car,Car,Going Ahead Other,No Skidding/Overturn,Footway,Leaving Main Rd,None,Left Cwy Nearside,Hit Lamp Post,Front Hit First,Other/Not Known,Male,23,17-24
1220393130,Barking & Dagenham,16,548908,185407,1,Car,Car,Turning Right,No Skidding/Overturn,On Main CW - Not Rest.,Jct App,None,Did Not Leave,None,Front Hit First,Jny Part Of Work,Male,62,35-64
1220393149,Barking & Dagenham,16,547714,187726,1,Private Hire,Private Hire - Licensed,Going Ahead Other,No Skidding/Overturn,On Main CW - Not Rest.,Entering From Slip,None,Did Not Leave,None,Front Hit First,Jny Part Of Work,Male,63,35-64
1220393166,Kingston-Upon-Thames,23,520117,169131,1,Car,Car,Moving Off,No Skidding/Overturn,Footway,Entering Main Rd,None,Left Cwy Offside,Hit Lamp Post,Front Hit First,Other/Not Known,Female,83,65+
1220393167,Westminster,1,523848,182580,2,Goods Vehicle,GDS =< 3.5T,Slowing Or Stopping,No Skidding/Overturn,On Main CW - Not Rest.,Not At Jct,None,Did Not Leave,None,Front Hit First,Comm To/From Work,Male,39,35-64
1220393167,Westminster,1,523848,182580,3,Car,Car,Slowing Or Stopping,No Skidding/Overturn,On Main CW - Not Rest.,Not At Jct,None,Did Not Leave,None,Front Hit First,Comm To/From Work,Male,30,25-34
1220393191,Hackney,4,533659,187114,1,Car,Car,Moving Off,No Skidding/Overturn,On Main CW - Not Rest.,Jct App,None,Did Not Leave,None,Front Hit First,Jny Part Of Work,Male,57,35-64
1220393194,Hillingdon,26,507867,186614,1,Car,Car,Going Ahead Other,No Skidding/Overturn,Footway,Jct App,Hit Parked Veh,Did Not Leave,None,Front Hit First,Other/Not Known,Female,74,65+
1220393210,Barking & Dagenham,16,544597,183805,2,Car,Car,Going Ahead Other,Unknown (S/R),On Main CW - Not Rest.,Not At Jct,Unknown (S/R),Did Not Leave,None,Front Hit First,Unknown,Male,41,35-64
1220393218,Hillingdon,26,511031,187979,1,Car,Car,Going Ahead Other,No Skidding/Overturn,Footway,Entering Main Rd,None,Left Cwy Ahead At Junctn,Wall Or Fence,Front Hit First,Other/Not Known,Female,79,65+
1220393219,Greenwich,6,542674,176204,2,Car,Car,Turning Right,No Skidding/Overturn,On Main CW - Not Rest.,Entering Main Rd,None,Did Not Leave,None,Front Hit First,Jny Part Of Work,Male,59,35-64
1220393224,Newham,17,538721,184529,1,Car,Car,Unknown (S/R),Unknown (S/R),Unknown (S/R),Leaving Main Rd,Unknown (S/R),Unknown (S/R),Unknown (S/R),Front Hit First,Unknown,Male,39,35-64
1220393225,Brent,28,520115,186960,1,Car,Car,Slowing Or Stopping,No Skidding/Overturn,On Main CW - Not Rest.,Jct App,None,Did Not Leave,None,Front Hit First,Other/Not Known,Male,83,65+
1220393231,Enfield,32,535231,197611,1,Goods Vehicle,GDS =< 3.5T,Going Ahead Other,No Skidding/Overturn,On Main CW - Not Rest.,Jct App,None,Did Not Leave,None,Front Hit First,Jny Part Of Work,Male,54,35-64
1220393252,Westminster,1,528985,179436,1,Car,Car,Turning Right,No Skidding/Overturn,On Main CW - Not Rest.,Jct Mid,None,Did Not Leave,None,Front Hit First,Jny Part Of Work,Male,36,35-64
1220393254,Kensington & Chelsea,12,525260,178452,2,Other Vehicle,Agric Veh,Unknown (S/R),Unknown (S/R),Unknown (S/R),Unknown (S/R),Unknown (S/R),Unknown (S/R),Unknown (S/R),Front Hit First,Unknown,Male,34,25-34
1220393256,Camden,2,526760,185069,1,Car,Car,Turning Right,Skidded,On Main CW - Not Rest.,Entering Main Rd,None,Did Not Leave,None,Front Hit First,Jny Part Of Work,Male,40,35-64
1220393273,Hounslow,25,509361,173944,1,Car,Car,Going Ahead Other,No Skidding/Overturn,On Main CW - Not Rest.,Jct Mid,None,Did Not Leave,None,Front Hit First,Other/Not Known,Male,23,17-24
1220393273,Hounslow,25,509361,173944,2,Car,Car,Turning Right,No Skidding/Overturn,On Main CW - Not Rest.,Leaving Main Rd,None,Did Not Leave,None,Front Hit First,Other/Not Known,Female,23,17-24
1220393275,Barking & Dagenham,16,548897,184920,1,Car,Car,Turning Left,No Skidding/Overturn,On Main CW - Not Rest.,Jct Mid,None,Did Not Leave,None,Front Hit First,Other/Not Known,Female,49,35-64
1220393290,Haringey,31,534311,189008,1,Car,Car,Slowing Or Stopping,No Skidding/Overturn,On Main CW - Not Rest.,Not At Jct,None,Did Not Leave,None,Front Hit First,Other/Not Known,Male,53,35-64
1220393293,Hammersmith & Fulham,11,522548,180089,2,Car,Car,Turning Right,No Skidding/Overturn,On Main CW - Not Rest.,Entering Main Rd,None,Did Not Leave,None,Front Hit First,Jny Part Of Work,Male,42,35-64
1220393296,Sutton,21,525045,162449,1,Car,Car,Going Ahead Other,Skidded,On Main CW - Not Rest.,Jct App,None,Did Not Leave,None,Front Hit First,Comm To/From Work,Male,25,25-34
1220393297,Islington,3,530954,185450,1,Bus Or Coach,London Bus,Going Ahead Other,No Skidding/Overturn,On Main CW - Not Rest.,Jct Cleared,None,Did Not Leave,None,Front Hit First,Jny Part Of Work,Male,33,25-34
1220393298,Ealing,27,513336,180418,1,Car,Car,Turning Left,No Skidding/Overturn,On Main CW - Not Rest.,Leaving Main Rd,None,Did Not Leave,None,Front Hit First,Other/Not Known,Male,66,65+
1220393299,Merton,22,523523,172068,1,Car,Car,Waiting To Turn Left,No Skidding/Overturn,On Main CW - Not Rest.,Jct App,None,Did Not Leave,None,Front Hit First,Other/Not Known,Male,38,35-64
1220393305,Tower Hamlets,5,534457,182328,1,Goods Vehicle,GDS =< 3.5T,Turning Right,No Skidding/Overturn,On Main CW - Not Rest.,Entering Main Rd,None,Did Not Leave,None,Front Hit First,Jny Part Of Work,Male,34,25-34
1220393322,Ealing,27,519534,181285,1,Car,Car,Going Ahead Held Up,No Skidding/Overturn,On Main CW - Not Rest.,Not At Jct,Hit Parked Veh,Did Not Leave,None,Front Hit First,Other/Not Known,Male,47,35-64
1220393327,Hillingdon,26,509485,187122,2,Car,Car,Going Ahead Other,No Skidding/Overturn,On Main CW - Not Rest.,Jct App,Hit Parked Veh,Did Not Leave,None,Front Hit First,Comm To/From Work,Male,20,17-24
1220393331,Hounslow,25,512068,172541,1,Car,Car,Turning Right,No Skidding/Overturn,On Main CW - Not Rest.,Jct App,None,Left Cwy Offside,None,Front Hit First,Unknown,Male,69,65+
1220393335,Barnet,30,523131,187641,1,Car,Car,Going Ahead Other,No Skidding/Overturn,On Main CW - Not Rest.,Not At Jct,None,Did Not Leave,None,Front Hit First,Other/Not Known,Male,28,25-34
1220393335,Barnet,30,523131,187641,2,Car,Car,Going Ahead Other,No Skidding/Overturn,On Main CW - Not Rest.,Not At Jct,None,Did Not Leave,None,Front Hit First,Unknown,Male,46,35-64
1220393336,Lewisham,7,536960,176892,2,Car,Car,Unknown (S/R),Unknown (S/R),Unknown (S/R),Unknown (S/R),Unknown (S/R),Unknown (S/R),Unknown (S/R),Front Hit First,Unknown,Female,31,25-34
1220393337,Newham,17,540511,183115,1,Car,Car,Turning Right,No Skidding/Overturn,On Main CW - Not Rest.,Jct App,None,Did Not Leave,None,Front Hit First,Other/Not Known,Female,26,25-34
1220393339,Enfield,32,530805,196767,2,Car,Car,Going Ahead Other,No Skidding/Overturn,On Main CW - Not Rest.,Entering R'about,None,Did Not Leave,None,Front Hit First,Other/Not Known,Male,23,17-24
1220393341,Westminster,1,529687,180853,1,Car,Car,Going Ahead Other,No Skidding/Overturn,On Main CW - Not Rest.,Jct Cleared,None,Did Not Leave,None,Front Hit First,Other/Not Known,Male,28,25-34
1220393342,Ealing,27,516477,180165,1,Car,Car,Going Ahead Other,No Skidding/Overturn,On Main CW - Not Rest.,Jct Mid,None,Did Not Leave,None,Front Hit First,Other/Not Known,Male,21,17-24
1220393352,Harrow,29,516409,193001,1,Car,Car,Turning Right,No Skidding/Overturn,On Main CW - Not Rest.,Jct Mid,None,Did Not Leave,None,Front Hit First,Jny Part Of Work,Female,43,35-64