_Collision Id,Borough Name,Borough Number,Easting,Northing,_Vehicle Id,Vehicle Type Banded,Vehicle Type,Vehicle Manoeuvres,Vehicle Skidding and Overturning,Vehicle Restricted Lane,Location of Vehicle at First Impact,Vehicle Hit Object in Carriageway,Vehicle Leaving Carriageway,Vehicle Hit Object Off Carriageway,First Point of Impact,Journey Purpose,Driver Gender,Driver Age,Driver age (Banded)
1220393369,Tower Hamlets,5,538369,180520,2,Other Vehicle,Other Vehicle,Going Ahead Other,No Skidding/Overturn,On Main CW - Not Rest.,Jct Cleared,None,Did Not Leave,None,Front Hit First,Jny Part Of Work,Male,24,17-24
1220393371,Tower Hamlets,5,538442,180601,2,Goods Vehicle,GDS =< 3.5T,Going Ahead Other,No Skidding/Overturn,On Main CW - Not Rest.,Not At Jct,None,Did Not Leave,None,Front Hit First,Jny Part Of Work,Male,37,35-64
1220393382,Bromley,19,542357,167636,2,Car,Car,Going Ahead Other,No Skidding/Overturn,On Main CW - Not Rest.,Entering R'about,None,Did Not Leave,None,Front Hit First,Other/Not Known,Female,81,65+
1220393395,Redbridge,14,543518,186765,1,Car,Car,U-turning,No Skidding/Overturn,On Main CW - Not Rest.,Jct Mid,None,Did Not Leave,None,Front Hit First,Other/Not Known,Female,37,35-64
1220393395,Redbridge,14,543518,186765,2,Car,Car,Turning Right,No Skidding/Overturn,On Main CW - Not Rest.,Entering Main Rd,None,Did Not Leave,None,Front Hit First,Other/Not Known,Male,81,65+
1220393396,Ealing,27,512080,179424,2,Car,Car,Going Ahead Other,No Skidding/Overturn,On Main CW - Not Rest.,Jct Mid,Hit Parked Veh,Did Not Leave,None,Front Hit First,Other/Not Known,Male,71,65+
1220393397,Bexley,18,546246,171800,1,Car,Car,Overtake Stat Veh O/S,No Skidding/Overturn,On Main CW - Not Rest.,Not At Jct,None,Did Not Leave,None,Front Hit First,Unknown,Female,61,35-64
1220393408,Enfield,32,534233,195487,1,Goods Vehicle,GDS =< 3.5T,Waiting To Turn Left,No Skidding/Overturn,Lay-by/Hard Shldr,Entering Main Rd,None,Did Not Leave,None,Front Hit First,Jny Part Of Work,Male,55,35-64
1220393417,Ealing,27,512079,183512,1,Car,Car,Going Ahead Other,No Skidding/Overturn,On Main CW - Not Rest.,Jct App,None,Did Not Leave,None,Front Hit First,Other/Not Known,Male,32,25-34
1220393422,Ealing,27,517333,179987,2,Car,Car,Unknown (S/R),Unknown (S/R),Unknown (S/R),Unknown (S/R),Unknown (S/R),Unknown (S/R),Unknown (S/R),Front Hit First,Unknown,Not Traced,32,25-34
1220393423,Ealing,27,518511,182579,1,Goods Vehicle,GDS =< 3.5T,Going Ahead Other,No Skidding/Overturn,On Main CW - Not Rest.,Leaving Main Rd,None,Did Not Leave,None,Front Hit First,Jny Part Of Work,Male,41,35-64
1220393445,Croydon,20,534704,167523,1,Car,Car,Going Ahead Other,No Skidding/Overturn,On Main CW - Not Rest.,Not At Jct,None,Did Not Leave,None,Front Hit First,Unknown,Male,41,35-64
1220393464,Barnet,30,528688,194051,1,Car,Car,Going Ahead Other,Overturn,On Main CW - Not Rest.,Not At Jct,Hit Parked Veh,Did Not Leave,None,Front Hit First,Unknown,Male,29,25-34
1220393477,Barking & Dagenham,16,544925,183763,1,Car,Car,Going Ahead Other,No Skidding/Overturn,On Main CW - Not Rest.,Jct App,None,Did Not Leave,None,Front Hit First,Comm To/From Work,Female,37,35-64
1220393478,Enfield,32,530089,200550,2,Goods Vehicle,GDS =< 3.5T,Change Lane To Right,No Skidding/Overturn,On Main CW - Not Rest.,Not At Jct,None,Did Not Leave,None,Front Hit First,Jny Part Of Work,Male,36,35-64
1220393480,Bromley,19,540057,166219,1,Car,Car,Turning Right,No Skidding/Overturn,On Main CW - Not Rest.,Jct Cleared,None,Did Not Leave,None,Front Hit First,Unknown,Male,36,35-64
1220393480,Bromley,19,540057,166219,2,Car,Car,Going Ahead Other,No Skidding/Overturn,On Main CW - Not Rest.,Jct App,None,Did Not Leave,None,Front Hit First,Unknown,Female,24,17-24
1220393487,Ealing,27,512676,181284,1,Car,Car,Going Ahead Other,No Skidding/Overturn,On Main CW - Not Rest.,Jct App,None,Did Not Leave,None,Front Hit First,Unknown,Male,21,17-24
1220393495,Brent,28,520672,184994,3,Car,Car,Going Ahead Other,Skidded,On Main CW - Not Rest.,Jct App,None,Did Not Leave,None,Front Hit First,Other/Not Known,Female,65,65+
1220393498,Redbridge,14,540047,190791,2,Taxi,Taxi,Unknown (S/R),Unknown (S/R),Unknown (S/R),Unknown (S/R),Unknown (S/R),Unknown (S/R),Unknown (S/R),Front Hit First,Unknown,Male,28,25-34
1220393501,Brent,28,522030,183494,1,Car,Car,Unknown (S/R),Unknown (S/R),Unknown (S/R),Unknown (S/R),Unknown (S/R),Unknown (S/R),Unknown (S/R),Front Hit First,Other/Not Known,Male,27,25-34
1220393505,Islington,3,530567,186097,1,Car,Car,Going Ahead Other,No Skidding/Overturn,On Main CW - Not Rest.,Jct Cleared,None,Did Not Leave,None,Front Hit First,Other/Not Known,Female,32,25-34
1220393511,Brent,28,518927,182750,1,Car,Car,Going Ahead Left Bend,Skidded,On Main CW - Not Rest.,Not At Jct,None,Left Cwy Offside,Hit Tree,Front Hit First,Unknown,Male,25,25-34
1220393512,Hillingdon,26,507668,184811,2,Car,Car,Turning Left,No Skidding/Overturn,On Main CW - Not Rest.,Jct App,None,Did Not Leave,None,Front Hit First,Unknown,Female,25,25-34
1220393514,Newham,17,540724,180101,1,Car,Car,Slowing Or Stopping,No Skidding/Overturn,On Main CW - Not Rest.,Jct App,None,Did Not Leave,None,Front Hit First,Unknown,Female,26,25-34
1220393517,Tower Hamlets,5,537325,180984,1,Car,Car,Turning Right,No Skidding/Overturn,On Main CW - Not Rest.,Jct Mid,None,Did Not Leave,None,Front Hit First,Other/Not Known,Male,21,17-24
1220393537,Sutton,21,525751,166946,1,Car,Car,Going Ahead Other,No Skidding/Overturn,On Main CW - Not Rest.,Jct App,None,Did Not Leave,None,Front Hit First,Other/Not Known,Female,31,25-34
1220393539,Hounslow,25,507547,172200,1,Car,Car,Going Ahead Other,Skid/Over,On Main CW - Not Rest.,Not At Jct,Hit Brdg Side,Left Cwy Nearside,Hit Tree,Front Hit First,Unknown,Male,32,25-34
1220393545,Ealing,27,512819,180393,1,Car,Car,Going Ahead Held Up,No Skidding/Overturn,On Main CW - Not Rest.,Jct Cleared,None,Did Not Leave,None,Front Hit First,Other/Not Known,Male,27,25-34
1220393545,Ealing,27,512819,180393,2,Car,Car,Waiting To Turn Right,No Skidding/Overturn,On Main CW - Not Rest.,Jct Cleared,None,Did Not Leave,None,Front Hit First,Other/Not Known,Male,31,25-34
1220393564,Hounslow,25,513338,175494,1,Car,Car,Going Ahead Other,No Skidding/Overturn,On Main CW - Not Rest.,Jct App,None,Did Not Leave,None,Front Hit First,Other/Not Known,Female,29,25-34
1220393574,Harrow,29,516315,190419,1,Car,Car,Waiting To Turn Left,No Skidding/Overturn,Cycle Lane (On CWY),Entering Main Rd,None,Did Not Leave,None,Front Hit First,Other/Not Known,Male,70,65+
1220393588,Enfield,32,535445,193988,1,Car,Car,Turning Left,No Skidding/Overturn,On Main CW - Not Rest.,Jct App,None,Left Cwy Nearside,None,Front Hit First,Comm To/From Work,Male,24,17-24
1220393596,Ealing,27,519317,181310,1,Car,Car,Turning Left,No Skidding/Overturn,On Main CW - Not Rest.,Jct Mid,None,Did Not Leave,None,Front Hit First,Other/Not Known,Female,70,65+
1220393614,Barking & Dagenham,16,544503,183927,1,Car,Car,Going Ahead Other,No Skidding/Overturn,On Main CW - Not Rest.,Leaving Main Rd,None,Did Not Leave,None,Front Hit First,Other/Not Known,Female,39,35-64
1220393628,Sutton,21,528416,161430,2,Car,Car,Turning Right,No Skidding/Overturn,On Main CW - Not Rest.,Jct Mid,None,Did Not Leave,None,Front Hit First,Comm To/From Work,Male,49,35-64
1220393636,Greenwich,6,538374,177658,2,Car,Car,Going Ahead Held Up,No Skidding/Overturn,On Main CW - Not Rest.,Not At Jct,Hit Parked Veh,Did Not Leave,None,Front Hit First,Unknown,Female,37,35-64
1220393639,Brent,28,522855,184618,2,Car,Car,Unknown (S/R),Unknown (S/R),Unknown (S/R),Not At Jct,Unknown (S/R),Unknown (S/R),Unknown (S/R),Front Hit First,Unknown,Male,45,35-64
1220393648,Bromley,19,541014,169482,2,Car,Car,Turning Right,No Skidding/Overturn,On Main CW - Not Rest.,Jct App,None,Did Not Leave,None,Front Hit First,Other/Not Known,Male,46,35-64
1220393654,Sutton,21,528142,164353,2,Car,Car,Going Ahead Other,No Skidding/Overturn,On Main CW - Not Rest.,Jct Cleared,Hit Parked Veh,Did Not Leave,None,Front Hit First,Other/Not Known,Female,84,65+
1220393656,Redbridge,14,542313,188365,1,Car,Car,Going Ahead Other,No Skidding/Overturn,On Main CW - Not Rest.,Jct App,None,Did Not Leave,None,Front Hit First,Other/Not Known,Female,43,35-64
1220393660,Hounslow,25,514963,176594,1,Car,Car,Moving Off,No Skidding/Overturn,On Main CW - Not Rest.,Entering R'about,None,Did Not Leave,None,Front Hit First,Other/Not Known,Female,58,35-64
1220393664,Brent,28,523624,185870,1,Car,Car,Going Ahead Other,No Skidding/Overturn,On Main CW - Not Rest.,Not At Jct,Hit Parked Veh,Did Not Leave,None,Front Hit First,Unknown,Male,71,65+
1220393664,Brent,28,523624,185870,6,Car,Car,Going Ahead Other,No Skidding/Overturn,On Main CW - Not Rest.,Not At Jct,None,Did Not Leave,None,Front Hit First,Unknown,Male,41,35-64
1220393665,Lewisham,7,539070,174627,1,Car,Car,Moving Off,No Skidding/Overturn,On Main CW - Not Rest.,Jct Mid,None,Did Not Leave,None,Front Hit First,Comm To/From Work,Female,23,17-24
1220393675,Haringey,31,534247,189569,1,Car,Car,Moving Off,No Skidding/Overturn,On Main CW - Not Rest.,Jct App,None,Did Not Leave,None,Front Hit First,Other/Not Known,Female,38,35-64
1220393678,Bexley,18,549161,173529,1,Car,Car,Going Ahead Other,No Skidding/Overturn,On Main CW - Not Rest.,Not At Jct,Hit Parked Veh,Did Not Leave,None,Front Hit First,Unknown,Male,28,25-34
1220393683,Hounslow,25,508650,171790,1,Car,Car,Going Ahead Other,No Skidding/Overturn,On Main CW - Not Rest.,Not At Jct,None,Did Not Leave,None,Front Hit First,Unknown,Male,25,25-34
1220393683,Hounslow,25,508650,171790,2,Car,Car,Going Ahead Other,No Skidding/Overturn,On Main CW - Not Rest.,Not At Jct,None,Did Not Leave,None,Front Hit First,Jny Part Of Work,Male,53,35-64
1220393685,Enfield,32,529440,192912,2,Car,Car,Going Ahead Held Up,No Skidding/Overturn,On Main CW - Not Rest.,Not At Jct,None,Did Not Leave,None,Front Hit First,Other/Not Known,Male,43,35-64
1220393693,Hounslow,25,515857,176052,2,Car,Car,Moving Off,No Skidding/Overturn,On Main CW - Not Rest.,Not At Jct,None,Did Not Leave,None,Front Hit First,Other/Not Known,Male,25,25-34
1220393704,Havering,15,551616,183121,2,Car,Car,Going Ahead Other,No Skidding/Overturn,On Main CW - Not Rest.,Jct App,None,Did Not Leave,None,Front Hit First,Unknown,Male,86,65+
1220393711,Croydon,20,532540,163810,2,Car,Car,Going Ahead Other,No Skidding/Overturn,On Main CW - Not Rest.,Not At Jct,None,Did Not Leave,None,Front Hit First,Unknown,Male,34,25-34
1220393715,Islington,3,529890,187748,1,Car,Car,Going Ahead Other,Skidded,On Main CW - Not Rest.,Jct Mid,None,Left Cwy Nearside,None,Front Hit First,Jny Part Of Work,Male,46,35-64
1220393715,Islington,3,529890,187748,2,Car,Car,Going Ahead Other,Skidded,On Main CW - Not Rest.,Jct Mid,None,Did Not Leave,None,Front Hit First,Unknown,Male,25,25-34
1220393716,Brent,28,516921,185298,1,Car,Car,Going Ahead Other,No Skidding/Overturn,Footway,Jct Cleared,None,Left Cwy Nearside,Hit Tree,Front Hit First,Unknown,Male,31,25-34
1220393717,Southwark,8,534264,177947,2,Car,Car,Going Ahead Other,No Skidding/Overturn,On Main CW - Not Rest.,Jct App,None,Left Cwy Nearside,None,Front Hit First,Unknown,Male,25,25-34
1220393726,Lambeth,9,529624,175397,1,Other Vehicle,Other Vehicle,Overtake Stat Veh O/S,No Skidding/Overturn,On Main CW - Not Rest.,Not At Jct,Hit Parked Veh,Did Not Leave,None,Front Hit First,Comm To/From Work,Male,42,35-64
1220393727,Brent,28,522651,184624,2,Car,Car,Unknown (S/R),Unknown (S/R),Unknown (S/R),Unknown (S/R),Unknown (S/R),Unknown (S/R),Unknown (S/R),Front Hit First,Unknown,Not Traced,23,17-24
1220393728,Camden,2,527539,185298,2,Car,Car,Unknown (S/R),Unknown (S/R),Unknown (S/R),Unknown (S/R),Unknown (S/R),Unknown (S/R),Unknown (S/R),Front Hit First,Unknown,Not Traced,39,35-64
1220393736,Hillingdon,26,506744,191552,2,Car,Car,Unknown (S/R),Unknown (S/R),Unknown (S/R),Unknown (S/R),Unknown (S/R),Unknown (S/R),Unknown (S/R),Front Hit First,Unknown,Male,70,65+
1220393740,Croydon,20,536684,163477,1,Car,Car,Going Ahead Other,No Skidding/Overturn,On Main CW - Not Rest.,Not At Jct,None,Left Cwy Nearside,None,Front Hit First,Other/Not Known,Male,47,35-64
1220393745,Merton,22,530396,168470,1,Car,Car,Turning Right,No Skidding/Overturn,On Main CW - Not Rest.,Jct App,None,Did Not Leave,None,Front Hit First,Comm To/From Work,Female,47,35-64
1220393758,Greenwich,6,542490,175441,1,Car,Car,Going Ahead Other,No Skidding/Overturn,On Main CW - Not Rest.,Not At Jct,None,Did Not Leave,None,Front Hit First,Unknown,Male,56,35-64
1220393762,Barnet,30,524408,191790,1,Car,Car,Going Ahead Held Up,No Skidding/Overturn,On Main CW - Not Rest.,Entering From Slip,None,Did Not Leave,None,Front Hit First,Comm To/From Work,Female,26,25-34
1220393762,Barnet,30,524408,191790,2,Goods Vehicle,GDS =< 3.5T,Going Ahead Left Bend,No Skidding/Overturn,On Main CW - Not Rest.,Entering From Slip,None,Did Not Leave,None,Front Hit First,Unknown,Male,61,35-64
1220393772,Barking & Dagenham,16,548517,188169,1,Car,Car,Going Ahead Other,No Skidding/Overturn,On Main CW - Not Rest.,Jct App,None,Did Not Leave,None,Front Hit First,Other/Not Known,Male,42,35-64
1220393772,Barking & Dagenham,16,548517,188169,2,Car,Car,Turning Right,No Skidding/Overturn,On Main CW - Not Rest.,Leaving Main Rd,None,Did Not Leave,None,Front Hit First,Unknown,Male,71,65+
1220393778,Lewisham,7,536508,172072,1,Car,Car,Going Ahead Other,No Skidding/Overturn,On Main CW - Not Rest.,Not At Jct,Hit Parked Veh,Did Not Leave,None,Front Hit First,Other/Not Known,Female,28,25-34
1220393789,Southwark,8,534995,177429,2,Bus Or Coach,London Bus,Going Ahead Other,No Skidding/Overturn,Bus Lane,Jct Mid,None,Did Not Leave,None,Front Hit First,Jny Part Of Work,Male,42,35-64
1220393800,Brent,28,517173,185031,1,Car,Car,Going Ahead Other,No Skidding/Overturn,On Main CW - Not Rest.,Jct App,None,Did Not Leave,None,Front Hit First,Unknown,Male,76,65+
1220393800,Brent,28,517173,185031,2,Bus Or Coach,London Bus,Going Ahead Other,No Skidding/Overturn,On Main CW - Not Rest.,Jct Cleared,None,Did Not Leave,None,Front Hit First,Jny Part Of Work,Male,35,35-64
1220393803,Hammersmith & Fulham,11,523596,180733,1,Car,Car,Slowing Or Stopping,No Skidding/Overturn,On Main CW - Not Rest.,Not At Jct,None,Did Not Leave,None,Front Hit First,Other/Not Known,Female,44,35-64
1220393820,Croydon,20,532178,168792,1,Car,Car,Turning Right,No Skidding/Overturn,On Main CW - Not Rest.,Jct App,None,Did Not Leave,None,Front Hit First,Other/Not Known,Male,60,35-64
1220393832,Lewisham,7,537174,176959,1,Car,Car,Unknown (S/R),Unknown (S/R),On Main CW - Not Rest.,Unknown (S/R),Unknown (S/R),Unknown (S/R),Unknown (S/R),Front Hit First,Other/Not Known,Male,38,35-64
1220393836,Sutton,21,529246,165013,1,Car,Car,Going Ahead Other,No Skidding/Overturn,On Main CW - Not Rest.,Jct App,None,Left Cwy Nearside/Rebound,Hit Lamp Post,Front Hit First,Other/Not Known,Female,47,35-64
1220393836,Sutton,21,529246,165013,2,Car,Car,Going Ahead Other,No Skidding/Overturn,On Main CW - Not Rest.,Jct App,None,Did Not Leave,None,Front Hit First,Other/Not Known,Male,42,35-64
1220393851,Hackney,4,532855,184029,1,Car,Car,Turning Right,No Skidding/Overturn,On Main CW - Not Rest.,Jct Mid,None,Did Not Leave,None,Front Hit First,Unknown,Male,24,17-24
1220393856,Tower Hamlets,5,537327,183121,1,Bus Or Coach,London Bus,Going Ahead Other,No Skidding/Overturn,On Main CW - Not Rest.,Not At Jct,None,Did Not Leave,None,Front Hit First,Jny Part Of Work,Male,59,35-64
1220393858,Wandsworth,10,525864,174688,1,Car,Car,Slowing Or Stopping,No Skidding/Overturn,On Main CW - Not Rest.,Jct App,None,Did Not Leave,None,Front Hit First,Other/Not Known,Male,46,35-64
1220393866,Newham,17,540932,185071,1,Car,Car,Slowing Or Stopping,No Skidding/Overturn,On Main CW - Not Rest.,Jct App,None,Did Not Leave,None,Front Hit First,Unknown,Male,43,35-64
1220393871,Southwark,8,532435,177276,1,Bus Or Coach,London Bus,Turning Left,No Skidding/Overturn,On Main CW - Not Rest.,Entering Main Rd,None,Did Not Leave,None,Front Hit First,Jny Part Of Work,Male,45,35-64
1220393876,Havering,15,553694,188360,1,Car,Car,Going Ahead Other,Skidded,On Main CW - Not Rest.,Jct Cleared,Hit Kerb,Did Not Leave,None,Front Hit First,Unknown,Male,18,17-24
1220393878,Lambeth,9,532629,171861,1,Car,Car,Going Ahead Other,No Skidding/Overturn,On Main CW - Not Rest.,Jct Mid,Hit Parked Veh,Did Not Leave,None,Front Hit First,Other/Not Known,Female,46,35-64
1220393884,Lambeth,9,530444,173634,1,Car,Car,Going Ahead Other,Overturn,On Main CW - Not Rest.,Jct Mid,Hit Parked Veh,Did Not Leave,None,Front Hit First,Unknown,Female,27,25-34
1220393893,Waltham Forest,13,536331,188803,2,Other Vehicle,Other Vehicle,Going Ahead Other,No Skidding/Overturn,On Main CW - Not Rest.,Jct App,None,Did Not Leave,None,Front Hit First,Other/Not Known,Male,18,17-24
1220393898,Lambeth,9,530635,171501,1,Car,Car,Unknown (S/R),Unknown (S/R),Unknown (S/R),Not At Jct,Unknown (S/R),Unknown (S/R),Unknown (S/R),Front Hit First,Jny Part Of Work,Female,31,25-34
1220393900,Croydon,20,534755,167196,2,Car,Car,Going Ahead Other,No Skidding/Overturn,On Main CW - Not Rest.,Jct Cleared,None,Did Not Leave,None,Front Hit First,Unknown,Male,42,35-64
1220393905,Bexley,18,549065,177218,1,Car,Car,Turning Right,No Skidding/Overturn,On Main CW - Not Rest.,Leaving Main Rd,None,Did Not Leave,None,Front Hit First,Other/Not Known,Male,43,35-64
1220393918,Newham,17,540331,183925,1,Car,Car,Slowing Or Stopping,No Skidding/Overturn,On Main CW - Not Rest.,Jct Mid,None,Did Not Leave,None,Front Hit First,Comm To/From Work,Male,43,35-64
1220393918,Newham,17,540331,183925,2,Car,Car,Going Ahead Other,No Skidding/Overturn,On Main CW - Not Rest.,Jct Mid,None,Did Not Leave,None,Front Hit First,Unknown,Male,43,35-64
1220393929,Redbridge,14,540513,190562,1,Car,Car,Going Ahead Other,No Skidding/Overturn,On Main CW - Not Rest.,Not At Jct,None,Did Not Leave,None,Front Hit First,Other/Not Known,Female,43,35-64
1220393932,Camden,2,526043,185113,2,Car,Car,Going Ahead Other,No Skidding/Overturn,On Main CW - Not Rest.,Jct App,None,Did Not Leave,None,Front Hit First,Other/Not Known,Male,43,35-64
1220393935,Enfield,32,528930,194723,1,Car,Car,Unknown (S/R),Unknown (S/R),Unknown (S/R),Unknown (S/R),Unknown (S/R),Unknown (S/R),Unknown (S/R),Front Hit First,Comm To/From Work,Female,48,35-64
1220393953,Hillingdon,26,507968,186223,1,Car,Car,Going Ahead Other,No Skidding/Overturn,Footway,Jct App,Hit Oth Object,Left Cwy Nearside,Hit Oth Object,Front Hit First,Unknown,Male,62,35-64
1220393957,Barnet,30,523456,187762,1,Car,Car,Going Ahead Other,No Skidding/Overturn,On Main CW - Not Rest.,Leaving R'about,None,Did Not Leave,None,Front Hit First,Other/Not Known,Male,79,65+
1220393979,Wandsworth,10,525425,172802,1,Car,Car,Turning Right,No Skidding/Overturn,On Main CW - Not Rest.,Leaving Main Rd,None,Did Not Leave,None,Front Hit First,Other/Not Known,Male,40,35-64
1220394007,Hounslow,25,513493,176776,2,Car,Car,Going Ahead Other,No Skidding/Overturn,On Main CW - Not Rest.,Not At Jct,Hit Kerb,Left Cwy Nearside,Hit Lamp Post,Front Hit First,Unknown,Male,32,25-34
1220394018,Wandsworth,10,529633,177637,1,Car,Car,Overtake Move Veh O/S,No Skidding/Overturn,On Main CW - Not Rest.,Jct App,None,Left Cwy Nearside,Wall Or Fence,Front Hit First,Comm To/From Work,Male,34,25-34
1220394026,Lambeth,9,531282,177486,2,Private Hire,Private Hire - Licensed,Going Ahead Other,No Skidding/Overturn,On Main CW - Not Rest.,Jct App,None,Did Not Leave,None,Front Hit First,Unknown,Male,48,35-64
1220394033,Croydon,20,531632,162492,1,Car,Car,Moving Off,No Skidding/Overturn,On Main CW - Not Rest.,Entering R'about,None,Did Not Leave,None,Front Hit First,Comm To/From Work,Male,39,35-64
1220394037,Redbridge,14,544926,190603,2,Goods Vehicle,GDS =< 3.5T,Going Ahead Other,No Skidding/Overturn,On Main CW - Not Rest.,Jct App,None,Did Not Leave,None,Front Hit First,Unknown,Female,49,35-64
1220394038,Newham,17,540936,185068,1,Private Hire,Private Hire - Licensed,Turning Right,No Skidding/Overturn,On Main CW - Not Rest.,Jct App,None,Did Not Leave,None,Front Hit First,Jny Part Of Work,Male,53,35-64
1220394042,Croydon,20,533251,169859,2,Goods Vehicle,GDS =< 3.5T,Going Ahead Other,No Skidding/Overturn,On Main CW - Not Rest.,Jct Mid,None,Did Not Leave,None,Front Hit First,Comm To/From Work,Male,21,17-24
1220394048,Barnet,30,521441,190038,2,Other Vehicle,Other Vehicle,Going Ahead Other,No Skidding/Overturn,On Main CW - Not Rest.,Jct Mid,None,Did Not Leave,None,Front Hit First,Jny Part Of Work,Male,44,35-64
1220394057,Lambeth,9,530922,175771,1,Bus Or Coach,London Bus,Moving Off,No Skidding/Overturn,On Main CW - Not Rest.,Jct App,None,Did Not Leave,None,Front Hit First,Unknown,Not Traced,42,35-64
1220394057,Lambeth,9,530922,175771,2,Other Vehicle,Other Vehicle,Moving Off,No Skidding/Overturn,On Main CW - Not Rest.,Jct App,None,Did Not Leave,None,Front Hit First,Unknown,Female,22,17-24
1220394070,Bromley,19,535371,169851,2,Car,Car,Unknown (S/R),Unknown (S/R),Unknown (S/R),Unknown (S/R),Unknown (S/R),Unknown (S/R),Unknown (S/R),Front Hit First,Unknown,Female,34,25-34
1220394073,Tower Hamlets,5,534802,182712,1,Bus Or Coach,London Bus,Moving Off,No Skidding/Overturn,On Main CW - Not Rest.,Jct App,None,Did Not Leave,None,Front Hit First,Jny Part Of Work,Male,24,17-24
1220394081,Bromley,19,547002,168151,1,Car,Car,Going Ahead Other,No Skidding/Overturn,On Main CW - Not Rest.,Not At Jct,None,Did Not Leave,None,Front Hit First,Unknown,Male,60,35-64
1220394089,Bromley,19,540993,165462,1,Car,Car,Going Ahead Other,Unknown (S/R),On Main CW - Not Rest.,Not At Jct,None,Did Not Leave,None,Front Hit First,Other/Not Known,Male,26,25-34
1220394089,Bromley,19,540993,165462,2,Car,Car,Going Ahead Other,Unknown (S/R),On Main CW - Not Rest.,Not At Jct,None,Did Not Leave,None,Front Hit First,Unknown,Male,18,17-24
1220394093,Hackney,4,533229,182392,1,Car,Car,U-turning,No Skidding/Overturn,On Main CW - Not Rest.,Jct App,None,Did Not Leave,None,Front Hit First,Jny Part Of Work,Male,39,35-64
1220394098,Havering,15,553894,190768,1,Car,Car,Slowing Or Stopping,No Skidding/Overturn,On Main CW - Not Rest.,Not At Jct,None,Left Cwy Nearside,Hit Lamp Post,Front Hit First,Other/Not Known,Male,76,65+
1220394112,Lewisham,7,538247,175727,3,Car,Car,Going Ahead Held Up,No Skidding/Overturn,On Main CW - Not Rest.,Jct App,None,Did Not Leave,None,Front Hit First,Other/Not Known,Female,38,35-64
1220394122,Bromley,19,545651,165709,1,Car,Car,Turning Left,Skidded,On Main CW - Not Rest.,Leaving Main Rd,Hit Bollard,Left Cwy Nearside,Wall Or Fence,Front Hit First,Unknown,Female,69,65+
1220394153,Hounslow,25,521689,179051,1,Car,Car,Going Ahead Other,No Skidding/Overturn,On Main CW - Not Rest.,Jct Cleared,None,Left Cwy Offside,None,Front Hit First,Other/Not Known,Female,28,25-34
1220394160,Merton,22,522377,168344,1,Car,Car,Going Ahead Other,No Skidding/Overturn,On Main CW - Not Rest.,Not At Jct,None,Did Not Leave,None,Front Hit First,Other/Not Known,Male,29,25-34
1220394161,Wandsworth,10,526360,174871,2,Car,Car,Going Ahead Other,Skidded,On Main CW - Not Rest.,Jct Cleared,None,Did Not Leave,None,Front Hit First,Unknown,Male,25,25-34
1220394168,Bexley,18,552363,176054,1,Goods Vehicle,GDS =< 3.5T,Turning Left,No Skidding/Overturn,On Main CW - Not Rest.,Leaving Main Rd,None,Did Not Leave,None,Front Hit First,Jny Part Of Work,Male,41,35-64
1220394174,Bexley,18,549578,179803,2,Car,Car,Going Ahead Other,No Skidding/Overturn,On Main CW - Not Rest.,Leaving R'about,None,Did Not Leave,None,Front Hit First,Other/Not Known,Male,30,25-34
1220394176,Enfield,32,529751,200515,2,Car,Car,Going Ahead Other,No Skidding/Overturn,On Main CW - Not Rest.,Not At Jct,None,Did Not Leave,None,Front Hit First,Other/Not Known,Female,36,35-64
1220394186,Hillingdon,26,511660,180629,2,Bus Or Coach,London Bus,Going Ahead Other,No Skidding/Overturn,On Main CW - Not Rest.,Jct Cleared,None,Did Not Leave,None,Front Hit First,Jny Part Of Work,Male,69,65+
1220394191,Ealing,27,512116,183533,2,Car,Car,Moving Off,No Skidding/Overturn,On Main CW - Not Rest.,Entering Main Rd,None,Did Not Leave,None,Front Hit First,Other/Not Known,Male,20,17-24
1220394204,Ealing,27,517450,181794,2,Car,Car,Unknown (S/R),Unknown (S/R),Unknown (S/R),Unknown (S/R),Unknown (S/R),Unknown (S/R),Unknown (S/R),Front Hit First,Unknown,Female,65,65+
1220394208,Hackney,4,534731,185537,1,Car,Car,Turning Right,No Skidding/Overturn,On Main CW - Not Rest.,Entering From Slip,None,Did Not Leave,None,Front Hit First,Other/Not Known,Male,31,25-34
1220394216,Hammersmith & Fulham,11,525797,175862,3,Goods Vehicle,GDS =< 3.5T,Going Ahead Other,No Skidding/Overturn,On Main CW - Not Rest.,Not At Jct,None,Did Not Leave,None,Front Hit First,Jny Part Of Work,Male,47,35-64
1220394216,Hammersmith & Fulham,11,525797,175862,4,Car,Car,Going Ahead Other,No Skidding/Overturn,On Main CW - Not Rest.,Not At Jct,None,Did Not Leave,None,Front Hit First,Unknown,Male,31,25-34
1220394217,Redbridge,14,544984,188325,1,Car,Car,Unknown (S/R),Unknown (S/R),Unknown (S/R),Unknown (S/R),Unknown (S/R),Unknown (S/R),Unknown (S/R),Front Hit First,Other/Not Known,Male,30,25-34
1220394219,Sutton,21,525040,162465,2,Car,Car,Going Ahead Other,No Skidding/Overturn,On Main CW - Not Rest.,Jct Mid,None,Did Not Leave,None,Front Hit First,Unknown,Female,19,17-24