_Collision Id,Borough Name,Borough Number,Easting,Northing,_Vehicle Id,Vehicle Type Banded,Vehicle Type,Vehicle Manoeuvres,Vehicle Skidding and Overturning,Vehicle Restricted Lane,Location of Vehicle at First Impact,Vehicle Hit Object in Carriageway,Vehicle Leaving Carriageway,Vehicle Hit Object Off Carriageway,First Point of Impact,Journey Purpose,Driver Gender,Driver Age,Driver age (Banded)
1220394230,Harrow,29,515124,188041,1,Car,Car,Going Ahead Other,No Skidding/Overturn,On Main CW - Not Rest.,Not At Jct,Hit Kerb,Did Not Leave,None,Front Hit First,Unknown,Female,77,65+
1220394237,Croydon,20,531265,161621,1,Goods Vehicle,GDS =< 3.5T,Going Ahead Other,No Skidding/Overturn,On Main CW - Not Rest.,Jct App,None,Did Not Leave,None,Front Hit First,Jny Part Of Work,Female,29,25-34
1220394237,Croydon,20,531265,161621,2,Private Hire,Private Hire - Licensed,Going Ahead Other,No Skidding/Overturn,On Main CW - Not Rest.,Jct App,None,Did Not Leave,None,Front Hit First,Jny Part Of Work,Male,41,35-64
1220394240,Ealing,27,518322,180011,1,Car,Car,Going Ahead Left Bend,Overturn,On Main CW - Not Rest.,Jct App,Hit Parked Veh,Did Not Leave,None,Front Hit First,Comm To/From Work,Male,19,17-24
1220394242,Hackney,4,533980,184935,2,Other Vehicle,Other Vehicle,Going Ahead Other,No Skidding/Overturn,On Main CW - Not Rest.,Entering R'about,None,Did Not Leave,None,Front Hit First,Comm To/From Work,Male,67,65+
1220394251,Southwark,8,533035,177860,1,Car,Car,Going Ahead Other,No Skidding/Overturn,On Main CW - Not Rest.,Not At Jct,None,Left Cwy Offside,None,Front Hit First,Comm To/From Work,Male,32,25-34
1220394251,Southwark,8,533035,177860,2,Goods Vehicle,GDS =< 3.5T,Going Ahead Other,No Skidding/Overturn,On Main CW - Not Rest.,Not At Jct,None,Did Not Leave,None,Front Hit First,Other/Not Known,Male,61,35-64
1220394259,Bexley,18,545988,174565,1,Goods Vehicle,GDS =< 3.5T,Going Ahead Held Up,No Skidding/Overturn,On Main CW - Not Rest.,Not At Jct,None,Did Not Leave,None,Front Hit First,Jny Part Of Work,Male,19,17-24
1220394272,Ealing,27,515447,185491,2,Car,Car,Unknown (S/R),Unknown (S/R),Unknown (S/R),Unknown (S/R),Unknown (S/R),Unknown (S/R),Unknown (S/R),Front Hit First,Unknown,Male,63,35-64
1220394281,Westminster,1,529178,180337,1,Car,Car,Unknown (S/R),Unknown (S/R),Unknown (S/R),Unknown (S/R),Unknown (S/R),Unknown (S/R),Unknown (S/R),Front Hit First,Other/Not Known,Male,41,35-64
1220394289,Kingston-Upon-Thames,23,517890,164174,1,Car,Car,Going Ahead Other,Skid/Over,On Main CW - Not Rest.,Not At Jct,Hit Kerb,Did Not Leave,None,Front Hit First,Other/Not Known,Female,78,65+
1220394291,Enfield,32,532396,197354,1,Car,Car,Turning Left,No Skidding/Overturn,On Main CW - Not Rest.,Jct App,None,Did Not Leave,None,Front Hit First,Unknown,Female,27,25-34
1220394292,Hackney,4,535759,185118,2,Other Vehicle,Other Vehicle,Turning Right,No Skidding/Overturn,On Main CW - Not Rest.,Entering Main Rd,None,Did Not Leave,None,Front Hit First,Jny Part Of Work,Female,23,17-24
1220394298,Camden,2,530510,181545,1,Car,Car,Unknown (S/R),Unknown (S/R),Unknown (S/R),Unknown (S/R),Unknown (S/R),Unknown (S/R),Unknown (S/R),Front Hit First,Other/Not Known,Female,27,25-34
1220394304,Barnet,30,520734,189685,2,Car,Car,Unknown (S/R),Unknown (S/R),Unknown (S/R),Unknown (S/R),Unknown (S/R),Unknown (S/R),Unknown (S/R),Front Hit First,Unknown,Male,62,35-64
1220394306,Haringey,31,533716,189262,1,Bus Or Coach,Bus/Coach,Unknown (S/R),Unknown (S/R),Unknown (S/R),Unknown (S/R),Unknown (S/R),Unknown (S/R),Unknown (S/R),Front Hit First,Jny Part Of Work,Male,36,35-64
1220394313,Hounslow,25,510865,174876,1,Car,Car,Moving Off,No Skidding/Overturn,Footway,Entering Main Rd,None,Left Cwy Offside,Hit Tree,Front Hit First,Other/Not Known,Male,63,35-64
1220394318,Enfield,32,535958,192318,1,Car,Car,Going Ahead Held Up,No Skidding/Overturn,On Main CW - Not Rest.,Entering R'about,None,Did Not Leave,None,Front Hit First,Other/Not Known,Female,33,25-34
1220394328,Havering,15,554638,186692,1,Car,Car,Slowing Or Stopping,No Skidding/Overturn,Footway,Leaving R'about,Hit Kerb,Left Cwy Ahead At Junctn,Hit Lamp Post,Front Hit First,Other/Not Known,Female,84,65+
1220394329,Lambeth,9,529258,173062,1,Car,Car,Turning Right,No Skidding/Overturn,On Main CW - Not Rest.,Jct Mid,None,Did Not Leave,None,Front Hit First,Other/Not Known,Male,34,25-34
1220394332,Enfield,32,531448,195309,1,Bus Or Coach,London Bus,Going Ahead Other,No Skidding/Overturn,On Main CW - Not Rest.,Jct App,None,Did Not Leave,None,Front Hit First,Jny Part Of Work,Male,46,35-64
1220394341,Hounslow,25,513377,175511,1,Car,Car,Turning Right,No Skidding/Overturn,On Main CW - Not Rest.,Jct App,None,Did Not Leave,None,Front Hit First,Other/Not Known,Female,19,17-24
1220394342,Wandsworth,10,522433,173923,1,Car,Car,Going Ahead Right Bend,No Skidding/Overturn,On Main CW - Not Rest.,Jct App,None,Did Not Leave,None,Front Hit First,Other/Not Known,Female,54,35-64
1220394346,Westminster,1,529302,180145,1,Taxi,Taxi,U-turning,No Skidding/Overturn,On Main CW - Not Rest.,Jct App,None,Did Not Leave,None,Front Hit First,Jny Part Of Work,Male,48,35-64
1220394346,Westminster,1,529302,180145,2,Other Vehicle,Other Vehicle,Going Ahead Right Bend,No Skidding/Overturn,On Main CW - Not Rest.,Jct App,None,Did Not Leave,None,Front Hit First,Comm To/From Work,Male,28,25-34
1220394373,Ealing,27,514684,182309,2,Car,Car,Going Ahead Left Bend,No Skidding/Overturn,On Main CW - Not Rest.,Not At Jct,None,Did Not Leave,None,Front Hit First,Unknown,Female,29,25-34
1220394375,Southwark,8,533382,176720,1,Car,Car,Turning Right,No Skidding/Overturn,Cycle Lane (On CWY),Entering Main Rd,None,Did Not Leave,None,Front Hit First,Unknown,Male,31,25-34
1220394376,Wandsworth,10,528010,172345,2,Other Vehicle,Other Vehicle,Waiting To Turn Right,No Skidding/Overturn,On Main CW - Not Rest.,Jct App,None,Did Not Leave,None,Front Hit First,Other/Not Known,Male,37,35-64
1220394408,Bexley,18,548336,175657,1,Car,Car,Unknown (S/R),Unknown (S/R),Unknown (S/R),Unknown (S/R),Unknown (S/R),Unknown (S/R),Unknown (S/R),Front Hit First,Other/Not Known,Male,42,35-64
1220394409,Kingston-Upon-Thames,23,518697,166562,1,Car,Car,Turning Right,No Skidding/Overturn,On Main CW - Not Rest.,Jct App,None,Did Not Leave,None,Front Hit First,Comm To/From Work,Female,25,25-34
1220394410,Croydon,20,530406,169437,2,Car,Car,Slowing Or Stopping,No Skidding/Overturn,On Main CW - Not Rest.,Not At Jct,Hit Parked Veh,Did Not Leave,None,Front Hit First,Other/Not Known,Male,32,25-34
1220394428,Lewisham,7,538503,176419,1,Bus Or Coach,London Bus,Going Ahead Right Bend,No Skidding/Overturn,On Main CW - Not Rest.,Not At Jct,None,Left Cwy Nearside,Hit Lamp Post,Front Hit First,Jny Part Of Work,Male,27,25-34
1220394432,Enfield,32,534371,197492,2,Goods Vehicle,GDS 3.5-7.5T,Unknown (S/R),Unknown (S/R),Unknown (S/R),Unknown (S/R),Unknown (S/R),Unknown (S/R),Unknown (S/R),Front Hit First,Unknown,Male,61,35-64
1220394434,Bromley,19,536337,169596,2,Car,Car,Going Ahead Other,No Skidding/Overturn,On Main CW - Not Rest.,Jct Cleared,None,Did Not Leave,None,Front Hit First,Unknown,Female,37,35-64
1220394439,Havering,15,556090,189025,1,Car,Car,Going Ahead Other,No Skidding/Overturn,On Main CW - Not Rest.,Not At Jct,None,Left Cwy Nearside/Rebound,Hit Nr/Off Bar,Front Hit First,Other/Not Known,Male,62,35-64
1220394442,Hackney,4,533468,182266,2,Car,Car,U-turning,No Skidding/Overturn,On Main CW - Not Rest.,Jct App,None,Did Not Leave,None,Front Hit First,Unknown,Male,22,17-24
1220394450,Redbridge,14,546826,192488,1,Car,Car,Turning Right,No Skidding/Overturn,On Main CW - Not Rest.,Jct App,None,Did Not Leave,None,Front Hit First,Other/Not Known,Male,37,35-64
1220394450,Redbridge,14,546826,192488,2,Car,Car,Waiting To Turn Right,No Skidding/Overturn,On Main CW - Not Rest.,Leaving Main Rd,None,Did Not Leave,None,Front Hit First,Jny Part Of Work,Male,61,35-64
1220394474,Hillingdon,26,511112,182149,2,Car,Car,Overtake Stat Veh O/S,Skidded,On Main CW - Not Rest.,Not At Jct,Hit Kerb,Left Cwy Offside,None,Front Hit First,Jny Part Of Work,Male,33,25-34
1220394481,Haringey,31,533591,188996,1,Car,Car,Turning Right,No Skidding/Overturn,On Main CW - Not Rest.,Entering Main Rd,None,Did Not Leave,None,Front Hit First,Jny Part Of Work,Male,27,25-34
1220394483,Brent,28,522444,184662,1,Goods Vehicle,GDS =< 3.5T,Slowing Or Stopping,No Skidding/Overturn,On Main CW - Not Rest.,Not At Jct,None,Did Not Leave,None,Front Hit First,Jny Part Of Work,Male,44,35-64
1220394485,Southwark,8,532446,177280,1,Car,Car,Turning Right,No Skidding/Overturn,On Main CW - Not Rest.,Entering Main Rd,None,Did Not Leave,None,Front Hit First,Comm To/From Work,Male,25,25-34
1220394487,Kingston-Upon-Thames,23,518208,168034,1,Car,Car,Going Ahead Other,No Skidding/Overturn,On Main CW - Not Rest.,Jct App,None,Did Not Leave,None,Front Hit First,Other/Not Known,Male,28,25-34
1220394492,Lambeth,9,532039,174428,1,Car,Car,Going Ahead Right Bend,No Skidding/Overturn,On Main CW - Not Rest.,Jct App,None,Did Not Leave,None,Front Hit First,Other/Not Known,Male,37,35-64
1220394496,Hounslow,25,515873,174793,1,Car,Car,Turning Left,No Skidding/Overturn,On Main CW - Not Rest.,Entering Main Rd,None,Left Cwy Offside,None,Front Hit First,Other/Not Known,Female,29,25-34
1220394502,Westminster,1,529031,181244,1,Taxi,Taxi,Turning Left,No Skidding/Overturn,On Main CW - Not Rest.,Jct Cleared,None,Did Not Leave,None,Front Hit First,Unknown,Not Traced,23,17-24
1220394511,Bexley,18,549076,177554,2,Car,Car,Going Ahead Other,No Skidding/Overturn,On Main CW - Not Rest.,Jct App,None,Did Not Leave,None,Front Hit First,Unknown,Male,47,35-64
1220394513,Lambeth,9,530373,176314,1,Car,Car,Turning Right,No Skidding/Overturn,On Main CW - Not Rest.,Not At Jct,None,Did Not Leave,None,Front Hit First,Other/Not Known,Male,54,35-64
1220394515,Camden,2,528934,183622,2,Car,Car,Going Ahead Other,No Skidding/Overturn,On Main CW - Not Rest.,Jct App,None,Did Not Leave,None,Front Hit First,Other/Not Known,Male,42,35-64
1220394528,Ealing,27,514825,184122,2,Goods Vehicle,Goods Unknown kg (S/R),Unknown (S/R),Unknown (S/R),Unknown (S/R),Unknown (S/R),Unknown (S/R),Unknown (S/R),Unknown (S/R),Front Hit First,Unknown,Not Traced,32,25-34
1220394531,Havering,15,553817,190745,2,Goods Vehicle,GDS =< 3.5T,Unknown (S/R),Unknown (S/R),Unknown (S/R),Unknown (S/R),Unknown (S/R),Unknown (S/R),Unknown (S/R),Front Hit First,Unknown,Male,64,35-64
1220394533,Sutton,21,529085,162591,1,Car,Car,Going Ahead Other,No Skidding/Overturn,On Main CW - Not Rest.,Entering R'about,None,Left Cwy Ahead At Junctn,None,Front Hit First,Unknown,Male,69,65+
1220394542,Redbridge,14,541952,191541,2,Car,Car,Going Ahead Other,No Skidding/Overturn,On Main CW - Not Rest.,Jct Mid,None,Did Not Leave,None,Front Hit First,Jny Part Of Work,Male,47,35-64
1220394546,Islington,3,531693,184025,1,Car,Car,Going Ahead Other,No Skidding/Overturn,On Main CW - Not Rest.,Jct App,None,Did Not Leave,None,Front Hit First,Jny Part Of Work,Female,56,35-64
1220394548,Croydon,20,531522,169793,1,Other Vehicle,Other Vehicle,Going Ahead Other,No Skidding/Overturn,On Main CW - Not Rest.,Jct Cleared,None,Did Not Leave,None,Front Hit First,Unknown,Male,44,35-64
1220394552,Enfield,32,535104,193077,1,Car,Car,Going Ahead Other,No Skidding/Overturn,On Main CW - Not Rest.,Jct App,None,Did Not Leave,None,Front Hit First,Comm To/From Work,Male,61,35-64
1220394559,Bromley,19,546426,167490,2,Car,Car,Unknown (S/R),Unknown (S/R),Unknown (S/R),Unknown (S/R),Unknown (S/R),Unknown (S/R),Unknown (S/R),Front Hit First,Unknown,Male,33,25-34
1220394571,Bromley,19,539860,169917,1,Car,Car,Turning Right,No Skidding/Overturn,On Main CW - Not Rest.,Jct Mid,None,Did Not Leave,None,Front Hit First,Other/Not Known,Male,34,25-34
1220394574,Hillingdon,26,510682,184442,2,Car,Car,Change Lane To Left,Skidded,On Main CW - Not Rest.,Leaving R'about,None,Did Not Leave,None,Front Hit First,Unknown,Male,46,35-64
1220394604,Camden,2,531139,181622,1,Car,Car,Turning Right,No Skidding/Overturn,On Main CW - Not Rest.,Jct App,None,Did Not Leave,None,Front Hit First,Unknown,Not Traced,52,35-64
1220394608,Wandsworth,10,527859,172231,1,Car,Car,Turning Right,No Skidding/Overturn,On Main CW - Not Rest.,Jct Cleared,None,Did Not Leave,None,Front Hit First,Unknown,Male,62,35-64
1220394620,Barnet,30,518610,193090,1,Car,Car,Going Ahead Right Bend,No Skidding/Overturn,On Main CW - Not Rest.,Jct Mid,None,Did Not Leave,None,Front Hit First,Unknown,Female,43,35-64
1220394629,Haringey,31,528777,189679,1,Goods Vehicle,GDS =< 3.5T,Going Ahead Other,No Skidding/Overturn,On Main CW - Not Rest.,Jct Mid,None,Did Not Leave,None,Front Hit First,Comm To/From Work,Male,43,35-64
1220394634,Bromley,19,533707,170732,2,Car,Car,Unknown (S/R),Unknown (S/R),Unknown (S/R),Unknown (S/R),Unknown (S/R),Unknown (S/R),Unknown (S/R),Front Hit First,Unknown,Male,62,35-64
1220394639,Newham,17,540417,182325,1,Other Vehicle,Other Vehicle,Going Ahead Other,No Skidding/Overturn,On Main CW - Not Rest.,Jct App,None,Did Not Leave,None,Front Hit First,Other/Not Known,Male,18,17-24
1220394654,Newham,17,542147,183301,2,Car,Car,Unknown (S/R),Unknown (S/R),Unknown (S/R),Not At Jct,Unknown (S/R),Unknown (S/R),Unknown (S/R),Front Hit First,Unknown,Not Traced,46,35-64
1220394655,Barking & Dagenham,16,548074,186884,1,Car,Car,Going Ahead Other,No Skidding/Overturn,On Main CW - Not Rest.,Jct App,None,Did Not Leave,None,Front Hit First,Other/Not Known,Female,28,25-34
1220394659,Southwark,8,534212,176891,2,Other Vehicle,Other Vehicle,Turning Left,No Skidding/Overturn,On Main CW - Not Rest.,Jct App,None,Did Not Leave,None,Front Hit First,Other/Not Known,Male,35,35-64
1220394660,Lewisham,7,535016,173077,1,Car,Car,Turning Left,No Skidding/Overturn,On Main CW - Not Rest.,Leaving Main Rd,None,Did Not Leave,None,Front Hit First,Comm To/From Work,Female,60,35-64
1220394663,Hounslow,25,520245,177282,1,Bus Or Coach,London Bus,Going Ahead Other,No Skidding/Overturn,On Main CW - Not Rest.,Entering Main Rd,None,Did Not Leave,None,Front Hit First,Other/Not Known,Male,60,35-64
1220394665,Bexley,18,548422,170527,1,Car,Car,Going Ahead Other,No Skidding/Overturn,On Main CW - Not Rest.,Jct Mid,None,Did Not Leave,None,Front Hit First,Unknown,Male,28,25-34
1220394671,Havering,15,551233,188054,1,Car,Car,Turning Left,No Skidding/Overturn,On Main CW - Not Rest.,Leaving R'about,None,Did Not Leave,None,Front Hit First,Other/Not Known,Male,29,25-34
1220394675,Merton,22,526654,168321,1,Car,Car,Going Ahead Other,No Skidding/Overturn,On Main CW - Not Rest.,Jct Mid,None,Left Cwy Nearside,None,Front Hit First,Other/Not Known,Male,64,35-64
1220394676,Lambeth,9,529767,171939,1,Car,Car,U-turning,No Skidding/Overturn,Footway,Not At Jct,None,Did Not Leave,None,Front Hit First,Other/Not Known,Female,47,35-64
1220394678,Tower Hamlets,5,536336,183561,1,Car,Car,Turning Right,No Skidding/Overturn,On Main CW - Not Rest.,Leaving Main Rd,None,Did Not Leave,None,Front Hit First,Unknown,Male,30,25-34
1220394688,Tower Hamlets,5,537737,182304,1,Car,Car,Going Ahead Other,No Skidding/Overturn,On Main CW - Not Rest.,Jct App,None,Left Cwy Offside,Wall Or Fence,Front Hit First,Other/Not Known,Male,29,25-34
1220394690,Redbridge,14,545974,187283,2,Car,Car,Unknown (S/R),Unknown (S/R),Unknown (S/R),Unknown (S/R),Unknown (S/R),Unknown (S/R),Unknown (S/R),Front Hit First,Unknown,Male,37,35-64
1220394695,Ealing,27,512535,182794,1,Car,Car,Moving Off,No Skidding/Overturn,On Main CW - Not Rest.,Jct App,None,Did Not Leave,None,Front Hit First,Comm To/From Work,Male,41,35-64
1220394703,Camden,2,529253,182355,1,Car,Car,Moving Off,No Skidding/Overturn,On Main CW - Not Rest.,Jct App,None,Did Not Leave,None,Front Hit First,Other/Not Known,Male,19,17-24
1220394707,Bromley,19,536685,167705,1,Car,Car,Going Ahead Other,No Skidding/Overturn,On Main CW - Not Rest.,Not At Jct,Hit Parked Veh,Did Not Leave,None,Front Hit First,Other/Not Known,Male,21,17-24
1220394707,Bromley,19,536685,167705,2,Bus Or Coach,London Bus,Going Ahead Other,No Skidding/Overturn,On Main CW - Not Rest.,Not At Jct,Hit Parked Veh,Did Not Leave,None,Front Hit First,Jny Part Of Work,Male,60,35-64
1220394708,Greenwich,6,538089,176696,1,Car,Car,Going Ahead Other,No Skidding/Overturn,On Main CW - Not Rest.,Not At Jct,None,Did Not Leave,None,Front Hit First,Other/Not Known,Male,49,35-64
1220394710,Barnet,30,524423,194376,1,Car,Car,Going Ahead Other,Skidded,Footway,Jct App,None,Left Cwy Nearside/Rebound,Wall Or Fence,Front Hit First,Comm To/From Work,Female,65,65+
1220394714,Harrow,29,515259,193792,2,Car,Car,Going Ahead Other,Skidded,On Main CW - Not Rest.,Jct Mid,None,Did Not Leave,None,Front Hit First,Unknown,Male,71,65+
1220394721,Westminster,1,524864,182602,2,Other Vehicle,Other Vehicle,Going Ahead Other,No Skidding/Overturn,On Main CW - Not Rest.,Entering R'about,None,Did Not Leave,None,Front Hit First,Comm To/From Work,Male,50,35-64
1220394722,Richmond-Upon-Thames,24,513356,169300,1,Goods Vehicle,GDS =< 3.5T,Going Ahead Held Up,No Skidding/Overturn,On Main CW - Not Rest.,Leaving Main Rd,None,Did Not Leave,None,Front Hit First,Jny Part Of Work,Female,46,35-64
1220394759,Greenwich,6,538321,177549,1,Car,Car,Waiting To Turn Right,No Skidding/Overturn,On Main CW - Not Rest.,Jct App,None,Did Not Leave,None,Front Hit First,Comm To/From Work,Male,51,35-64
1220394762,Westminster,1,529260,179201,1,Goods Vehicle,GDS 3.5-7.5T,Turning Right,No Skidding/Overturn,On Main CW - Not Rest.,Jct App,None,Did Not Leave,None,Front Hit First,Jny Part Of Work,Male,58,35-64
1220394767,Islington,3,530234,186984,1,Car,Car,Turning Right,No Skidding/Overturn,On Main CW - Not Rest.,Jct App,None,Did Not Leave,None,Front Hit First,Other/Not Known,Female,47,35-64
1220394768,Barnet,30,522401,189655,1,Car,Car,Overtaking Nearside,No Skidding/Overturn,On Main CW - Not Rest.,Not At Jct,Hit Kerb,Left Cwy Nearside,Hit Lamp Post,Front Hit First,Comm To/From Work,Male,32,25-34
1220394770,Waltham Forest,13,537534,186869,1,Car,Car,Turning Right,No Skidding/Overturn,On Main CW - Not Rest.,Entering Main Rd,None,Did Not Leave,None,Front Hit First,Other/Not Known,Male,47,35-64
1220394777,Westminster,1,526667,180725,2,Other Vehicle,Other Vehicle,Overtaking Nearside,No Skidding/Overturn,On Main CW - Not Rest.,Jct App,None,Did Not Leave,None,Front Hit First,Other/Not Known,Male,40,35-64
1220394785,Kingston-Upon-Thames,23,518226,169644,2,Goods Vehicle,GDS =< 3.5T,Moving Off,No Skidding/Overturn,On Main CW - Not Rest.,Jct App,None,Did Not Leave,None,Front Hit First,Jny Part Of Work,Male,28,25-34
1220394796,Barking & Dagenham,16,549792,187113,2,Car,Car,Unknown (S/R),Unknown (S/R),Unknown (S/R),Unknown (S/R),Unknown (S/R),Unknown (S/R),Unknown (S/R),Front Hit First,Unknown,Not Traced,41,35-64
1220394800,Camden,2,529918,181660,1,Car,Car,Turning Left,No Skidding/Overturn,On Main CW - Not Rest.,Leaving Main Rd,None,Did Not Leave,None,Front Hit First,Other/Not Known,Male,46,35-64
1220394805,Hounslow,25,510973,174076,1,Car,Car,Going Ahead Other,Skidded,On Main CW - Not Rest.,Not At Jct,None,Did Not Leave,None,Front Hit First,Other/Not Known,Female,84,65+
1220394834,Hammersmith & Fulham,11,525050,177535,1,Other Vehicle,Other Vehicle,Turning Right,No Skidding/Overturn,On Main CW - Not Rest.,Jct Mid,None,Did Not Leave,None,Front Hit First,Other/Not Known,Male,62,35-64
1220394839,Ealing,27,514480,184894,1,Car,Car,Going Ahead Left Bend,No Skidding/Overturn,On Main CW - Not Rest.,Jct App,None,Did Not Leave,None,Front Hit First,Comm To/From Work,Female,68,65+
1220394841,Harrow,29,518354,190033,1,Car,Car,Change Lane To Right,No Skidding/Overturn,On Main CW - Not Rest.,Jct Mid,None,Did Not Leave,None,Front Hit First,Other/Not Known,Male,62,35-64
1220394842,Newham,17,538941,184356,1,Car,Car,Turning Left,No Skidding/Overturn,On Main CW - Not Rest.,Jct Cleared,None,Did Not Leave,None,Front Hit First,Unknown,Male,31,25-34
1220394851,Redbridge,14,546790,189876,1,Car,Car,Overtake Move Veh O/S,No Skidding/Overturn,On Main CW - Not Rest.,Jct App,None,Did Not Leave,None,Front Hit First,Jny Part Of Work,Male,32,25-34
1220394858,Islington,3,532241,184241,1,Car,Car,Turning Right,No Skidding/Overturn,On Main CW - Not Rest.,Jct App,None,Did Not Leave,None,Front Hit First,Comm To/From Work,Male,33,25-34
1220394861,Richmond-Upon-Thames,24,520479,175535,1,Car,Car,Going Ahead Held Up,No Skidding/Overturn,On Main CW - Not Rest.,Jct App,None,Left Cwy Offside,None,Front Hit First,Unknown,Female,92,65+
1220394866,Hackney,4,534573,186502,2,Goods Vehicle,Goods Unknown kg (S/R),Unknown (S/R),Unknown (S/R),On Main CW - Not Rest.,Not At Jct,Unknown (S/R),Unknown (S/R),None,Front Hit First,Unknown,Not Traced,55,35-64
1220394868,Barking & Dagenham,16,545687,183105,1,Bus Or Coach,London Bus,Going Ahead Other,No Skidding/Overturn,Busway,Not At Jct,None,Did Not Leave,None,Front Hit First,Jny Part Of Work,Male,57,35-64
1220394869,Hackney,4,533937,184710,2,Taxi,Taxi,Unknown (S/R),Unknown (S/R),Unknown (S/R),Unknown (S/R),Unknown (S/R),Unknown (S/R),Unknown (S/R),Front Hit First,Unknown,Not Traced,39,35-64
1220394876,Lewisham,7,536572,176031,2,Car,Car,Going Ahead Held Up,No Skidding/Overturn,On Main CW - Not Rest.,Not At Jct,None,Did Not Leave,None,Front Hit First,Comm To/From Work,Male,54,35-64
1220394878,Havering,15,552849,184843,2,Car,Car,Going Ahead Other,No Skidding/Overturn,On Main CW - Not Rest.,Jct App,Hit Parked Veh,Did Not Leave,None,Front Hit First,Other/Not Known,Female,58,35-64
1220394884,Croydon,20,529755,160826,1,Car,Car,Overtake Move Veh O/S,No Skidding/Overturn,On Main CW - Not Rest.,Jct App,None,Did Not Leave,None,Front Hit First,Other/Not Known,Male,25,25-34
1220394900,Southwark,8,532047,178491,1,Goods Vehicle,GDS =< 3.5T,Going Ahead Other,No Skidding/Overturn,On Main CW - Not Rest.,Jct App,None,Did Not Leave,None,Front Hit First,Jny Part Of Work,Male,43,35-64
1220394907,Ealing,27,512815,180965,2,Car,Car,Moving Off,No Skidding/Overturn,On Main CW - Not Rest.,Not At Jct,None,Did Not Leave,None,Front Hit First,Other/Not Known,Male,41,35-64
1220394908,Hammersmith & Fulham,11,524264,178853,1,Car,Car,Turning Left,No Skidding/Overturn,On Main CW - Not Rest.,Leaving Main Rd,None,Did Not Leave,None,Front Hit First,Other/Not Known,Male,33,25-34
1220394909,Hounslow,25,521072,178509,1,Car,Car,Unknown (S/R),No Skidding/Overturn,On Main CW - Not Rest.,Jct Mid,None,Did Not Leave,None,Front Hit First,Other/Not Known,Male,48,35-64
1220394911,Lambeth,9,531067,175549,2,Car,Car,Moving Off,No Skidding/Overturn,On Main CW - Not Rest.,Jct Mid,None,Did Not Leave,None,Front Hit First,Unknown,Male,26,25-34
1220394914,Barnet,30,525976,195195,1,Car,Car,Going Ahead Other,No Skidding/Overturn,On Main CW - Not Rest.,Jct Mid,None,Did Not Leave,None,Front Hit First,Other/Not Known,Male,36,35-64
1220394914,Barnet,30,525976,195195,2,Car,Car,Turning Right,No Skidding/Overturn,On Main CW - Not Rest.,Jct Mid,None,Did Not Leave,None,Front Hit First,Other/Not Known,Male,49,35-64
1220394920,Lewisham,7,540518,173213,1,Other Vehicle,Other Vehicle,Going Ahead Other,No Skidding/Overturn,On Main CW - Not Rest.,Jct App,Hit Parked Veh,Did Not Leave,None,Front Hit First,Unknown,Male,27,25-34
1220394922,Redbridge,14,545098,188344,1,Car,Car,Change Lane To Left,Skid/Over,On Main CW - Not Rest.,Not At Jct,Hit Kerb,Did Not Leave,None,Front Hit First,Other/Not Known,Male,50,35-64
1220394922,Redbridge,14,545098,188344,3,Car,Car,Going Ahead Other,No Skidding/Overturn,On Main CW - Not Rest.,Not At Jct,None,Did Not Leave,None,Front Hit First,Other/Not Known,Female,61,35-64
1220394925,Croydon,20,532184,166819,1,Goods Vehicle,GDS =< 3.5T,Going Ahead Other,No Skidding/Overturn,On Main CW - Not Rest.,Jct App,None,Did Not Leave,None,Front Hit First,Comm To/From Work,Male,41,35-64
1220394990,Lambeth,9,529639,175408,1,Car,Car,Waiting To Turn Right,No Skidding/Overturn,On Main CW - Not Rest.,Entering Main Rd,None,Did Not Leave,None,Front Hit First,Jny Part Of Work,Male,54,35-64
1220395012,Tower Hamlets,5,538090,182425,3,Car,Car,Going Ahead Other,No Skidding/Overturn,On Main CW - Not Rest.,Not At Jct,None,Did Not Leave,None,Front Hit First,Other/Not Known,Female,32,25-34
1220395012,Tower Hamlets,5,538090,182425,4,Car,Car,Going Ahead Other,No Skidding/Overturn,On Main CW - Not Rest.,Not At Jct,None,Did Not Leave,None,Front Hit First,Other/Not Known,Male,49,35-64
1220395015,Wandsworth,10,523898,174706,2,Private Hire,Private Hire - Licensed,Going Ahead Other,No Skidding/Overturn,On Main CW - Not Rest.,Jct Mid,None,Did Not Leave,None,Front Hit First,Jny Part Of Work,Male,42,35-64
1220395018,Waltham Forest,13,537482,189772,1,Car,Car,Going Ahead Other,No Skidding/Overturn,On Main CW - Not Rest.,Jct App,None,Did Not Leave,None,Front Hit First,Other/Not Known,Female,34,25-34
1220395020,Hillingdon,26,506070,180254,1,Car,Car,Unknown (S/R),Unknown (S/R),Unknown (S/R),Unknown (S/R),Unknown (S/R),Unknown (S/R),Unknown (S/R),Front Hit First,Other/Not Known,Female,64,35-64
1220395023,Tower Hamlets,5,533891,181357,2,Car,Car,Moving Off,No Skidding/Overturn,On Main CW - Not Rest.,Jct App,None,Did Not Leave,None,Front Hit First,Other/Not Known,Male,28,25-34
1220395028,Lambeth,9,530931,172128,1,Car,Car,Turning Right,No Skidding/Overturn,On Main CW - Not Rest.,Jct Mid,None,Did Not Leave,None,Front Hit First,Other/Not Known,Female,56,35-64