_Collision Id,Borough Name,Borough Number,Easting,Northing,_Vehicle Id,Vehicle Type Banded,Vehicle Type,Vehicle Manoeuvres,Vehicle Skidding and Overturning,Vehicle Restricted Lane,Location of Vehicle at First Impact,Vehicle Hit Object in Carriageway,Vehicle Leaving Carriageway,Vehicle Hit Object Off Carriageway,First Point of Impact,Journey Purpose,Driver Gender,Driver Age,Driver age (Banded)
1220404253,Bromley,19,542895,168350,1,Car,Car,Going Ahead Other,No Skidding/Overturn,Footway,Not At Jct,Hit Parked Veh,Did Not Leave,None,Front Hit First,Taking Pupil To/From Sch,Female,33,25-34
1220404266,Greenwich,6,547001,181058,1,Car,Car,Going Ahead Other,No Skidding/Overturn,Footway,Jct Cleared,None,Left Cwy Nearside,None,Front Hit First,Other/Not Known,Female,33,25-34
1220404286,Westminster,1,529531,181141,1,Car,Car,Going Ahead Other,No Skidding/Overturn,On Main CW - Not Rest.,Jct App,None,Did Not Leave,None,Front Hit First,Other/Not Known,Male,47,35-64
1220404305,Harrow,29,513692,191837,2,Goods Vehicle,GDS =< 3.5T,Going Ahead Other,No Skidding/Overturn,On Main CW - Not Rest.,Not At Jct,None,Did Not Leave,None,Front Hit First,Comm To/From Work,Male,23,17-24
1220404331,Hackney,4,533476,183813,2,Car,Car,Unknown (S/R),Unknown (S/R),Unknown (S/R),Unknown (S/R),Unknown (S/R),Unknown (S/R),Unknown (S/R),Front Hit First,Unknown,Male,56,35-64
1220404340,Havering,15,555374,189096,2,Car,Car,Slowing Or Stopping,No Skidding/Overturn,On Main CW - Not Rest.,Not At Jct,None,Did Not Leave,None,Front Hit First,Unknown,Female,20,17-24
1220404340,Havering,15,555374,189096,3,Car,Car,Slowing Or Stopping,No Skidding/Overturn,On Main CW - Not Rest.,Not At Jct,None,Did Not Leave,None,Front Hit First,Unknown,Female,38,35-64
1220404342,Enfield,32,535105,199736,1,Car,Car,Unknown (S/R),Unknown (S/R),Unknown (S/R),Unknown (S/R),Unknown (S/R),Unknown (S/R),Unknown (S/R),Front Hit First,Other/Not Known,Female,40,35-64
1220404359,Wandsworth,10,526090,175374,1,Car,Car,Going Ahead Other,No Skidding/Overturn,On Main CW - Not Rest.,Jct App,None,Did Not Leave,None,Front Hit First,Jny Part Of Work,Male,57,35-64
1220404365,Camden,2,527163,183690,1,Car,Car,Turning Right,No Skidding/Overturn,Footway,Leaving Main Rd,Hit Kerb,Left Cwy Nearside/Rebound,Wall Or Fence,Front Hit First,Other/Not Known,Female,21,17-24
1220404371,Wandsworth,10,527221,173028,1,Car,Car,Going Ahead Left Bend,No Skidding/Overturn,On Main CW - Not Rest.,Leaving R'about,None,Did Not Leave,None,Front Hit First,Unknown,Female,49,35-64
1220404373,Wandsworth,10,526545,171633,1,Car,Car,Going Ahead Other,No Skidding/Overturn,On Main CW - Not Rest.,Jct App,Hit Parked Veh,Did Not Leave,None,Front Hit First,Other/Not Known,Male,76,65+
1220404382,Camden,2,526356,185711,1,Car,Car,Going Ahead Other,No Skidding/Overturn,On Main CW - Not Rest.,Not At Jct,None,Did Not Leave,None,Front Hit First,Comm To/From Work,Male,33,25-34
1220404385,Ealing,27,511425,178877,1,Car,Car,Turning Right,No Skidding/Overturn,On Main CW - Not Rest.,Jct App,None,Did Not Leave,None,Front Hit First,Comm To/From Work,Male,22,17-24
1220404402,Redbridge,14,540196,190037,1,Car,Car,Going Ahead Other,No Skidding/Overturn,On Main CW - Not Rest.,Jct Cleared,None,Did Not Leave,None,Front Hit First,Comm To/From Work,Male,49,35-64
1220404416,Camden,2,530094,182798,1,Car,Car,Moving Off,No Skidding/Overturn,On Main CW - Not Rest.,Jct Mid,None,Did Not Leave,None,Front Hit First,Unknown,Female,38,35-64
1220404424,Barnet,30,524655,197000,2,Car,Car,Going Ahead Other,No Skidding/Overturn,On Main CW - Not Rest.,Jct App,None,Left Cwy Nearside,None,Front Hit First,Other/Not Known,Male,29,25-34
1220404437,Merton,22,523636,169676,1,Car,Car,Going Ahead Held Up,No Skidding/Overturn,On Main CW - Not Rest.,Jct Cleared,None,Did Not Leave,None,Front Hit First,Jny Part Of Work,Female,36,35-64
1220404445,Bromley,19,545720,165710,1,Car,Car,Turning Right,No Skidding/Overturn,On Main CW - Not Rest.,Jct App,None,Did Not Leave,None,Front Hit First,Other/Not Known,Female,59,35-64
1220404451,Lambeth,9,530825,174776,1,Car,Car,Going Ahead Other,No Skidding/Overturn,On Main CW - Not Rest.,Not At Jct,None,Did Not Leave,None,Front Hit First,Unknown,Female,52,35-64
1220404453,Southwark,8,531948,178890,1,Car,Car,Moving Off,No Skidding/Overturn,On Main CW - Not Rest.,Jct App,None,Did Not Leave,None,Front Hit First,Unknown,Male,25,25-34
1220404462,Lewisham,7,536494,172215,1,Car,Car,Going Ahead Other,No Skidding/Overturn,On Main CW - Not Rest.,Not At Jct,Hit Parked Veh,Did Not Leave,None,Front Hit First,Other/Not Known,Female,40,35-64
1220404464,Brent,28,522653,184587,1,Car,Car,Going Ahead Other,No Skidding/Overturn,On Main CW - Not Rest.,Not At Jct,None,Did Not Leave,None,Front Hit First,Other/Not Known,Male,35,35-64
1220404465,Westminster,1,527656,181083,2,Car,Car,Moving Off,No Skidding/Overturn,On Main CW - Not Rest.,Jct Mid,None,Did Not Leave,None,Front Hit First,Comm To/From Work,Male,59,35-64
1220404466,Enfield,32,532007,195519,1,Car,Car,Moving Off,Skid/Over,Footway,Not At Jct,Hit Parked Veh,Left Cwy Nearside,Wall Or Fence,Front Hit First,Other/Not Known,Male,21,17-24
1220404487,Hillingdon,26,511453,182103,1,Goods Vehicle,GDS =< 3.5T,Going Ahead Other,No Skidding/Overturn,On Main CW - Not Rest.,Jct App,Hit Oth Object,Did Not Leave,None,Front Hit First,Unknown,Male,52,35-64
1220404497,Lewisham,7,540071,173665,1,Car,Car,Going Ahead Other,No Skidding/Overturn,On Main CW - Not Rest.,Jct App,None,Did Not Leave,None,Front Hit First,Taking Pupil To/From Sch,Female,23,17-24
1220404502,Greenwich,6,544644,174462,2,Goods Vehicle,GDS =< 3.5T,Unknown (S/R),Unknown (S/R),Unknown (S/R),Unknown (S/R),Unknown (S/R),Unknown (S/R),Unknown (S/R),Front Hit First,Unknown,Not Traced,31,25-34
1220404539,Barnet,30,527885,195555,2,Car,Car,Going Ahead Other,No Skidding/Overturn,On Main CW - Not Rest.,Jct Mid,None,Did Not Leave,None,Front Hit First,Other/Not Known,Female,38,35-64
1220404544,Kensington & Chelsea,12,525943,179703,2,Bus Or Coach,London Bus,Going Ahead Other,No Skidding/Overturn,On Main CW - Not Rest.,Jct App,None,Did Not Leave,None,Front Hit First,Jny Part Of Work,Male,50,35-64
1220404550,Harrow,29,514577,188223,1,Car,Car,Turning Right,No Skidding/Overturn,Leaving Lay-by/Hard Shldr,Entering Main Rd,None,Did Not Leave,None,Front Hit First,Other/Not Known,Female,29,25-34
1220404552,Enfield,32,532174,192543,1,Car,Car,Going Ahead Other,No Skidding/Overturn,On Main CW - Not Rest.,Not At Jct,Hit Kerb,Did Not Leave,None,Front Hit First,Other/Not Known,Male,44,35-64
1220404574,Enfield,32,534240,195513,1,Car,Car,Going Ahead Other,No Skidding/Overturn,On Main CW - Not Rest.,Jct Mid,None,Did Not Leave,None,Front Hit First,Other/Not Known,Female,37,35-64
1220404577,Ealing,27,518364,182864,1,Car,Car,Moving Off,No Skidding/Overturn,On Main CW - Not Rest.,Jct Cleared,None,Did Not Leave,None,Front Hit First,Comm To/From Work,Female,40,35-64
1220404597,Southwark,8,536583,179207,2,Car,Car,Unknown (S/R),Unknown (S/R),Unknown (S/R),Unknown (S/R),Unknown (S/R),Unknown (S/R),Unknown (S/R),Front Hit First,Unknown,Not Traced,40,35-64
1220404605,Sutton,21,524434,164030,1,Car,Car,Going Ahead Other,No Skidding/Overturn,On Main CW - Not Rest.,Not At Jct,None,Did Not Leave,None,Front Hit First,Unknown,Male,46,35-64
1220404605,Sutton,21,524434,164030,2,Goods Vehicle,GDS =< 3.5T,Going Ahead Other,No Skidding/Overturn,On Main CW - Not Rest.,Not At Jct,None,Did Not Leave,None,Front Hit First,Comm To/From Work,Male,32,25-34
1220404608,Westminster,1,528420,182098,1,Car,Car,Going Ahead Other,No Skidding/Overturn,On Main CW - Not Rest.,Jct App,None,Did Not Leave,None,Front Hit First,Other/Not Known,Male,57,35-64
1220404608,Westminster,1,528420,182098,2,Car,Car,Turning Right,No Skidding/Overturn,On Main CW - Not Rest.,Jct App,None,Did Not Leave,None,Front Hit First,Other/Not Known,Male,41,35-64
1220404609,City Of London,0,531467,180834,1,Car,Car,Turning Left,No Skidding/Overturn,Cycle Lane (On CWY),Jct Mid,None,Did Not Leave,None,Front Hit First,Other/Not Known,Male,38,35-64
1220404617,Haringey,31,530544,188823,1,Car,Car,Turning Right,No Skidding/Overturn,On Main CW - Not Rest.,Entering Main Rd,None,Did Not Leave,None,Front Hit First,Comm To/From Work,Female,25,25-34
1220404622,Hounslow,25,520916,177100,1,Car,Car,Going Ahead Other,No Skidding/Overturn,On Main CW - Not Rest.,Jct Cleared,None,Did Not Leave,None,Front Hit First,Comm To/From Work,Male,47,35-64
1220404623,Ealing,27,520602,178900,1,Bus Or Coach,London Bus,Turning Right,No Skidding/Overturn,On Main CW - Not Rest.,Jct App,Hit Parked Veh,Did Not Leave,None,Front Hit First,Jny Part Of Work,Male,39,35-64
1220404630,Haringey,31,529553,188453,1,Car,Car,Going Ahead Right Bend,No Skidding/Overturn,On Main CW - Not Rest.,Jct App,Hit Parked Veh,Left Cwy Offside,Wall Or Fence,Front Hit First,Unknown,Female,41,35-64
1220404636,Hounslow,25,518193,178307,2,Car,Car,Change Lane To Right,No Skidding/Overturn,On Main CW - Not Rest.,Jct Mid,None,Did Not Leave,None,Front Hit First,Other/Not Known,Male,29,25-34
1220404651,Hounslow,25,519843,178595,1,Car,Car,Unknown (S/R),Unknown (S/R),Unknown (S/R),Unknown (S/R),Unknown (S/R),Unknown (S/R),Unknown (S/R),Front Hit First,Comm To/From Work,Female,39,35-64
1220404662,Merton,22,523273,170527,1,Car,Car,Going Ahead Other,No Skidding/Overturn,On Main CW - Not Rest.,Jct App,None,Did Not Leave,None,Front Hit First,Unknown,Male,20,17-24
1220404666,Haringey,31,533620,188246,2,Bus Or Coach,London Bus,Going Ahead Other,No Skidding/Overturn,On Main CW - Not Rest.,Jct Mid,None,Did Not Leave,None,Front Hit First,Jny Part Of Work,Female,29,25-34
1220404667,Tower Hamlets,5,537277,183419,1,Car,Car,Going Ahead Other,No Skidding/Overturn,On Main CW - Not Rest.,Not At Jct,None,Did Not Leave,None,Front Hit First,Other/Not Known,Male,25,25-34
1220404670,Redbridge,14,547625,187876,2,Car,Car,Going Ahead Held Up,No Skidding/Overturn,On Main CW - Not Rest.,Jct App,None,Did Not Leave,None,Front Hit First,Jny Part Of Work,Male,28,25-34
1220404670,Redbridge,14,547625,187876,3,Car,Car,Going Ahead Other,No Skidding/Overturn,On Main CW - Not Rest.,Jct Mid,None,Did Not Leave,None,Front Hit First,Unknown,Male,56,35-64
1220404674,Tower Hamlets,5,537491,182885,1,Car,Car,Going Ahead Other,Skidded,On Main CW - Not Rest.,Jct App,None,Did Not Leave,None,Front Hit First,Unknown,Male,58,35-64
1220404676,Croydon,20,533104,169743,1,Car,Car,Going Ahead Other,No Skidding/Overturn,On Main CW - Not Rest.,Jct App,None,Did Not Leave,None,Front Hit First,Comm To/From Work,Male,53,35-64
1220404678,Waltham Forest,13,536347,192198,1,Car,Car,Slowing Or Stopping,No Skidding/Overturn,On Main CW - Not Rest.,Jct App,None,Did Not Leave,None,Front Hit First,Other/Not Known,Male,39,35-64
1220404684,Kensington & Chelsea,12,526973,178543,2,Private Hire,Private Hire - Licensed,Going Ahead Other,No Skidding/Overturn,On Main CW - Not Rest.,Jct App,None,Did Not Leave,None,Front Hit First,Unknown,Male,40,35-64
1220404708,Enfield,32,532492,200689,1,Car,Car,Going Ahead Other,Skidded,On Main CW - Not Rest.,Not At Jct,Hit Animal (Not Rid-horse),Did Not Leave,None,Front Hit First,Other/Not Known,Female,34,25-34
1220404708,Enfield,32,532492,200689,2,Private Hire,Private Hire - Licensed,Going Ahead Other,No Skidding/Overturn,On Main CW - Not Rest.,Not At Jct,None,Did Not Leave,None,Front Hit First,Comm To/From Work,Female,41,35-64
1220404719,Southwark,8,533435,175437,1,Car,Car,Turning Left,No Skidding/Overturn,On Main CW - Not Rest.,Jct App,None,Did Not Leave,None,Front Hit First,Other/Not Known,Female,33,25-34
1220404729,Havering,15,554800,189360,1,Car,Car,Going Ahead Other,No Skidding/Overturn,On Main CW - Not Rest.,Jct App,None,Did Not Leave,None,Front Hit First,Other/Not Known,Female,51,35-64
1220404729,Havering,15,554800,189360,2,Car,Car,Turning Right,No Skidding/Overturn,On Main CW - Not Rest.,Entering Main Rd,None,Did Not Leave,None,Front Hit First,Unknown,Female,42,35-64
1220404730,Barnet,30,525594,191184,1,Car,Car,Waiting To Turn Right,No Skidding/Overturn,On Main CW - Not Rest.,Jct App,None,Did Not Leave,None,Front Hit First,Unknown,Female,44,35-64
1220404730,Barnet,30,525594,191184,3,Car,Car,Going Ahead Held Up,No Skidding/Overturn,On Main CW - Not Rest.,Jct App,None,Did Not Leave,None,Front Hit First,Other/Not Known,Male,21,17-24
1220404740,Brent,28,516337,187084,1,Car,Car,Going Ahead Other,No Skidding/Overturn,On Main CW - Not Rest.,Not At Jct,None,Did Not Leave,None,Front Hit First,Other/Not Known,Female,24,17-24
1220404742,Bromley,19,544082,171328,2,Car,Car,Going Ahead Other,No Skidding/Overturn,On Main CW - Not Rest.,Jct App,None,Did Not Leave,None,Front Hit First,Unknown,Female,24,17-24
1220404745,Tower Hamlets,5,534632,181603,1,Car,Car,Going Ahead Other,No Skidding/Overturn,On Main CW - Not Rest.,Jct App,None,Did Not Leave,None,Front Hit First,Other/Not Known,Male,31,25-34
1220404748,Lambeth,9,530979,175199,1,Car,Car,Unknown (S/R),Unknown (S/R),Unknown (S/R),Unknown (S/R),Unknown (S/R),Unknown (S/R),Unknown (S/R),Front Hit First,Other/Not Known,Male,35,35-64
1220404754,Ealing,27,515789,182382,1,Car,Car,Unknown (S/R),Unknown (S/R),Unknown (S/R),Unknown (S/R),Unknown (S/R),Unknown (S/R),Unknown (S/R),Front Hit First,Unknown,Not Traced,24,17-24
1220404755,Hounslow,25,518430,178585,2,Car,Car,Unknown (S/R),Unknown (S/R),Unknown (S/R),Not At Jct,Unknown (S/R),Unknown (S/R),Unknown (S/R),Front Hit First,Unknown,Not Traced,57,35-64
1220404758,Croydon,20,529375,161694,2,Car,Car,Unknown (S/R),Unknown (S/R),Unknown (S/R),Entering R'about,Unknown (S/R),Unknown (S/R),Unknown (S/R),Front Hit First,Unknown,Not Traced,28,25-34
1220404763,Merton,22,525577,167164,1,Car,Car,Turning Left,No Skidding/Overturn,On Main CW - Not Rest.,Entering Main Rd,None,Did Not Leave,None,Front Hit First,Other/Not Known,Male,18,17-24
1220404763,Merton,22,525577,167164,2,Car,Car,Going Ahead Other,No Skidding/Overturn,On Main CW - Not Rest.,Jct App,None,Did Not Leave,None,Front Hit First,Other/Not Known,Male,43,35-64
1220404771,Lambeth,9,531196,179195,1,Car,Car,Turning Right,No Skidding/Overturn,On Main CW - Not Rest.,Jct App,None,Did Not Leave,None,Front Hit First,Unknown,Female,33,25-34
1220404774,Lewisham,7,536486,175847,1,Car,Car,Going Ahead Other,No Skidding/Overturn,On Main CW - Not Rest.,Jct Cleared,None,Did Not Leave,None,Front Hit First,Other/Not Known,Male,54,35-64
1220404779,Brent,28,522949,185684,1,Car,Car,Slowing Or Stopping,No Skidding/Overturn,On Main CW - Not Rest.,Jct Mid,None,Did Not Leave,None,Front Hit First,Other/Not Known,Female,57,35-64
1220404779,Brent,28,522949,185684,2,Car,Car,Slowing Or Stopping,Skidded,On Main CW - Not Rest.,Jct Mid,None,Did Not Leave,None,Front Hit First,Unknown,Male,24,17-24
1220404781,Harrow,29,515243,190309,1,Car,Car,Going Ahead Other,No Skidding/Overturn,On Main CW - Not Rest.,Jct App,None,Did Not Leave,None,Front Hit First,Other/Not Known,Male,29,25-34
1220404781,Harrow,29,515243,190309,2,Car,Car,Moving Off,No Skidding/Overturn,On Main CW - Not Rest.,Entering Main Rd,None,Did Not Leave,None,Front Hit First,Other/Not Known,Male,21,17-24
1220404789,Islington,3,529414,186848,1,Goods Vehicle,GDS =< 3.5T,Turning Right,No Skidding/Overturn,On Main CW - Not Rest.,Jct Cleared,None,Did Not Leave,None,Front Hit First,Comm To/From Work,Male,28,25-34
1220404805,Enfield,32,532973,193743,2,Car,Car,Slowing Or Stopping,No Skidding/Overturn,On Main CW - Not Rest.,Not At Jct,None,Did Not Leave,None,Front Hit First,Unknown,Male,25,25-34
1220404805,Enfield,32,532973,193743,3,Car,Car,Slowing Or Stopping,No Skidding/Overturn,On Main CW - Not Rest.,Not At Jct,None,Did Not Leave,None,Front Hit First,Unknown,Male,20,17-24
1220404808,Barnet,30,522936,187446,1,Goods Vehicle,GDS =< 3.5T,Going Ahead Other,No Skidding/Overturn,On Main CW - Not Rest.,Jct Mid,None,Did Not Leave,None,Front Hit First,Unknown,Male,23,17-24
1220404809,Haringey,31,532071,190531,4,Car,Car,Going Ahead Other,No Skidding/Overturn,On Main CW - Not Rest.,Jct App,None,Did Not Leave,None,Front Hit First,Unknown,Male,51,35-64
1220404809,Haringey,31,532071,190531,5,Car,Car,Going Ahead Other,No Skidding/Overturn,On Main CW - Not Rest.,Jct App,None,Did Not Leave,None,Front Hit First,Unknown,Male,39,35-64
1220404809,Haringey,31,532071,190531,8,Car,Car,Going Ahead Other,No Skidding/Overturn,On Main CW - Not Rest.,Jct App,None,Did Not Leave,None,Front Hit First,Unknown,Male,51,35-64
1220404812,Haringey,31,534558,190002,1,Car,Car,Overtake Move Veh O/S,No Skidding/Overturn,Footway,Not At Jct,Hit Kerb,Left Cwy Offside/Rebound,Wall Or Fence,Front Hit First,Other/Not Known,Male,29,25-34
1220404816,Havering,15,553993,191471,2,Car,Car,Going Ahead Other,No Skidding/Overturn,On Main CW - Not Rest.,Not At Jct,Hit Parked Veh,Did Not Leave,None,Front Hit First,Other/Not Known,Male,22,17-24
1220404817,Barking & Dagenham,16,548710,186148,1,Car,Car,Going Ahead Other,No Skidding/Overturn,On Main CW - Not Rest.,Jct App,None,Did Not Leave,None,Front Hit First,Other/Not Known,Male,23,17-24
1220404845,Hounslow,25,517465,178108,1,Car,Car,Going Ahead Other,Skidded,On Main CW - Not Rest.,Jct Cleared,Hit Kerb,Left Cwy Onto Central Res,Wall Or Fence,Front Hit First,Other/Not Known,Male,25,25-34
1220404861,Barking & Dagenham,16,548477,189218,1,Car,Car,Going Ahead Other,No Skidding/Overturn,On Main CW - Not Rest.,Not At Jct,None,Did Not Leave,None,Front Hit First,Other/Not Known,Male,39,35-64
1220404861,Barking & Dagenham,16,548477,189218,2,Car,Car,Going Ahead Left Bend,No Skidding/Overturn,On Main CW - Not Rest.,Not At Jct,Hit Bollard,Did Not Leave,None,Front Hit First,Unknown,Female,18,17-24
1220404864,Havering,15,554772,191800,1,Car,Car,Going Ahead Other,Overturn,On Main CW - Not Rest.,Jct Cleared,None,Did Not Leave,None,Front Hit First,Other/Not Known,Male,64,35-64
1220404865,Camden,2,525490,185263,2,Other Vehicle,Other Vehicle,Going Ahead Other,Skid/Over,On Main CW - Not Rest.,Jct App,None,Did Not Leave,None,Front Hit First,Other/Not Known,Male,26,25-34
1220404869,Enfield,32,534937,192267,2,Car,Car,Unknown (S/R),Unknown (S/R),Unknown (S/R),Unknown (S/R),Unknown (S/R),Unknown (S/R),Unknown (S/R),Front Hit First,Unknown,Male,44,35-64
1220404873,Hounslow,25,511000,172719,1,Goods Vehicle,GDS =< 3.5T,Going Ahead Other,No Skidding/Overturn,On Main CW - Not Rest.,Entering R'about,None,Did Not Leave,None,Front Hit First,Jny Part Of Work,Male,57,35-64
1220404879,Bexley,18,550606,176057,1,Goods Vehicle,GDS =< 3.5T,Moving Off,No Skidding/Overturn,On Main CW - Not Rest.,Jct Cleared,None,Did Not Leave,None,Front Hit First,Other/Not Known,Male,37,35-64
1220404879,Bexley,18,550606,176057,2,Car,Car,Moving Off,No Skidding/Overturn,On Main CW - Not Rest.,Jct App,None,Did Not Leave,None,Front Hit First,Other/Not Known,Female,23,17-24
1220404902,Southwark,8,534224,175971,1,Car,Car,Turning Right,No Skidding/Overturn,On Main CW - Not Rest.,Entering Main Rd,None,Did Not Leave,None,Front Hit First,Jny Part Of Work,Male,42,35-64
1220404908,Hillingdon,26,505360,181821,1,Car,Car,Going Ahead Other,Skidded,On Main CW - Not Rest.,Jct App,Hit Bollard,Did Not Leave,None,Front Hit First,Other/Not Known,Male,19,17-24
1220404917,Kingston-Upon-Thames,23,519137,169631,1,Car,Car,Going Ahead Other,No Skidding/Overturn,On Main CW - Not Rest.,Jct Mid,None,Did Not Leave,None,Front Hit First,Other/Not Known,Male,61,35-64
1220404924,Hackney,4,535565,185465,1,Car,Car,Turning Right,No Skidding/Overturn,On Main CW - Not Rest.,Jct Cleared,None,Did Not Leave,None,Front Hit First,Other/Not Known,Male,71,65+
1220404929,Enfield,32,535260,196228,1,Car,Car,Going Ahead Other,No Skidding/Overturn,On Main CW - Not Rest.,Jct App,None,Did Not Leave,None,Front Hit First,Unknown,Male,27,25-34
1220404929,Enfield,32,535260,196228,3,Car,Car,Going Ahead Other,No Skidding/Overturn,On Main CW - Not Rest.,Jct App,None,Did Not Leave,None,Front Hit First,Jny Part Of Work,Male,21,17-24
1220404929,Enfield,32,535260,196228,4,Car,Car,Going Ahead Other,No Skidding/Overturn,On Main CW - Not Rest.,Jct App,None,Did Not Leave,None,Front Hit First,Jny Part Of Work,Male,21,17-24
1220404951,Southwark,8,535243,178677,1,Car,Car,Going Ahead Other,No Skidding/Overturn,On Main CW - Not Rest.,Jct App,None,Did Not Leave,None,Front Hit First,Jny Part Of Work,Male,53,35-64
1220404958,Sutton,21,524200,166199,2,Car,Car,Overtake Move Veh O/S,Overturn,On Main CW - Not Rest.,Jct App,None,Left Cwy Nearside/Rebound,Wall Or Fence,Front Hit First,Other/Not Known,Male,53,35-64
1220404967,Hillingdon,26,509247,180975,1,Car,Car,Going Ahead Other,No Skidding/Overturn,On Main CW - Not Rest.,Entering R'about,Hit Roundabout,Left Cwy Ahead At Junctn,Hit Tree,Front Hit First,Unknown,Male,31,25-34
1220404970,Greenwich,6,538941,179945,1,Car,Car,Going Ahead Left Bend,Skidded,On Main CW - Not Rest.,Not At Jct,Hit Bollard,Did Not Leave,None,Front Hit First,Other/Not Known,Male,28,25-34
1220404972,Wandsworth,10,528164,175039,1,Car,Car,Going Ahead Right Bend,No Skidding/Overturn,On Main CW - Not Rest.,Jct App,None,Did Not Leave,None,Front Hit First,Comm To/From Work,Female,57,35-64
1220404982,Brent,28,519402,186375,1,Car,Car,Moving Off,No Skidding/Overturn,On Main CW - Not Rest.,Jct Cleared,None,Did Not Leave,None,Front Hit First,Unknown,Male,21,17-24
1220404983,Redbridge,14,541571,188751,2,Goods Vehicle,GDS =< 3.5T,Unknown (S/R),No Skidding/Overturn,On Main CW - Not Rest.,Not At Jct,None,Did Not Leave,None,Front Hit First,Unknown,Not Traced,44,35-64
1220404988,Bexley,18,551024,174789,1,Car,Car,Waiting To Turn Right,No Skidding/Overturn,On Main CW - Not Rest.,Jct App,None,Did Not Leave,None,Front Hit First,Comm To/From Work,Male,43,35-64
1220405005,Kensington & Chelsea,12,526228,178698,1,Private Hire,Private Hire - Licensed,Moving Off,No Skidding/Overturn,On Main CW - Not Rest.,Not At Jct,None,Did Not Leave,None,Front Hit First,Jny Part Of Work,Male,30,25-34
1220405022,Camden,2,525328,185624,1,Goods Vehicle,GDS =< 3.5T,Turning Right,No Skidding/Overturn,On Main CW - Not Rest.,Jct App,None,Left Cwy Ahead At Junctn,None,Front Hit First,Jny Part Of Work,Male,54,35-64
1220405023,Camden,2,525367,185645,1,Taxi,Taxi,Going Ahead Other,No Skidding/Overturn,Bus Lane,Jct App,None,Did Not Leave,None,Front Hit First,Jny Part Of Work,Male,46,35-64
1220405023,Camden,2,525367,185645,2,Private Hire,Private Hire - Licensed,Turning Right,No Skidding/Overturn,On Main CW - Not Rest.,Jct App,None,Left Cwy Ahead At Junctn,None,Front Hit First,Jny Part Of Work,Female,53,35-64
1220405025,Redbridge,14,544494,188136,3,Car,Car,Waiting To Turn Right,No Skidding/Overturn,On Main CW - Not Rest.,Jct App,None,Did Not Leave,None,Front Hit First,Comm To/From Work,Male,47,35-64
1220405036,Kensington & Chelsea,12,524370,181196,1,Goods Vehicle,GDS =< 3.5T,Waiting To Turn Right,No Skidding/Overturn,On Main CW - Not Rest.,Jct Mid,None,Did Not Leave,None,Front Hit First,Jny Part Of Work,Male,32,25-34
1220405036,Kensington & Chelsea,12,524370,181196,2,Goods Vehicle,GDS =< 3.5T,Going Ahead Other,No Skidding/Overturn,On Main CW - Not Rest.,Jct Mid,None,Did Not Leave,None,Front Hit First,Jny Part Of Work,Male,46,35-64
1220405044,Barnet,30,526351,194245,1,Car,Car,Moving Off,Skidded,On Main CW - Not Rest.,Jct Mid,None,Did Not Leave,None,Front Hit First,Other/Not Known,Male,32,25-34
1220405048,Brent,28,517459,188689,1,Car,Car,Going Ahead Other,No Skidding/Overturn,On Main CW - Not Rest.,Not At Jct,None,Did Not Leave,None,Front Hit First,Other/Not Known,Female,34,25-34
1220405051,Merton,22,529461,167597,2,Car,Car,Slowing Or Stopping,No Skidding/Overturn,On Main CW - Not Rest.,Not At Jct,None,Did Not Leave,None,Front Hit First,Unknown,Male,46,35-64
1220405052,Barnet,30,521884,188259,2,Car,Car,Unknown (S/R),Unknown (S/R),Unknown (S/R),Unknown (S/R),Unknown (S/R),Unknown (S/R),Unknown (S/R),Front Hit First,Unknown,Male,40,35-64
1220405056,Hillingdon,26,506043,180773,1,Car,Car,Moving Off,No Skidding/Overturn,On Main CW - Not Rest.,Jct Cleared,None,Did Not Leave,None,Front Hit First,Other/Not Known,Male,90,65+
1220405058,Islington,3,530298,186171,2,Car,Car,Unknown (S/R),Unknown (S/R),Unknown (S/R),Unknown (S/R),Unknown (S/R),Unknown (S/R),Unknown (S/R),Front Hit First,Unknown,Male,41,35-64
1220405073,Islington,3,532728,184783,2,Car,Car,Unknown (S/R),Unknown (S/R),Unknown (S/R),Unknown (S/R),Unknown (S/R),Unknown (S/R),Unknown (S/R),Front Hit First,Unknown,Female,43,35-64
1220405083,Enfield,32,535032,192837,2,Car,Car,Going Ahead Other,No Skidding/Overturn,On Main CW - Not Rest.,Not At Jct,None,Did Not Leave,None,Front Hit First,Other/Not Known,Male,62,35-64
1220405087,Bromley,19,538805,166514,1,Car,Car,Moving Off,No Skidding/Overturn,On Main CW - Not Rest.,Not At Jct,None,Did Not Leave,None,Front Hit First,Comm To/From Work,Male,25,25-34
1220405087,Bromley,19,538805,166514,2,Car,Car,Going Ahead Other,Skidded,On Main CW - Not Rest.,Not At Jct,Hit Parked Veh,Did Not Leave,None,Front Hit First,Comm To/From Work,Female,55,35-64
1220405089,Richmond-Upon-Thames,24,514619,173538,1,Car,Car,Going Ahead Held Up,No Skidding/Overturn,On Main CW - Not Rest.,Not At Jct,None,Did Not Leave,None,Front Hit First,Jny Part Of Work,Male,27,25-34