_Collision Id,Borough Name,Borough Number,Easting,Northing,_Vehicle Id,Vehicle Type Banded,Vehicle Type,Vehicle Manoeuvres,Vehicle Skidding and Overturning,Vehicle Restricted Lane,Location of Vehicle at First Impact,Vehicle Hit Object in Carriageway,Vehicle Leaving Carriageway,Vehicle Hit Object Off Carriageway,First Point of Impact,Journey Purpose,Driver Gender,Driver Age,Driver age (Banded)
1220410871,Greenwich,6,541600,177009,1,Bus Or Coach,Bus/Coach,Going Ahead Other,No Skidding/Overturn,On Main CW - Not Rest.,Jct App,None,Did Not Leave,None,Front Hit First,Jny Part Of Work,Male,48,35-64
1220410873,Hackney,4,534227,186984,2,Car,Car,Going Ahead Other,No Skidding/Overturn,On Main CW - Not Rest.,Jct Mid,None,Did Not Leave,None,Front Hit First,Unknown,Male,22,17-24
1220410881,Enfield,32,534767,194462,1,Car,Car,Slowing Or Stopping,No Skidding/Overturn,On Main CW - Not Rest.,Jct Cleared,None,Did Not Leave,None,Front Hit First,Other/Not Known,Male,25,25-34
1220410889,Barnet,30,526238,190311,1,Car,Car,Going Ahead Other,Overturn,On Main CW - Not Rest.,Not At Jct,None,Did Not Leave,None,Front Hit First,Unknown,Male,60,35-64
1220410893,Newham,17,543001,184249,2,Car,Car,Unknown (S/R),Unknown (S/R),Unknown (S/R),Unknown (S/R),Unknown (S/R),Unknown (S/R),Unknown (S/R),Front Hit First,Unknown,Female,43,35-64
1220410912,Lambeth,9,529542,173986,1,Car,Car,Going Ahead Other,No Skidding/Overturn,On Main CW - Not Rest.,Jct Mid,None,Did Not Leave,None,Front Hit First,Unknown,Male,27,25-34
1220410925,Kensington & Chelsea,12,525469,179596,1,Goods Vehicle,GDS =< 3.5T,Turning Right,No Skidding/Overturn,On Main CW - Not Rest.,Jct Mid,None,Did Not Leave,None,Front Hit First,Jny Part Of Work,Male,22,17-24
1220410928,Wandsworth,10,527809,173617,1,Private Hire,Private Hire - Licensed,Going Ahead Other,No Skidding/Overturn,On Main CW - Not Rest.,Jct App,None,Did Not Leave,None,Front Hit First,Jny Part Of Work,Male,55,35-64
1220410928,Wandsworth,10,527809,173617,2,Car,Car,Going Ahead Other,No Skidding/Overturn,On Main CW - Not Rest.,Jct App,None,Did Not Leave,None,Front Hit First,Unknown,Female,25,25-34
1220410931,Croydon,20,531939,168137,1,Goods Vehicle,GDS =< 3.5T,Slowing Or Stopping,No Skidding/Overturn,On Main CW - Not Rest.,Jct App,None,Did Not Leave,None,Front Hit First,Other/Not Known,Male,67,65+
1220410937,Barnet,30,524682,190262,1,Car,Car,Going Ahead Other,No Skidding/Overturn,On Main CW - Not Rest.,Not At Jct,None,Did Not Leave,None,Front Hit First,Other/Not Known,Male,71,65+
1220410944,Hillingdon,26,507518,181257,2,Car,Car,Overtake Move Veh O/S,No Skidding/Overturn,On Main CW - Not Rest.,Not At Jct,Hit Bollard,Did Not Leave,None,Front Hit First,Jny Part Of Work,Male,46,35-64
1220410961,Enfield,32,528308,200174,1,Car,Car,Going Ahead Other,No Skidding/Overturn,On Main CW - Not Rest.,Not At Jct,None,Did Not Leave,None,Front Hit First,Other/Not Known,Female,27,25-34
1220410994,Croydon,20,531668,161638,1,Car,Car,Going Ahead Left Bend,No Skidding/Overturn,On Main CW - Not Rest.,Not At Jct,None,Left Cwy Offside,Hit Tree,Front Hit First,Unknown,Male,24,17-24
1220411007,Tower Hamlets,5,535012,181294,1,Car,Car,Turning Left,No Skidding/Overturn,On Main CW - Not Rest.,Jct App,None,Did Not Leave,None,Front Hit First,Jny Part Of Work,Male,46,35-64
1220411013,Enfield,32,529990,200520,2,Goods Vehicle,GDS =< 3.5T,Going Ahead Other,No Skidding/Overturn,On Main CW - Not Rest.,Not At Jct,None,Did Not Leave,None,Front Hit First,Unknown,Male,24,17-24
1220411014,Hounslow,25,515989,175129,1,Car,Car,Going Ahead Other,Skidded,On Main CW - Not Rest.,Jct App,Hit Bollard,Did Not Leave,None,Front Hit First,Other/Not Known,Male,19,17-24
1220411015,Lewisham,7,539391,173687,1,Car,Car,Going Ahead Other,No Skidding/Overturn,On Main CW - Not Rest.,Jct App,None,Did Not Leave,None,Front Hit First,Other/Not Known,Female,27,25-34
1220411015,Lewisham,7,539391,173687,3,Car,Car,Going Ahead Other,No Skidding/Overturn,On Main CW - Not Rest.,Jct App,None,Did Not Leave,None,Front Hit First,Unknown,Male,22,17-24
1220411019,Lambeth,9,532187,171586,2,Car,Car,Turning Right,No Skidding/Overturn,On Main CW - Not Rest.,Jct App,Hit Kerb,Did Not Leave,None,Front Hit First,Unknown,Male,20,17-24
1220411025,Croydon,20,533006,167534,2,Car,Car,Going Ahead Other,No Skidding/Overturn,On Main CW - Not Rest.,Not At Jct,None,Did Not Leave,None,Front Hit First,Unknown,Female,42,35-64
1220411028,Merton,22,528093,169716,2,Car,Car,Unknown (S/R),Unknown (S/R),Unknown (S/R),Unknown (S/R),Unknown (S/R),Unknown (S/R),Unknown (S/R),Front Hit First,Unknown,Female,18,17-24
1220411052,Westminster,1,526695,180944,2,Car,Car,Unknown (S/R),Unknown (S/R),Unknown (S/R),Unknown (S/R),Unknown (S/R),Unknown (S/R),Unknown (S/R),Front Hit First,Unknown,Not Traced,41,35-64
1220411065,Southwark,8,532130,178711,1,Goods Vehicle,GDS =< 3.5T,Moving Off,No Skidding/Overturn,On Main CW - Not Rest.,Jct App,None,Did Not Leave,None,Front Hit First,Comm To/From Work,Male,46,35-64
1220411067,Hammersmith & Fulham,11,522013,179217,2,Car,Car,Unknown (S/R),Unknown (S/R),Unknown (S/R),Unknown (S/R),Unknown (S/R),Unknown (S/R),Unknown (S/R),Front Hit First,Unknown,Male,24,17-24
1220411076,Newham,17,542449,183702,1,Car,Car,Moving Off,No Skidding/Overturn,On Main CW - Not Rest.,Jct App,None,Did Not Leave,None,Front Hit First,Other/Not Known,Male,43,35-64
1220411083,Hackney,4,532657,187305,1,Car,Car,Moving Off,No Skidding/Overturn,On Main CW - Not Rest.,Jct App,None,Did Not Leave,None,Front Hit First,Other/Not Known,Male,29,25-34
1220411089,Hillingdon,26,510146,181310,1,Car,Car,Going Ahead Other,No Skidding/Overturn,On Main CW - Not Rest.,Not At Jct,None,Did Not Leave,None,Front Hit First,Comm To/From Work,Male,24,17-24
1220411090,Brent,28,519348,186023,1,Car,Car,Going Ahead Other,No Skidding/Overturn,On Main CW - Not Rest.,Not At Jct,None,Did Not Leave,None,Front Hit First,Comm To/From Work,Female,43,35-64
1220411091,Croydon,20,532526,163162,1,Car,Car,Going Ahead Other,No Skidding/Overturn,On Main CW - Not Rest.,Jct App,None,Did Not Leave,None,Front Hit First,Other/Not Known,Female,72,65+
1220411105,Merton,22,528783,169486,1,Car,Car,Turning Left,No Skidding/Overturn,On Main CW - Not Rest.,Leaving Main Rd,None,Did Not Leave,None,Front Hit First,Taking Pupil To/From Sch,Female,38,35-64
1220411123,Croydon,20,532670,170076,1,Car,Car,Going Ahead Other,No Skidding/Overturn,On Main CW - Not Rest.,Not At Jct,None,Did Not Leave,None,Front Hit First,Other/Not Known,Female,30,25-34
1220411152,Barnet,30,524037,188547,2,Car,Car,Unknown (S/R),Unknown (S/R),Unknown (S/R),Unknown (S/R),Unknown (S/R),Unknown (S/R),Unknown (S/R),Front Hit First,Unknown,Not Traced,32,25-34
1220411161,Tower Hamlets,5,535975,181154,2,Car,Car,Unknown (S/R),Unknown (S/R),Unknown (S/R),Unknown (S/R),Unknown (S/R),Unknown (S/R),Unknown (S/R),Front Hit First,Unknown,Not Traced,25,25-34
1220411174,Enfield,32,535171,197484,1,Car,Car,Going Ahead Other,No Skidding/Overturn,On Main CW - Not Rest.,Leaving R'about,None,Did Not Leave,None,Front Hit First,Other/Not Known,Male,32,25-34
1220411176,Bromley,19,546661,167343,1,Car,Car,Going Ahead Other,No Skidding/Overturn,On Main CW - Not Rest.,Jct Cleared,None,Did Not Leave,None,Front Hit First,Other/Not Known,Male,32,25-34
1220411176,Bromley,19,546661,167343,2,Car,Car,Going Ahead Held Up,No Skidding/Overturn,On Main CW - Not Rest.,Jct App,None,Did Not Leave,None,Front Hit First,Other/Not Known,Male,18,17-24
1220411176,Bromley,19,546661,167343,3,Car,Car,Going Ahead Held Up,No Skidding/Overturn,On Main CW - Not Rest.,Jct Cleared,None,Did Not Leave,None,Front Hit First,Jny Part Of Work,Male,32,25-34
1220411183,Ealing,27,519021,182354,1,Car,Car,Unknown (S/R),Unknown (S/R),Unknown (S/R),Unknown (S/R),Unknown (S/R),Unknown (S/R),Unknown (S/R),Front Hit First,Other/Not Known,Female,28,25-34
1220411190,Camden,2,525240,183860,1,Car,Car,Unknown (S/R),Unknown (S/R),Unknown (S/R),Unknown (S/R),Unknown (S/R),Unknown (S/R),Unknown (S/R),Front Hit First,Unknown,Female,34,25-34
1220411198,Newham,17,543430,184342,1,Car,Car,Going Ahead Other,No Skidding/Overturn,On Main CW - Not Rest.,Not At Jct,None,Did Not Leave,None,Front Hit First,Other/Not Known,Male,24,17-24
1220411205,Havering,15,553172,186403,2,Car,Car,Turning Right,No Skidding/Overturn,On Main CW - Not Rest.,Jct App,None,Did Not Leave,None,Front Hit First,Comm To/From Work,Male,35,35-64
1220411211,Havering,15,556502,188158,1,Car,Car,Going Ahead Other,No Skidding/Overturn,On Main CW - Not Rest.,Jct Cleared,Hit Oth Object,Did Not Leave,None,Front Hit First,Other/Not Known,Female,19,17-24
1220411212,Ealing,27,518414,182600,1,Car,Car,Unknown (S/R),Unknown (S/R),Unknown (S/R),Unknown (S/R),Unknown (S/R),Unknown (S/R),Unknown (S/R),Front Hit First,Other/Not Known,Not Traced,22,17-24
1220411213,Merton,22,523522,169555,1,Car,Car,Going Ahead Other,No Skidding/Overturn,On Main CW - Not Rest.,Jct App,None,Did Not Leave,None,Front Hit First,Unknown,Male,28,25-34
1220411219,Enfield,32,535526,200042,1,Car,Car,Going Ahead Other,No Skidding/Overturn,On Main CW - Not Rest.,Not At Jct,None,Did Not Leave,None,Front Hit First,Unknown,Female,60,35-64
1220411234,Croydon,20,533413,166270,1,Car,Car,Turning Right,No Skidding/Overturn,On Main CW - Not Rest.,Leaving Main Rd,None,Did Not Leave,None,Front Hit First,Unknown,Male,72,65+
1220411239,Greenwich,6,540851,174173,2,Car,Car,Unknown (S/R),Unknown (S/R),Unknown (S/R),Unknown (S/R),Unknown (S/R),Unknown (S/R),Unknown (S/R),Front Hit First,Unknown,Not Traced,51,35-64
1220411244,Bromley,19,547095,164934,1,Car,Car,Going Ahead Other,No Skidding/Overturn,On Main CW - Not Rest.,Jct App,Hit Bollard,Did Not Leave,None,Front Hit First,Jny Part Of Work,Male,54,35-64
1220411244,Bromley,19,547095,164934,2,Car,Car,Moving Off,No Skidding/Overturn,On Main CW - Not Rest.,Jct App,None,Did Not Leave,None,Front Hit First,Comm To/From Work,Female,53,35-64
1220411280,Sutton,21,525735,164879,2,Car,Car,Turning Right,No Skidding/Overturn,On Main CW - Not Rest.,Jct App,None,Did Not Leave,None,Front Hit First,Other/Not Known,Male,58,35-64
1220411288,Camden,2,525394,184169,1,Car,Car,Turning Left,No Skidding/Overturn,On Main CW - Not Rest.,Jct App,None,Did Not Leave,None,Front Hit First,Jny Part Of Work,Male,45,35-64
1220411289,Lambeth,9,531005,175272,1,Car,Car,Unknown (S/R),Unknown (S/R),Unknown (S/R),Unknown (S/R),Unknown (S/R),Unknown (S/R),Unknown (S/R),Front Hit First,Comm To/From Work,Male,36,35-64
1220411291,Haringey,31,533259,190727,1,Car,Car,Turning Right,No Skidding/Overturn,On Main CW - Not Rest.,Entering Main Rd,None,Did Not Leave,None,Front Hit First,Comm To/From Work,Female,42,35-64
1220411293,Bexley,18,549567,173586,1,Car,Car,Going Ahead Held Up,No Skidding/Overturn,On Main CW - Not Rest.,Entering R'about,None,Did Not Leave,None,Front Hit First,Other/Not Known,Male,42,35-64
1220411293,Bexley,18,549567,173586,2,Car,Car,Going Ahead Left Bend,No Skidding/Overturn,On Main CW - Not Rest.,Entering R'about,None,Did Not Leave,None,Front Hit First,Comm To/From Work,Male,54,35-64
1220411293,Bexley,18,549567,173586,3,Car,Car,Going Ahead Left Bend,No Skidding/Overturn,On Main CW - Not Rest.,Entering R'about,None,Did Not Leave,None,Front Hit First,Other/Not Known,Male,76,65+
1220411293,Bexley,18,549567,173586,5,Car,Car,Going Ahead Left Bend,No Skidding/Overturn,On Main CW - Not Rest.,Entering R'about,None,Did Not Leave,None,Front Hit First,Unknown,Male,52,35-64
1220411293,Bexley,18,549567,173586,6,Car,Car,Going Ahead Left Bend,No Skidding/Overturn,On Main CW - Not Rest.,Entering R'about,None,Did Not Leave,None,Front Hit First,Unknown,Female,43,35-64
1220411293,Bexley,18,549567,173586,7,Car,Car,Going Ahead Right Bend,No Skidding/Overturn,On Main CW - Not Rest.,Entering R'about,None,Did Not Leave,None,Front Hit First,Unknown,Male,21,17-24
1220411302,Wandsworth,10,522640,173949,1,Goods Vehicle,GDS =< 3.5T,Turning Right,No Skidding/Overturn,On Main CW - Not Rest.,Jct App,None,Did Not Leave,None,Front Hit First,Jny Part Of Work,Male,62,35-64
1220411305,Waltham Forest,13,537471,191426,1,Goods Vehicle,GDS => 7.5T,Turning Left,No Skidding/Overturn,On Main CW - Not Rest.,Entering Main Rd,None,Did Not Leave,None,Front Hit First,Comm To/From Work,Male,37,35-64
1220411312,Lewisham,7,534930,172085,1,Car,Car,Going Ahead Other,No Skidding/Overturn,On Main CW - Not Rest.,Jct App,None,Did Not Leave,None,Front Hit First,Comm To/From Work,Female,54,35-64
1220411315,Newham,17,544071,180866,2,Car,Car,Going Ahead Other,No Skidding/Overturn,On Main CW - Not Rest.,Jct Mid,None,Did Not Leave,None,Front Hit First,Other/Not Known,Male,45,35-64
1220411319,Wandsworth,10,526089,172005,1,Car,Car,Going Ahead Held Up,No Skidding/Overturn,On Main CW - Not Rest.,Jct App,None,Did Not Leave,None,Front Hit First,Unknown,Female,56,35-64
1220411321,Kensington & Chelsea,12,526757,178293,1,Goods Vehicle,GDS =< 3.5T,Going Ahead Other,No Skidding/Overturn,On Main CW - Not Rest.,Jct App,None,Did Not Leave,None,Front Hit First,Other/Not Known,Male,42,35-64
1220411322,Southwark,8,532138,178707,1,Car,Car,Moving Off,No Skidding/Overturn,On Main CW - Not Rest.,Jct App,None,Did Not Leave,None,Front Hit First,Jny Part Of Work,Male,21,17-24
1220411334,Hounslow,25,517177,177231,1,Car,Car,Turning Left,No Skidding/Overturn,On Main CW - Not Rest.,Leaving Main Rd,None,Did Not Leave,None,Front Hit First,Comm To/From Work,Female,38,35-64
1220411336,Lambeth,9,532131,172839,1,Car,Car,Going Ahead Right Bend,No Skidding/Overturn,On Main CW - Not Rest.,Jct App,None,Did Not Leave,None,Front Hit First,Other/Not Known,Male,45,35-64
1220411336,Lambeth,9,532131,172839,2,Car,Car,Turning Right,No Skidding/Overturn,On Main CW - Not Rest.,Jct Mid,None,Did Not Leave,None,Front Hit First,Comm To/From Work,Female,49,35-64
1220411342,Haringey,31,533642,188987,2,Car,Car,Turning Right,No Skidding/Overturn,Bus Lane,Leaving Main Rd,None,Did Not Leave,None,Front Hit First,Comm To/From Work,Male,48,35-64
1220411344,Greenwich,6,545956,178394,1,Car,Car,Going Ahead Other,No Skidding/Overturn,On Main CW - Not Rest.,Not At Jct,None,Did Not Leave,None,Front Hit First,Comm To/From Work,Female,49,35-64
1220411364,Camden,2,529038,183999,1,Car,Car,Going Ahead Other,No Skidding/Overturn,On Main CW - Not Rest.,Not At Jct,None,Did Not Leave,None,Front Hit First,Unknown,Male,74,65+
1220411376,Redbridge,14,545196,185581,1,Car,Car,Unknown (S/R),Unknown (S/R),Unknown (S/R),Not At Jct,Unknown (S/R),Unknown (S/R),Unknown (S/R),Front Hit First,Other/Not Known,Male,46,35-64
1220411382,Hillingdon,26,509998,187914,1,Car,Car,U-turning,No Skidding/Overturn,On Main CW - Not Rest.,Not At Jct,None,Did Not Leave,None,Front Hit First,Comm To/From Work,Male,30,25-34
1220411383,Redbridge,14,545589,188680,1,Car,Car,Going Ahead Other,No Skidding/Overturn,On Main CW - Not Rest.,Jct Mid,None,Did Not Leave,None,Front Hit First,Comm To/From Work,Female,22,17-24
1220411390,Hillingdon,26,510000,187395,2,Car,Car,Turning Right,No Skidding/Overturn,On Main CW - Not Rest.,Jct Mid,None,Did Not Leave,None,Front Hit First,Other/Not Known,Male,25,25-34
1220411395,Southwark,8,532160,176954,3,Goods Vehicle,GDS =< 3.5T,Going Ahead Other,No Skidding/Overturn,On Main CW - Not Rest.,Jct Mid,None,Did Not Leave,None,Front Hit First,Jny Part Of Work,Male,27,25-34
1220411410,Wandsworth,10,527336,177036,2,Car,Car,Going Ahead Other,No Skidding/Overturn,On Main CW - Not Rest.,Jct Cleared,None,Did Not Leave,None,Front Hit First,Jny Part Of Work,Male,31,25-34
1220411412,Redbridge,14,546788,189188,1,Car,Car,Going Ahead Other,No Skidding/Overturn,On Main CW - Not Rest.,Jct App,None,Did Not Leave,None,Front Hit First,Other/Not Known,Female,28,25-34
1220411432,Bexley,18,547475,172716,1,Car,Car,Going Ahead Other,No Skidding/Overturn,On Main CW - Not Rest.,Entering R'about,Hit Roundabout,Did Not Leave,None,Front Hit First,Unknown,Male,55,35-64
1220411456,Camden,2,529210,183361,1,Car,Car,Going Ahead Other,No Skidding/Overturn,On Main CW - Not Rest.,Jct App,None,Did Not Leave,None,Front Hit First,Unknown,Not Traced,21,17-24
1220411463,Bromley,19,545669,168762,2,Car,Car,Going Ahead Other,No Skidding/Overturn,On Main CW - Not Rest.,Not At Jct,None,Did Not Leave,None,Front Hit First,Other/Not Known,Male,35,35-64
1220411517,Camden,2,527502,184455,2,Other Vehicle,Other Vehicle,Going Ahead Other,No Skidding/Overturn,On Main CW - Not Rest.,Jct Mid,None,Did Not Leave,None,Front Hit First,Other/Not Known,Male,28,25-34
1220411527,Newham,17,538521,183808,1,Car,Car,Slowing Or Stopping,No Skidding/Overturn,On Main CW - Not Rest.,Jct App,None,Did Not Leave,None,Front Hit First,Other/Not Known,Female,64,35-64
1220411560,Bexley,18,548009,176348,2,Car,Car,Unknown (S/R),Unknown (S/R),Unknown (S/R),Unknown (S/R),Unknown (S/R),Unknown (S/R),Unknown (S/R),Front Hit First,Unknown,Female,34,25-34
1220411568,Hillingdon,26,510650,179714,1,Car,Car,Going Ahead Other,No Skidding/Overturn,On Main CW - Not Rest.,Jct App,None,Did Not Leave,None,Front Hit First,Other/Not Known,Male,43,35-64
1220411568,Hillingdon,26,510650,179714,2,Car,Car,Going Ahead Right Bend,No Skidding/Overturn,On Main CW - Not Rest.,Entering From Slip,None,Did Not Leave,None,Front Hit First,Other/Not Known,Male,55,35-64
1220411571,Croydon,20,532423,166478,1,Goods Vehicle,GDS =< 3.5T,Going Ahead Other,No Skidding/Overturn,Tram Track,Jct Mid,None,Did Not Leave,None,Front Hit First,Unknown,Male,42,35-64
1220411572,Waltham Forest,13,539140,190583,1,Car,Car,Going Ahead Other,Skid/Over,On Main CW - Not Rest.,Not At Jct,None,Left Cwy Nearside,None,Front Hit First,Other/Not Known,Male,53,35-64
1220411585,Hillingdon,26,506516,179313,2,Car,Car,Going Ahead Other,No Skidding/Overturn,On Main CW - Not Rest.,Jct App,None,Did Not Leave,None,Front Hit First,Other/Not Known,Male,38,35-64
1220411587,Enfield,32,535873,196058,2,Car,Car,Unknown (S/R),Unknown (S/R),Unknown (S/R),Unknown (S/R),Unknown (S/R),Unknown (S/R),Unknown (S/R),Front Hit First,Unknown,Not Traced,18,17-24
1220411591,Havering,15,557305,187898,2,Car,Car,Going Ahead Other,No Skidding/Overturn,On Main CW - Not Rest.,Not At Jct,None,Did Not Leave,None,Front Hit First,Other/Not Known,Female,46,35-64
1220411592,Waltham Forest,13,537393,188963,1,Car,Car,Change Lane To Left,No Skidding/Overturn,On Main CW - Not Rest.,Jct App,None,Did Not Leave,None,Front Hit First,Other/Not Known,Male,18,17-24
1220411592,Waltham Forest,13,537393,188963,2,Bus Or Coach,London Bus,Going Ahead Left Bend,No Skidding/Overturn,Bus Lane,Jct App,None,Did Not Leave,None,Front Hit First,Jny Part Of Work,Male,56,35-64
1220411594,Camden,2,527057,183768,1,Car,Car,Going Ahead Other,No Skidding/Overturn,On Main CW - Not Rest.,Jct Cleared,None,Did Not Leave,None,Front Hit First,Other/Not Known,Female,40,35-64
1220411594,Camden,2,527057,183768,2,Other Vehicle,Other Vehicle,Going Ahead Other,No Skidding/Overturn,On Main CW - Not Rest.,Jct Cleared,None,Did Not Leave,None,Front Hit First,Unknown,Male,24,17-24
1220411595,Westminster,1,529716,179008,2,Taxi,Taxi,Unknown (S/R),Unknown (S/R),Unknown (S/R),Unknown (S/R),Unknown (S/R),Unknown (S/R),Unknown (S/R),Front Hit First,Unknown,Male,55,35-64
1220411596,Hammersmith & Fulham,11,524586,178408,1,Car,Car,Going Ahead Other,No Skidding/Overturn,On Main CW - Not Rest.,Jct Mid,None,Did Not Leave,None,Front Hit First,Other/Not Known,Male,22,17-24
1220411600,Redbridge,14,543387,186084,2,Car,Car,Going Ahead Other,No Skidding/Overturn,On Main CW - Not Rest.,Jct App,None,Did Not Leave,None,Front Hit First,Unknown,Male,36,35-64
1220411603,Newham,17,540081,181738,1,Car,Car,Going Ahead Other,No Skidding/Overturn,On Main CW - Not Rest.,Not At Jct,None,Did Not Leave,None,Front Hit First,Other/Not Known,Male,20,17-24
1220411614,Harrow,29,512586,186099,1,Car,Car,Going Ahead Other,No Skidding/Overturn,On Main CW - Not Rest.,Jct Cleared,None,Did Not Leave,None,Front Hit First,Unknown,Male,58,35-64
1220411616,Westminster,1,529686,180351,1,Bus Or Coach,London Bus,Turning Right,No Skidding/Overturn,On Main CW - Not Rest.,Jct Cleared,Hit Kerb,Did Not Leave,None,Front Hit First,Jny Part Of Work,Male,40,35-64
1220411619,Waltham Forest,13,537691,192679,1,Car,Car,Going Ahead Other,Skid/Over,Footway,Jct Mid,Hit Parked Veh,Left Cwy Nearside,Hit Lamp Post,Front Hit First,Unknown,Male,23,17-24
1220411620,Hillingdon,26,511269,187366,3,Car,Car,Going Ahead Held Up,No Skidding/Overturn,On Main CW - Not Rest.,Jct App,None,Did Not Leave,None,Front Hit First,Other/Not Known,Male,25,25-34
1220411632,Sutton,21,525789,163874,1,Car,Car,Going Ahead Other,Skid/Over,On Main CW - Not Rest.,Jct Cleared,Hit Kerb,Did Not Leave,None,Front Hit First,Unknown,Male,21,17-24
1220411634,Bexley,18,546397,171661,1,Car,Car,Going Ahead Other,No Skidding/Overturn,Footway,Not At Jct,Hit Parked Veh,Did Not Leave,None,Front Hit First,Unknown,Male,69,65+
1220411636,Enfield,32,535478,198306,1,Car,Car,Going Ahead Other,No Skidding/Overturn,On Main CW - Not Rest.,Jct App,None,Did Not Leave,None,Front Hit First,Other/Not Known,Male,36,35-64
1220411637,Haringey,31,533690,189162,1,Bus Or Coach,London Bus,Going Ahead Other,No Skidding/Overturn,On Main CW - Not Rest.,Not At Jct,None,Did Not Leave,None,Front Hit First,Jny Part Of Work,Male,66,65+
1220411645,Kensington & Chelsea,12,527627,178508,1,Car,Car,Slowing Or Stopping,No Skidding/Overturn,On Main CW - Not Rest.,Jct App,None,Did Not Leave,None,Front Hit First,Jny Part Of Work,Male,44,35-64
1220411645,Kensington & Chelsea,12,527627,178508,2,Car,Car,Turning Left,No Skidding/Overturn,On Main CW - Not Rest.,Jct Cleared,None,Did Not Leave,None,Front Hit First,Unknown,Male,39,35-64
1220411648,Newham,17,539203,181754,2,Car,Car,Unknown (S/R),Unknown (S/R),Unknown (S/R),Unknown (S/R),Unknown (S/R),Unknown (S/R),Unknown (S/R),Front Hit First,Unknown,Male,32,25-34
1220411651,Southwark,8,534719,178797,2,Car,Car,Going Ahead Other,No Skidding/Overturn,On Main CW - Not Rest.,Entering R'about,None,Did Not Leave,None,Front Hit First,Other/Not Known,Female,53,35-64
1220411674,Richmond-Upon-Thames,24,519470,175241,1,Car,Car,Going Ahead Other,No Skidding/Overturn,On Main CW - Not Rest.,Jct App,Hit Bollard,Did Not Leave,None,Front Hit First,Unknown,Male,21,17-24
1220411694,Ealing,27,513783,185092,1,Car,Car,Going Ahead Other,No Skidding/Overturn,On Main CW - Not Rest.,Entering R'about,None,Did Not Leave,None,Front Hit First,Other/Not Known,Female,82,65+
1220411694,Ealing,27,513783,185092,2,Bus Or Coach,London Bus,Turning Right,No Skidding/Overturn,On Main CW - Not Rest.,Entering R'about,None,Did Not Leave,None,Front Hit First,Jny Part Of Work,Male,54,35-64
1220411699,Haringey,31,531884,190050,1,Car,Car,Moving Off,No Skidding/Overturn,On Main CW - Not Rest.,Jct Cleared,None,Did Not Leave,None,Front Hit First,Unknown,Male,41,35-64
1220411704,Croydon,20,534039,168474,1,Car,Car,Turning Right,No Skidding/Overturn,On Main CW - Not Rest.,Jct Mid,None,Left Cwy Nearside,None,Front Hit First,Comm To/From Work,Male,38,35-64
1220411714,Hammersmith & Fulham,11,523518,178082,1,Goods Vehicle,GDS =< 3.5T,Going Ahead Other,No Skidding/Overturn,On Main CW - Not Rest.,Leaving Main Rd,None,Did Not Leave,None,Front Hit First,Jny Part Of Work,Male,37,35-64
1220411715,Bromley,19,538283,166056,1,Car,Car,Going Ahead Other,Unknown (S/R),On Main CW - Not Rest.,Not At Jct,None,Unknown (S/R),Unknown (S/R),Front Hit First,Unknown,Male,22,17-24
1220411739,Hammersmith & Fulham,11,522607,180494,1,Car,Car,Turning Right,No Skidding/Overturn,On Main CW - Not Rest.,Entering Main Rd,None,Did Not Leave,None,Front Hit First,Unknown,Male,33,25-34
1220411744,Southwark,8,533495,179773,2,Car,Car,Turning Left,No Skidding/Overturn,On Main CW - Not Rest.,Leaving Main Rd,None,Did Not Leave,None,Front Hit First,Jny Part Of Work,Male,45,35-64
1220411747,Islington,3,532710,182635,1,Car,Car,Turning Right,No Skidding/Overturn,On Main CW - Not Rest.,Entering Main Rd,None,Did Not Leave,None,Front Hit First,Other/Not Known,Male,71,65+
1220411751,Lambeth,9,528998,175976,1,Car,Car,Turning Right,No Skidding/Overturn,On Main CW - Not Rest.,Jct Mid,None,Did Not Leave,None,Front Hit First,Other/Not Known,Female,19,17-24
1220411754,Barnet,30,521368,189974,1,Car,Car,Going Ahead Other,No Skidding/Overturn,On Main CW - Not Rest.,Not At Jct,None,Did Not Leave,None,Front Hit First,Other/Not Known,Male,36,35-64
1220411776,Harrow,29,513669,191230,1,Car,Car,Going Ahead Other,No Skidding/Overturn,On Main CW - Not Rest.,Leaving R'about,None,Left Cwy Ahead At Junctn,Hit Tree,Front Hit First,Other/Not Known,Male,20,17-24
1220411777,Greenwich,6,544532,174507,1,Car,Car,Going Ahead Other,No Skidding/Overturn,On Main CW - Not Rest.,Jct App,None,Did Not Leave,None,Front Hit First,Jny Part Of Work,Female,29,25-34
1220411777,Greenwich,6,544532,174507,2,Car,Car,Waiting To Turn Right,No Skidding/Overturn,On Main CW - Not Rest.,Jct App,None,Did Not Leave,None,Front Hit First,Jny Part Of Work,Male,54,35-64
1220411778,Croydon,20,531097,161344,1,Car,Car,Going Ahead Other,Overturn,On Main CW - Not Rest.,Jct Mid,None,Did Not Leave,None,Front Hit First,Comm To/From Work,Female,32,25-34
1220411788,Hammersmith & Fulham,11,523522,178605,1,Car,Car,Unknown (S/R),Unknown (S/R),Unknown (S/R),Unknown (S/R),Unknown (S/R),Unknown (S/R),Unknown (S/R),Front Hit First,Comm To/From Work,Female,34,25-34