_Collision Id,Borough Name,Borough Number,Easting,Northing,_Vehicle Id,Vehicle Type Banded,Vehicle Type,Vehicle Manoeuvres,Vehicle Skidding and Overturning,Vehicle Restricted Lane,Location of Vehicle at First Impact,Vehicle Hit Object in Carriageway,Vehicle Leaving Carriageway,Vehicle Hit Object Off Carriageway,First Point of Impact,Journey Purpose,Driver Gender,Driver Age,Driver age (Banded)
1220412675,Westminster,1,525570,182128,1,Car,Car,Turning Right,No Skidding/Overturn,On Main CW - Not Rest.,Entering Main Rd,None,Left Cwy Offside,Hit Rd Sign/Ats,Front Hit First,Jny Part Of Work,Male,51,35-64
1220412675,Westminster,1,525570,182128,2,Car,Car,Going Ahead Other,No Skidding/Overturn,On Main CW - Not Rest.,Jct App,None,Left Cwy Nearside,Hit Oth Object,Front Hit First,Unknown,Male,23,17-24
1220412679,Kensington & Chelsea,12,524261,180435,1,Car,Car,Going Ahead Other,No Skidding/Overturn,On Main CW - Not Rest.,Jct App,None,Did Not Leave,None,Front Hit First,Other/Not Known,Male,19,17-24
1220412686,Bromley,19,536480,169348,2,Car,Car,Change Lane To Right,No Skidding/Overturn,On Main CW - Not Rest.,Jct Mid,None,Left Cwy Nearside,Hit Rd Sign/Ats,Front Hit First,Other/Not Known,Female,31,25-34
1220412689,Hackney,4,535673,183935,1,Goods Vehicle,GDS =< 3.5T,Going Ahead Other,No Skidding/Overturn,On Main CW - Not Rest.,Leaving R'about,None,Did Not Leave,None,Front Hit First,Unknown,Male,52,35-64
1220412695,Redbridge,14,545624,191874,2,Car,Car,Going Ahead Other,No Skidding/Overturn,On Main CW - Not Rest.,Jct Mid,None,Did Not Leave,None,Front Hit First,Comm To/From Work,Male,31,25-34
1220412700,Croydon,20,539266,161990,2,Car,Car,Moving Off,No Skidding/Overturn,On Main CW - Not Rest.,Not At Jct,None,Left Cwy Nearside,None,Front Hit First,Other/Not Known,Female,39,35-64
1220412724,Hillingdon,26,512368,185863,1,Car,Car,Moving Off,No Skidding/Overturn,On Main CW - Not Rest.,Not At Jct,None,Did Not Leave,None,Front Hit First,Other/Not Known,Female,60,35-64
1220412732,Kensington & Chelsea,12,527649,178905,2,Taxi,Taxi,Going Ahead Other,No Skidding/Overturn,On Main CW - Not Rest.,Jct App,None,Did Not Leave,None,Front Hit First,Comm To/From Work,Male,56,35-64
1220412734,Southwark,8,532430,177419,1,Car,Car,Waiting To Turn Right,Skidded,On Main CW - Not Rest.,Entering Main Rd,None,Did Not Leave,None,Front Hit First,Jny Part Of Work,Female,46,35-64
1220412734,Southwark,8,532430,177419,2,Car,Car,Going Ahead Other,Skidded,On Main CW - Not Rest.,Jct App,None,Did Not Leave,None,Front Hit First,Other/Not Known,Male,37,35-64
1220412738,Haringey,31,532951,188288,1,Car,Car,Turning Left,No Skidding/Overturn,On Main CW - Not Rest.,Jct App,None,Did Not Leave,None,Front Hit First,Unknown,Male,35,35-64
1220412739,Hounslow,25,512838,177510,1,Car,Car,Turning Right,No Skidding/Overturn,On Main CW - Not Rest.,Entering From Slip,None,Did Not Leave,None,Front Hit First,Other/Not Known,Male,19,17-24
1220412742,Hackney,4,531818,187169,1,Car,Car,Moving Off,No Skidding/Overturn,On Main CW - Not Rest.,Jct App,None,Did Not Leave,None,Front Hit First,Jny Part Of Work,Male,24,17-24
1220412746,Hillingdon,26,507878,182336,1,Car,Car,Going Ahead Other,No Skidding/Overturn,On Main CW - Not Rest.,Jct Mid,None,Did Not Leave,None,Front Hit First,Other/Not Known,Male,20,17-24
1220412748,Camden,2,525633,184013,1,Private Hire,Private Hire - Licensed,Turning Right,No Skidding/Overturn,On Main CW - Not Rest.,Entering Main Rd,None,Did Not Leave,None,Front Hit First,Comm To/From Work,Male,46,35-64
1220412753,Richmond-Upon-Thames,24,512643,173519,2,Car,Car,Going Ahead Other,No Skidding/Overturn,On Main CW - Not Rest.,Not At Jct,None,Did Not Leave,None,Front Hit First,Other/Not Known,Male,24,17-24
1220412754,Barnet,30,519361,192393,1,Goods Vehicle,GDS =< 3.5T,Unknown (S/R),Unknown (S/R),Unknown (S/R),Unknown (S/R),Unknown (S/R),Unknown (S/R),Unknown (S/R),Front Hit First,Unknown,Not Traced,37,35-64
1220412761,Barnet,30,524664,197552,1,Car,Car,Moving Off,No Skidding/Overturn,On Main CW - Not Rest.,Entering Main Rd,None,Did Not Leave,None,Front Hit First,Comm To/From Work,Male,52,35-64
1220412770,Newham,17,543774,183549,3,Car,Car,Change Lane To Right,No Skidding/Overturn,On Main CW - Not Rest.,Not At Jct,None,Did Not Leave,None,Front Hit First,Comm To/From Work,Male,28,25-34
1220412771,Bromley,19,547042,168447,1,Car,Car,Going Ahead Other,No Skidding/Overturn,On Main CW - Not Rest.,Not At Jct,None,Did Not Leave,None,Front Hit First,Other/Not Known,Male,50,35-64
1220412771,Bromley,19,547042,168447,2,Car,Car,Going Ahead Left Bend,No Skidding/Overturn,On Main CW - Not Rest.,Not At Jct,None,Did Not Leave,None,Front Hit First,Other/Not Known,Male,25,25-34
1220412782,Camden,2,528738,185585,1,Other Vehicle,Other Vehicle,Going Ahead Other,No Skidding/Overturn,On Main CW - Not Rest.,Jct App,None,Did Not Leave,None,Front Hit First,Other/Not Known,Female,46,35-64
1220412783,Redbridge,14,539969,188193,1,Car,Car,Going Ahead Other,No Skidding/Overturn,On Main CW - Not Rest.,Jct App,None,Did Not Leave,None,Front Hit First,Taking Pupil To/From Sch,Female,51,35-64
1220412783,Redbridge,14,539969,188193,2,Goods Vehicle,GDS =< 3.5T,Waiting To Turn Right,No Skidding/Overturn,On Main CW - Not Rest.,Entering Main Rd,None,Did Not Leave,None,Front Hit First,Comm To/From Work,Male,59,35-64
1220412788,Enfield,32,533179,196964,1,Car,Car,Going Ahead Other,No Skidding/Overturn,On Main CW - Not Rest.,Jct App,None,Did Not Leave,None,Front Hit First,Unknown,Male,26,25-34
1220412791,Redbridge,14,543552,186397,1,Car,Car,Going Ahead Other,No Skidding/Overturn,On Main CW - Not Rest.,Not At Jct,Hit Oth Object,Did Not Leave,None,Front Hit First,Comm To/From Work,Male,37,35-64
1220412795,Redbridge,14,546885,189176,2,Car,Car,Going Ahead Other,No Skidding/Overturn,On Main CW - Not Rest.,Jct App,None,Did Not Leave,None,Front Hit First,Unknown,Female,41,35-64
1220412802,Hackney,4,531881,187256,1,Bus Or Coach,London Bus,Slowing Or Stopping,No Skidding/Overturn,Bus Lane,Jct Cleared,None,Did Not Leave,None,Front Hit First,Jny Part Of Work,Male,37,35-64
1220412803,Bromley,19,543739,167526,1,Car,Car,Going Ahead Other,No Skidding/Overturn,On Main CW - Not Rest.,Jct App,None,Did Not Leave,None,Front Hit First,Comm To/From Work,Female,32,25-34
1220412806,Brent,28,521164,185860,2,Car,Car,Slowing Or Stopping,No Skidding/Overturn,On Main CW - Not Rest.,Jct App,None,Did Not Leave,None,Front Hit First,Other/Not Known,Male,28,25-34
1220412825,Merton,22,528606,170286,2,Car,Car,U-turning,No Skidding/Overturn,On Main CW - Not Rest.,Jct Mid,Hit Oth Object,Did Not Leave,None,Front Hit First,Unknown,Female,30,25-34
1220412837,Wandsworth,10,528690,174489,2,Car,Car,Slowing Or Stopping,No Skidding/Overturn,On Main CW - Not Rest.,Jct App,None,Did Not Leave,None,Front Hit First,Unknown,Male,40,35-64
1220412851,Bromley,19,547179,168347,1,Goods Vehicle,GDS =< 3.5T,Overtaking Nearside,No Skidding/Overturn,On Main CW - Not Rest.,Not At Jct,None,Did Not Leave,None,Front Hit First,Jny Part Of Work,Male,35,35-64
1220412851,Bromley,19,547179,168347,2,Goods Vehicle,GDS =< 3.5T,Turning Left,No Skidding/Overturn,On Main CW - Not Rest.,Not At Jct,None,Did Not Leave,None,Front Hit First,Jny Part Of Work,Male,37,35-64
1220412854,Barnet,30,521630,190231,1,Goods Vehicle,GDS =< 3.5T,Turning Left,No Skidding/Overturn,On Main CW - Not Rest.,Entering Main Rd,None,Did Not Leave,None,Front Hit First,Jny Part Of Work,Male,37,35-64
1220412860,Haringey,31,534471,189618,1,Car,Car,Turning Right,No Skidding/Overturn,On Main CW - Not Rest.,Jct Cleared,None,Did Not Leave,None,Front Hit First,Unknown,Male,54,35-64
1220412868,Havering,15,553336,191971,2,Car,Car,Going Ahead Other,No Skidding/Overturn,On Main CW - Not Rest.,Jct App,None,Did Not Leave,None,Front Hit First,Other/Not Known,Female,44,35-64
1220412873,Barnet,30,519879,193358,1,Car,Car,Turning Left,No Skidding/Overturn,On Main CW - Not Rest.,Jct App,None,Did Not Leave,None,Front Hit First,Other/Not Known,Male,68,65+
1220412881,Ealing,27,517358,183634,2,Goods Vehicle,GDS =< 3.5T,Turning Left,No Skidding/Overturn,On Main CW - Not Rest.,Jct Cleared,None,Did Not Leave,None,Front Hit First,Jny Part Of Work,Male,26,25-34
1220412890,Southwark,8,533243,171619,1,Car,Car,Turning Right,No Skidding/Overturn,On Main CW - Not Rest.,Jct Cleared,None,Did Not Leave,None,Front Hit First,Other/Not Known,Male,73,65+
1220412903,Bexley,18,549881,177121,1,Car,Car,Unknown (S/R),Unknown (S/R),Unknown (S/R),Unknown (S/R),Unknown (S/R),Unknown (S/R),Unknown (S/R),Front Hit First,Unknown,Female,46,35-64
1220412910,Bromley,19,547067,168473,3,Car,Car,Unknown (S/R),Unknown (S/R),Unknown (S/R),Unknown (S/R),Unknown (S/R),Unknown (S/R),Unknown (S/R),Front Hit First,Unknown,Not Traced,65,65+
1220412918,Ealing,27,515796,182380,1,Car,Car,Going Ahead Other,No Skidding/Overturn,On Main CW - Not Rest.,Not At Jct,None,Did Not Leave,None,Front Hit First,Other/Not Known,Male,81,65+
1220412922,Ealing,27,512231,179225,1,Car,Car,Turning Right,No Skidding/Overturn,On Main CW - Not Rest.,Jct Mid,None,Did Not Leave,None,Front Hit First,Jny Part Of Work,Male,49,35-64
1220412934,Newham,17,539249,183896,1,Car,Car,Going Ahead Other,No Skidding/Overturn,On Main CW - Not Rest.,Jct App,None,Did Not Leave,None,Front Hit First,Other/Not Known,Male,29,25-34
1220412940,Brent,28,520327,189103,2,Car,Car,Unknown (S/R),Unknown (S/R),Unknown (S/R),Unknown (S/R),Unknown (S/R),Unknown (S/R),Unknown (S/R),Front Hit First,Unknown,Male,26,25-34
1220412947,Havering,15,556599,188122,1,Car,Car,Turning Right,No Skidding/Overturn,On Main CW - Not Rest.,Entering Main Rd,None,Did Not Leave,None,Front Hit First,Other/Not Known,Male,39,35-64
1220412954,Tower Hamlets,5,533886,181348,1,Car,Car,Moving Off,No Skidding/Overturn,On Main CW - Not Rest.,Jct App,None,Did Not Leave,None,Front Hit First,Other/Not Known,Male,26,25-34
1220412962,Barking & Dagenham,16,547692,187615,1,Car,Car,Unknown (S/R),Unknown (S/R),Unknown (S/R),Unknown (S/R),Unknown (S/R),Unknown (S/R),Unknown (S/R),Front Hit First,Unknown,Not Traced,48,35-64
1220412966,Kensington & Chelsea,12,526758,178288,1,Car,Car,Turning Right,No Skidding/Overturn,On Main CW - Not Rest.,Jct Mid,None,Did Not Leave,None,Front Hit First,Other/Not Known,Female,40,35-64
1220412991,Newham,17,542150,185140,3,Car,Car,Turning Left,No Skidding/Overturn,On Main CW - Not Rest.,Entering Main Rd,None,Did Not Leave,None,Front Hit First,Other/Not Known,Male,91,65+
1220412995,Haringey,31,528767,189671,2,Car,Car,Turning Left,No Skidding/Overturn,On Main CW - Not Rest.,Entering R'about,None,Did Not Leave,None,Front Hit First,Unknown,Male,58,35-64
1220413002,Merton,22,528447,170050,1,Car,Car,Going Ahead Other,No Skidding/Overturn,On Main CW - Not Rest.,Jct App,None,Did Not Leave,None,Front Hit First,Jny Part Of Work,Male,54,35-64
1220413005,Barnet,30,524625,186269,1,Car,Car,Going Ahead Other,No Skidding/Overturn,On Main CW - Not Rest.,Jct App,Hit Bollard,Did Not Leave,None,Front Hit First,Other/Not Known,Male,44,35-64
1220413005,Barnet,30,524625,186269,2,Car,Car,Going Ahead Other,No Skidding/Overturn,On Main CW - Not Rest.,Jct App,None,Did Not Leave,None,Front Hit First,Other/Not Known,Male,51,35-64
1220413018,Enfield,32,534401,195736,1,Car,Car,Going Ahead Right Bend,No Skidding/Overturn,On Main CW - Not Rest.,Not At Jct,None,Did Not Leave,None,Front Hit First,Other/Not Known,Female,39,35-64
1220413018,Enfield,32,534401,195736,2,Car,Car,Going Ahead Left Bend,No Skidding/Overturn,On Main CW - Not Rest.,Not At Jct,None,Did Not Leave,None,Front Hit First,Unknown,Male,38,35-64
1220413025,Haringey,31,532498,189236,1,Private Hire,Private Hire - Licensed,Going Ahead Other,No Skidding/Overturn,On Main CW - Not Rest.,Not At Jct,None,Did Not Leave,None,Front Hit First,Jny Part Of Work,Male,21,17-24
1220413036,Tower Hamlets,5,535932,183407,1,Car,Car,Turning Left,Skidded,On Main CW - Not Rest.,Leaving R'about,Hit Kerb,Did Not Leave,None,Front Hit First,Other/Not Known,Male,19,17-24
1220413040,Westminster,1,529244,178805,1,Car,Car,Turning Right,No Skidding/Overturn,On Main CW - Not Rest.,Leaving Main Rd,Hit Oth Object,Left Cwy Ahead At Junctn,None,Front Hit First,Comm To/From Work,Male,48,35-64
1220413044,Lambeth,9,530861,175898,1,Car,Car,Going Ahead Other,No Skidding/Overturn,On Main CW - Not Rest.,Jct Mid,None,Did Not Leave,None,Front Hit First,Other/Not Known,Male,24,17-24
1220413044,Lambeth,9,530861,175898,2,Car,Car,Turning Right,No Skidding/Overturn,On Main CW - Not Rest.,Jct Mid,None,Did Not Leave,None,Front Hit First,Unknown,Male,32,25-34
1220413045,Redbridge,14,540393,188647,1,Car,Car,Going Ahead Other,No Skidding/Overturn,On Main CW - Not Rest.,Jct Mid,Hit Parked Veh,Did Not Leave,None,Front Hit First,Other/Not Known,Male,31,25-34
1220413045,Redbridge,14,540393,188647,2,Car,Car,Waiting To Turn Left,No Skidding/Overturn,On Main CW - Not Rest.,Entering Main Rd,None,Did Not Leave,None,Front Hit First,Other/Not Known,Female,46,35-64
1220413053,Tower Hamlets,5,538351,180589,1,Car,Car,Turning Left,No Skidding/Overturn,On Main CW - Not Rest.,Entering R'about,None,Did Not Leave,None,Front Hit First,Comm To/From Work,Male,35,35-64
1220413073,Greenwich,6,543047,174429,2,Car,Car,Unknown (S/R),Unknown (S/R),Unknown (S/R),Unknown (S/R),Unknown (S/R),Unknown (S/R),Unknown (S/R),Front Hit First,Unknown,Not Traced,24,17-24
1220413088,Harrow,29,514959,188162,1,Car,Car,Going Ahead Held Up,No Skidding/Overturn,On Main CW - Not Rest.,Jct App,None,Did Not Leave,None,Front Hit First,Other/Not Known,Male,30,25-34
1220413109,Sutton,21,530101,165178,1,Car,Car,Going Ahead Other,No Skidding/Overturn,On Main CW - Not Rest.,Jct Cleared,None,Did Not Leave,None,Front Hit First,Other/Not Known,Male,38,35-64
1220413110,Barking & Dagenham,16,548538,188101,1,Car,Car,Turning Right,No Skidding/Overturn,On Main CW - Not Rest.,Jct Mid,None,Did Not Leave,None,Front Hit First,Other/Not Known,Female,23,17-24
1220413112,Barnet,30,524251,186692,2,Car,Car,Turning Right,No Skidding/Overturn,On Main CW - Not Rest.,Jct App,Hit Brdg Roof,Left Cwy Offside,None,Front Hit First,Unknown,Male,28,25-34
1220413114,Westminster,1,527471,181820,2,Car,Car,Going Ahead Other,Skidded,On Main CW - Not Rest.,Jct App,None,Did Not Leave,None,Front Hit First,Jny Part Of Work,Male,57,35-64
1220413117,Enfield,32,535195,197463,1,Car,Car,Going Ahead Other,No Skidding/Overturn,On Main CW - Not Rest.,Jct App,None,Did Not Leave,None,Front Hit First,Unknown,Female,59,35-64
1220413122,Hackney,4,533477,183948,1,Car,Car,Going Ahead Other,No Skidding/Overturn,On Main CW - Not Rest.,Not At Jct,None,Did Not Leave,None,Front Hit First,Comm To/From Work,Male,47,35-64
1220413129,Hackney,4,533660,187707,1,Car,Car,Turning Right,No Skidding/Overturn,On Main CW - Not Rest.,Entering Main Rd,None,Did Not Leave,None,Front Hit First,Taking Pupil To/From Sch,Male,24,17-24
1220413135,Southwark,8,533575,176774,2,Car,Car,Going Ahead Other,No Skidding/Overturn,On Main CW - Not Rest.,Jct App,Hit Parked Veh,Did Not Leave,None,Front Hit First,Jny Part Of Work,Male,47,35-64
1220413144,Hillingdon,26,510448,180351,1,Car,Car,Going Ahead Right Bend,Skidded,On Main CW - Not Rest.,Not At Jct,None,Left Cwy Offside,Hit Oth Object,Front Hit First,Unknown,Male,47,35-64
1220413145,Hillingdon,26,510720,182486,1,Car,Car,Going Ahead Other,No Skidding/Overturn,On Main CW - Not Rest.,Jct App,None,Did Not Leave,None,Front Hit First,Other/Not Known,Female,24,17-24
1220413147,Lewisham,7,536282,176963,1,Car,Car,Moving Off,No Skidding/Overturn,On Main CW - Not Rest.,Jct App,None,Did Not Leave,None,Front Hit First,Jny Part Of Work,Female,59,35-64
1220413148,Westminster,1,525890,180683,1,Bus Or Coach,Bus/Coach,Unknown (S/R),Unknown (S/R),Unknown (S/R),Unknown (S/R),Unknown (S/R),Unknown (S/R),Unknown (S/R),Front Hit First,Unknown,Male,23,17-24
1220413157,Newham,17,541279,180938,2,Car,Car,Turning Left,No Skidding/Overturn,On Main CW - Not Rest.,Jct Mid,Hit Kerb,Did Not Leave,None,Front Hit First,Unknown,Male,22,17-24
1220413168,Hillingdon,26,508660,187501,1,Car,Car,Turning Left,No Skidding/Overturn,On Main CW - Not Rest.,Jct App,None,Did Not Leave,None,Front Hit First,Comm To/From Work,Female,72,65+
1220413184,Wandsworth,10,526161,174747,1,Bus Or Coach,London Bus,Moving Off,No Skidding/Overturn,Bus Lane,Jct App,None,Did Not Leave,None,Front Hit First,Other/Not Known,Male,62,35-64
1220413191,Hackney,4,535217,185313,1,Car,Car,Turning Right,No Skidding/Overturn,On Main CW - Not Rest.,Leaving Main Rd,None,Did Not Leave,None,Front Hit First,Comm To/From Work,Female,43,35-64
1220413202,Sutton,21,527346,166189,1,Car,Car,Going Ahead Other,No Skidding/Overturn,On Main CW - Not Rest.,Jct Mid,None,Did Not Leave,None,Front Hit First,Unknown,Female,39,35-64
1220413238,Greenwich,6,541436,174622,1,Goods Vehicle,GDS =< 3.5T,Turning Right,No Skidding/Overturn,On Main CW - Not Rest.,Entering Main Rd,None,Did Not Leave,None,Front Hit First,Jny Part Of Work,Male,37,35-64
1220413239,Hillingdon,26,510504,181125,1,Car,Car,Going Ahead Other,Overturn,On Main CW - Not Rest.,Not At Jct,Hit Kerb,Did Not Leave,None,Front Hit First,Comm To/From Work,Male,55,35-64
1220413242,Barnet,30,524248,197094,1,Car,Car,Going Ahead Other,Overturn,On Main CW - Not Rest.,Not At Jct,None,Did Not Leave,None,Front Hit First,Other/Not Known,Male,74,65+
1220413243,Tower Hamlets,5,534693,180735,2,Private Hire,Private Hire - Licensed,Unknown (S/R),Unknown (S/R),Unknown (S/R),Unknown (S/R),Unknown (S/R),Unknown (S/R),Unknown (S/R),Front Hit First,Unknown,Male,51,35-64
1220413254,Sutton,21,524709,165015,1,Car,Car,Going Ahead Other,No Skidding/Overturn,On Main CW - Not Rest.,Not At Jct,None,Did Not Leave,None,Front Hit First,Unknown,Female,32,25-34
1220413274,Merton,22,526752,169949,1,Car,Car,Going Ahead Held Up,No Skidding/Overturn,On Main CW - Not Rest.,Jct Mid,None,Did Not Leave,None,Front Hit First,Unknown,Female,54,35-64
1220413277,Sutton,21,527862,164801,2,Car,Car,Moving Off,No Skidding/Overturn,On Main CW - Not Rest.,Jct Cleared,None,Did Not Leave,None,Front Hit First,Comm To/From Work,Male,55,35-64
1220413283,Lambeth,9,532316,176239,1,Car,Car,U-turning,No Skidding/Overturn,Leaving Lay-by/Hard Shldr,Jct Cleared,None,Did Not Leave,None,Front Hit First,Jny Part Of Work,Male,40,35-64
1220413284,Croydon,20,531758,169543,1,Goods Vehicle,GDS =< 3.5T,Going Ahead Other,No Skidding/Overturn,On Main CW - Not Rest.,Jct App,None,Did Not Leave,None,Front Hit First,Comm To/From Work,Male,47,35-64
1220413293,Ealing,27,521338,181979,1,Goods Vehicle,GDS =< 3.5T,Turning Right,No Skidding/Overturn,On Main CW - Not Rest.,Not At Jct,None,Did Not Leave,None,Front Hit First,Jny Part Of Work,Female,59,35-64
1220413303,Barnet,30,521516,190064,2,Car,Car,Unknown (S/R),Unknown (S/R),Unknown (S/R),Unknown (S/R),Unknown (S/R),Unknown (S/R),Unknown (S/R),Front Hit First,Unknown,Male,30,25-34
1220413311,Hammersmith & Fulham,11,523370,178640,1,Car,Car,Going Ahead Other,No Skidding/Overturn,On Main CW - Not Rest.,Leaving R'about,None,Did Not Leave,None,Front Hit First,Other/Not Known,Female,24,17-24
1220413316,Kensington & Chelsea,12,526317,177821,1,Taxi,Taxi,Slowing Or Stopping,No Skidding/Overturn,On Main CW - Not Rest.,Jct App,None,Did Not Leave,None,Front Hit First,Jny Part Of Work,Male,59,35-64
1220413328,Enfield,32,534889,199711,2,Car,Car,Turning Right,No Skidding/Overturn,On Main CW - Not Rest.,Jct Mid,None,Did Not Leave,None,Front Hit First,Unknown,Female,30,25-34
1220413330,Ealing,27,512884,178792,1,Car,Car,Going Ahead Held Up,No Skidding/Overturn,On Main CW - Not Rest.,Jct App,None,Left Cwy Nearside,None,Front Hit First,Comm To/From Work,Male,54,35-64
1220413332,Lambeth,9,530145,170996,1,Car,Car,Moving Off,No Skidding/Overturn,On Main CW - Not Rest.,Jct Cleared,None,Did Not Leave,None,Front Hit First,Comm To/From Work,Male,44,35-64
1220413336,Hackney,4,533188,187485,1,Goods Vehicle,GDS =< 3.5T,Going Ahead Other,No Skidding/Overturn,On Main CW - Not Rest.,Jct App,None,Did Not Leave,None,Front Hit First,Jny Part Of Work,Male,64,35-64
1220413346,Lewisham,7,535151,171607,1,Car,Car,Slowing Or Stopping,No Skidding/Overturn,On Main CW - Not Rest.,Not At Jct,None,Did Not Leave,None,Front Hit First,Other/Not Known,Male,63,35-64
1220413360,Harrow,29,513706,188641,1,Car,Car,Overtake Move Veh O/S,Skidded,On Main CW - Not Rest.,Not At Jct,None,Left Cwy Nearside,Hit Lamp Post,Front Hit First,Unknown,Male,21,17-24
1220413364,Hillingdon,26,509815,191564,1,Car,Car,Going Ahead Other,No Skidding/Overturn,On Main CW - Not Rest.,Jct App,None,Did Not Leave,None,Front Hit First,Other/Not Known,Female,75,65+
1220413371,Barnet,30,521031,189328,1,Car,Car,Going Ahead Other,No Skidding/Overturn,On Main CW - Not Rest.,Jct App,None,Did Not Leave,None,Front Hit First,Other/Not Known,Male,24,17-24
1220413371,Barnet,30,521031,189328,2,Car,Car,Going Ahead Other,No Skidding/Overturn,On Main CW - Not Rest.,Jct Mid,None,Did Not Leave,None,Front Hit First,Other/Not Known,Female,51,35-64
1220413376,Enfield,32,530841,194954,1,Car,Car,Turning Right,Skidded,On Main CW - Not Rest.,Entering R'about,Hit Kerb,Left Cwy Nearside,Wall Or Fence,Front Hit First,Other/Not Known,Male,29,25-34
1220413380,Southwark,8,533835,177373,1,Car,Car,Going Ahead Other,No Skidding/Overturn,Footway,Jct App,None,Left Cwy Offside,Wall Or Fence,Front Hit First,Comm To/From Work,Male,59,35-64
1220413381,Haringey,31,533631,188528,1,Car,Car,Slowing Or Stopping,No Skidding/Overturn,On Main CW - Not Rest.,Jct App,None,Did Not Leave,None,Front Hit First,Unknown,Male,30,25-34
1220413382,Harrow,29,513555,188539,1,Car,Car,Unknown (S/R),No Skidding/Overturn,On Main CW - Not Rest.,Jct App,Unknown (S/R),Unknown (S/R),None,Front Hit First,Unknown,Male,27,25-34
1220413385,Newham,17,543724,180856,1,Car,Car,Turning Left,Skidded,On Main CW - Not Rest.,Entering R'about,Hit Roundabout,Left Cwy Nearside/Rebound,Hit Nr/Off Bar,Front Hit First,Other/Not Known,Male,19,17-24
1220413392,Westminster,1,528464,180077,1,Car,Car,Turning Left,No Skidding/Overturn,On Main CW - Not Rest.,Entering R'about,None,Did Not Leave,None,Front Hit First,Other/Not Known,Female,40,35-64
1220413393,Kensington & Chelsea,12,526763,177740,1,Car,Car,Going Ahead Other,No Skidding/Overturn,On Main CW - Not Rest.,Jct Mid,None,Did Not Leave,None,Front Hit First,Comm To/From Work,Male,35,35-64
1220413393,Kensington & Chelsea,12,526763,177740,2,Car,Car,Turning Right,No Skidding/Overturn,On Main CW - Not Rest.,Jct Mid,None,Did Not Leave,None,Front Hit First,Comm To/From Work,Male,65,65+
1220413395,Barnet,30,524202,196409,1,Car,Car,Turning Right,No Skidding/Overturn,Entering Lay-by/Hard Shldr,Leaving Main Rd,None,Did Not Leave,None,Front Hit First,Jny Part Of Work,Male,24,17-24
1220413402,Hackney,4,534061,187777,1,Car,Car,Going Ahead Other,Overturn,On Main CW - Not Rest.,Jct App,Hit Parked Veh,Did Not Leave,None,Front Hit First,Other/Not Known,Male,32,25-34
1220413417,Westminster,1,526325,181815,2,Car,Car,Unknown (S/R),Unknown (S/R),Unknown (S/R),Unknown (S/R),Unknown (S/R),Unknown (S/R),Unknown (S/R),Front Hit First,Unknown,Not Traced,26,25-34
1220413460,Hounslow,25,510849,176033,1,Car,Car,Going Ahead Other,No Skidding/Overturn,On Main CW - Not Rest.,Jct App,None,Did Not Leave,None,Front Hit First,Other/Not Known,Female,27,25-34
1220413464,Sutton,21,526804,163768,1,Car,Car,Going Ahead Other,Skidded,On Main CW - Not Rest.,Jct App,None,Did Not Leave,None,Front Hit First,Comm To/From Work,Male,25,25-34
1220413468,Islington,3,531134,185255,2,Car,Car,Unknown (S/R),Unknown (S/R),Unknown (S/R),Unknown (S/R),Unknown (S/R),Unknown (S/R),Unknown (S/R),Front Hit First,Unknown,Not Traced,69,65+
1220413479,Barnet,30,521363,192063,1,Car,Car,Going Ahead Other,No Skidding/Overturn,On Main CW - Not Rest.,Jct Cleared,None,Did Not Leave,None,Front Hit First,Other/Not Known,Male,25,25-34
1220413484,Hillingdon,26,510298,180478,1,Bus Or Coach,London Bus,Going Ahead Held Up,No Skidding/Overturn,On Main CW - Not Rest.,Not At Jct,None,Did Not Leave,None,Front Hit First,Jny Part Of Work,Male,65,65+
1220413489,Brent,28,521308,186104,1,Car,Car,Going Ahead Other,No Skidding/Overturn,On Main CW - Not Rest.,Jct App,None,Did Not Leave,None,Front Hit First,Unknown,Male,20,17-24
1220413489,Brent,28,521308,186104,2,Car,Car,Turning Left,No Skidding/Overturn,On Main CW - Not Rest.,Jct Cleared,None,Did Not Leave,None,Front Hit First,Other/Not Known,Male,58,35-64
1220413490,Kensington & Chelsea,12,525980,179690,1,Car,Car,Turning Right,No Skidding/Overturn,On Main CW - Not Rest.,Leaving Main Rd,None,Did Not Leave,None,Front Hit First,Other/Not Known,Female,32,25-34
1220413493,Hounslow,25,514286,176069,1,Car,Car,Turning Left,Unknown (S/R),Unknown (S/R),Leaving Main Rd,None,Did Not Leave,None,Front Hit First,Unknown,Male,29,25-34
1220413497,Brent,28,520500,183937,1,Car,Car,Going Ahead Other,No Skidding/Overturn,On Main CW - Not Rest.,Jct Cleared,None,Did Not Leave,None,Front Hit First,Comm To/From Work,Male,40,35-64
1220413530,Tower Hamlets,5,534885,182734,1,Car,Car,Moving Off,No Skidding/Overturn,On Main CW - Not Rest.,Jct App,Hit Bollard,Left Cwy Offside,Wall Or Fence,Front Hit First,Unknown,Male,48,35-64