_Collision Id,Borough Name,Borough Number,Easting,Northing,_Vehicle Id,Vehicle Type Banded,Vehicle Type,Vehicle Manoeuvres,Vehicle Skidding and Overturning,Vehicle Restricted Lane,Location of Vehicle at First Impact,Vehicle Hit Object in Carriageway,Vehicle Leaving Carriageway,Vehicle Hit Object Off Carriageway,First Point of Impact,Journey Purpose,Driver Gender,Driver Age,Driver age (Banded)
1220413534,Enfield,32,535264,195726,1,Car,Car,Unknown (S/R),Unknown (S/R),Unknown (S/R),Unknown (S/R),Unknown (S/R),Unknown (S/R),Unknown (S/R),Front Hit First,Other/Not Known,Male,20,17-24
1220413544,Lewisham,7,537467,172328,1,Car,Car,Turning Right,No Skidding/Overturn,On Main CW - Not Rest.,Entering Main Rd,None,Did Not Leave,None,Front Hit First,Unknown,Male,32,25-34
1220413547,Lewisham,7,535308,172727,2,Car,Car,Going Ahead Other,Skidded,On Main CW - Not Rest.,Jct Cleared,None,Left Cwy Nearside,None,Front Hit First,Unknown,Male,23,17-24
1220413551,Wandsworth,10,528047,175206,1,Car,Car,Turning Right,No Skidding/Overturn,On Main CW - Not Rest.,Leaving Main Rd,None,Did Not Leave,None,Front Hit First,Comm To/From Work,Male,27,25-34
1220413554,Harrow,29,514201,188121,1,Car,Car,Going Ahead Other,No Skidding/Overturn,On Main CW - Not Rest.,Not At Jct,None,Did Not Leave,None,Front Hit First,Taking Pupil To/From Sch,Female,38,35-64
1220413562,Lambeth,9,532072,175708,1,Car,Car,Turning Right,No Skidding/Overturn,On Main CW - Not Rest.,Jct Mid,None,Did Not Leave,None,Front Hit First,Unknown,Male,37,35-64
1220413572,Lewisham,7,536903,174373,1,Car,Car,Going Ahead Other,Skidded,On Main CW - Not Rest.,Jct App,Hit Parked Veh,Did Not Leave,None,Front Hit First,Unknown,Male,22,17-24
1220413583,Lambeth,9,531941,177102,1,Car,Car,Moving Off,No Skidding/Overturn,On Main CW - Not Rest.,Jct Cleared,None,Did Not Leave,None,Front Hit First,Other/Not Known,Female,34,25-34
1220413584,Hackney,4,533636,183506,1,Car,Car,Waiting To Turn Right,No Skidding/Overturn,On Main CW - Not Rest.,Jct App,None,Did Not Leave,None,Front Hit First,Other/Not Known,Male,30,25-34
1220413592,Barnet,30,524189,189336,1,Car,Car,Unknown (S/R),Unknown (S/R),Unknown (S/R),Unknown (S/R),Unknown (S/R),Unknown (S/R),Unknown (S/R),Front Hit First,Other/Not Known,Male,68,65+
1220413596,Haringey,31,529485,188213,1,Car,Car,Unknown (S/R),Unknown (S/R),Unknown (S/R),Not At Jct,Unknown (S/R),Unknown (S/R),Unknown (S/R),Front Hit First,Unknown,Female,50,35-64
1220413613,Southwark,8,532438,179787,1,Other Vehicle,Other Vehicle,Moving Off,No Skidding/Overturn,On Main CW - Not Rest.,Jct Cleared,None,Did Not Leave,None,Front Hit First,Jny Part Of Work,Male,57,35-64
1220413614,Havering,15,550932,187500,2,Car,Car,Going Ahead Other,No Skidding/Overturn,On Main CW - Not Rest.,Jct App,None,Did Not Leave,None,Front Hit First,Other/Not Known,Male,63,35-64
1220413619,Wandsworth,10,524395,174897,2,Car,Car,Unknown (S/R),Unknown (S/R),Unknown (S/R),Unknown (S/R),Unknown (S/R),Unknown (S/R),Unknown (S/R),Front Hit First,Unknown,Male,35,35-64
1220413639,Sutton,21,523420,165033,1,Car,Car,Going Ahead Right Bend,No Skidding/Overturn,On Main CW - Not Rest.,Jct App,None,Left Cwy Ahead At Junctn,Hit Oth Object,Front Hit First,Unknown,Male,85,65+
1220413641,Ealing,27,514361,182887,1,Car,Car,U-turning,No Skidding/Overturn,Footway,Jct App,Hit Kerb,Left Cwy Nearside,Wall Or Fence,Front Hit First,Unknown,Female,75,65+
1220413642,Lewisham,7,538379,175573,1,Bus Or Coach,London Bus,Turning Left,No Skidding/Overturn,Bus Lane,Jct Cleared,None,Did Not Leave,None,Front Hit First,Other/Not Known,Male,61,35-64
1220413644,Southwark,8,533719,176786,1,Goods Vehicle,GDS =< 3.5T,U-turning,No Skidding/Overturn,On Main CW - Not Rest.,Entering From Slip,None,Did Not Leave,None,Front Hit First,Jny Part Of Work,Male,48,35-64
1220413652,Havering,15,556266,189101,3,Car,Car,Going Ahead Other,No Skidding/Overturn,On Main CW - Not Rest.,Jct App,None,Did Not Leave,None,Front Hit First,Unknown,Female,53,35-64
1220413676,Hackney,4,532802,183792,1,Taxi,Taxi,Turning Right,No Skidding/Overturn,On Main CW - Not Rest.,Leaving Main Rd,None,Did Not Leave,None,Front Hit First,Jny Part Of Work,Male,61,35-64
1220413680,Westminster,1,530160,179680,2,Bus Or Coach,Bus/Coach,Unknown (S/R),Unknown (S/R),Unknown (S/R),Unknown (S/R),Unknown (S/R),Unknown (S/R),Unknown (S/R),Front Hit First,Unknown,Not Traced,32,25-34
1220413712,Islington,3,531387,183911,1,Car,Car,Turning Right,No Skidding/Overturn,On Main CW - Not Rest.,Jct App,None,Did Not Leave,None,Front Hit First,Other/Not Known,Female,67,65+
1220413713,Westminster,1,527834,181368,1,Car,Car,Going Ahead Other,No Skidding/Overturn,On Main CW - Not Rest.,Jct Mid,None,Did Not Leave,None,Front Hit First,Comm To/From Work,Female,35,35-64
1220413714,Sutton,21,523837,165629,1,Car,Car,Going Ahead Other,No Skidding/Overturn,On Main CW - Not Rest.,Not At Jct,Hit Parked Veh,Did Not Leave,None,Front Hit First,Other/Not Known,Male,89,65+
1220413727,Tower Hamlets,5,537866,182236,1,Car,Car,Going Ahead Other,Overturn,On Main CW - Not Rest.,Not At Jct,Hit Parked Veh,Did Not Leave,None,Front Hit First,Unknown,Male,30,25-34
1220413730,Westminster,1,524040,182432,1,Car,Car,Turning Right,No Skidding/Overturn,On Main CW - Not Rest.,Jct App,None,Did Not Leave,None,Front Hit First,Other/Not Known,Female,55,35-64
1220413732,Westminster,1,528059,181028,1,Bus Or Coach,London Bus,Going Ahead Other,No Skidding/Overturn,On Main CW - Not Rest.,Jct Mid,None,Did Not Leave,None,Front Hit First,Comm To/From Work,Male,57,35-64
1220413741,Harrow,29,518865,190449,1,Car,Car,Moving Off,No Skidding/Overturn,On Main CW - Not Rest.,Entering Main Rd,None,Did Not Leave,None,Front Hit First,Jny Part Of Work,Male,57,35-64
1220413742,Lewisham,7,535901,174897,1,Car,Car,Turning Right,No Skidding/Overturn,On Main CW - Not Rest.,Jct App,None,Did Not Leave,None,Front Hit First,Unknown,Male,44,35-64
1220413769,Brent,28,516551,188231,1,Car,Car,Going Ahead Other,No Skidding/Overturn,On Main CW - Not Rest.,Leaving R'about,None,Did Not Leave,None,Front Hit First,Unknown,Male,29,25-34
1220413770,Islington,3,532359,182378,1,Car,Car,Turning Right,No Skidding/Overturn,On Main CW - Not Rest.,Jct Mid,None,Did Not Leave,None,Front Hit First,Other/Not Known,Female,24,17-24
1220413774,Lewisham,7,537102,173665,1,Car,Car,Going Ahead Other,No Skidding/Overturn,On Main CW - Not Rest.,Jct Cleared,Hit Kerb,Left Cwy Cross Cent/Res,Hit Lamp Post,Front Hit First,Unknown,Male,24,17-24
1220413777,Barnet,30,517632,193704,1,Goods Vehicle,GDS =< 3.5T,Going Ahead Other,No Skidding/Overturn,On Main CW - Not Rest.,Not At Jct,None,Left Cwy Nearside,Wall Or Fence,Front Hit First,Unknown,Male,28,25-34
1220413789,Enfield,32,532804,196292,1,Car,Car,Unknown (S/R),Unknown (S/R),Unknown (S/R),Unknown (S/R),Unknown (S/R),Unknown (S/R),Unknown (S/R),Front Hit First,Other/Not Known,Female,43,35-64
1220413803,Croydon,20,530964,168665,2,Car,Car,Unknown (S/R),Unknown (S/R),Unknown (S/R),Unknown (S/R),Unknown (S/R),Unknown (S/R),Unknown (S/R),Front Hit First,Unknown,Not Traced,57,35-64
1220413808,Havering,15,556834,192298,1,Taxi,Taxi,Going Ahead Right Bend,No Skidding/Overturn,On Main CW - Not Rest.,Entering R'about,None,Did Not Leave,None,Front Hit First,Other/Not Known,Female,26,25-34
1220413815,Wandsworth,10,528356,173394,1,Car,Car,Unknown (S/R),Unknown (S/R),Unknown (S/R),Unknown (S/R),Unknown (S/R),Unknown (S/R),Unknown (S/R),Front Hit First,Unknown,Female,48,35-64
1220413822,Camden,2,530008,181143,1,Car,Car,Going Ahead Other,No Skidding/Overturn,On Main CW - Not Rest.,Jct App,None,Did Not Leave,None,Front Hit First,Other/Not Known,Female,37,35-64
1220413832,Hounslow,25,512313,176497,1,Car,Car,Slowing Or Stopping,No Skidding/Overturn,On Main CW - Not Rest.,Jct App,None,Did Not Leave,None,Front Hit First,Other/Not Known,Female,32,25-34
1220413848,Richmond-Upon-Thames,24,513569,173679,1,Goods Vehicle,GDS =< 3.5T,Unknown (S/R),Unknown (S/R),Unknown (S/R),Not At Jct,Unknown (S/R),Unknown (S/R),Unknown (S/R),Front Hit First,Other/Not Known,Male,34,25-34
1220413848,Richmond-Upon-Thames,24,513569,173679,2,Car,Car,Unknown (S/R),Unknown (S/R),Unknown (S/R),Not At Jct,Unknown (S/R),Unknown (S/R),Unknown (S/R),Front Hit First,Unknown,Male,24,17-24
1220413868,Harrow,29,515107,190732,2,Car,Car,Waiting To Turn Right,No Skidding/Overturn,On Main CW - Not Rest.,Jct App,None,Did Not Leave,None,Front Hit First,Other/Not Known,Female,37,35-64
1220413882,Lewisham,7,536629,177443,1,Car,Car,Going Ahead Other,No Skidding/Overturn,On Main CW - Not Rest.,Jct App,None,Did Not Leave,None,Front Hit First,Other/Not Known,Female,57,35-64
1220413913,Bromley,19,544741,164569,2,Car,Car,Slowing Or Stopping,No Skidding/Overturn,On Main CW - Not Rest.,Not At Jct,None,Did Not Leave,None,Front Hit First,Other/Not Known,Female,42,35-64
1220413915,Bexley,18,551771,177753,3,Car,Car,Going Ahead Other,No Skidding/Overturn,On Main CW - Not Rest.,Jct Cleared,None,Did Not Leave,None,Front Hit First,Unknown,Male,24,17-24
1220413917,Greenwich,6,540201,175397,2,Car,Car,Moving Off,No Skidding/Overturn,On Main CW - Not Rest.,Jct App,None,Left Cwy Nearside,None,Front Hit First,Unknown,Male,28,25-34
1220413919,Lambeth,9,531066,175559,1,Goods Vehicle,GDS =< 3.5T,Going Ahead Other,No Skidding/Overturn,On Main CW - Not Rest.,Jct Mid,None,Did Not Leave,None,Front Hit First,Jny Part Of Work,Male,33,25-34
1220413920,Hillingdon,26,506686,181472,1,Car,Car,Overtaking Nearside,No Skidding/Overturn,On Main CW - Not Rest.,Jct App,None,Did Not Leave,None,Front Hit First,Taking Pupil To/From Sch,Female,52,35-64
1220413931,Kensington & Chelsea,12,525137,179326,1,Car,Car,Turning Left,No Skidding/Overturn,On Main CW - Not Rest.,Jct App,None,Did Not Leave,None,Front Hit First,Jny Part Of Work,Male,32,25-34
1220413934,Newham,17,542064,185509,1,Car,Car,Going Ahead Other,No Skidding/Overturn,On Main CW - Not Rest.,Jct App,None,Did Not Leave,None,Front Hit First,Unknown,Male,33,25-34
1220413939,Croydon,20,533240,166320,1,Car,Car,Turning Right,No Skidding/Overturn,On Main CW - Not Rest.,Entering Main Rd,None,Did Not Leave,None,Front Hit First,Other/Not Known,Female,20,17-24
1220413944,Harrow,29,513709,185623,1,Car,Car,Going Ahead Other,No Skidding/Overturn,On Main CW - Not Rest.,Not At Jct,Hit Kerb,Left Cwy Nearside,Wall Or Fence,Front Hit First,Jny Part Of Work,Male,25,25-34
1220413951,Harrow,29,515560,189596,1,Car,Car,Turning Left,No Skidding/Overturn,On Main CW - Not Rest.,Entering R'about,None,Did Not Leave,None,Front Hit First,Other/Not Known,Male,34,25-34
1220413957,Barking & Dagenham,16,548956,186100,1,Car,Car,Moving Off,No Skidding/Overturn,On Main CW - Not Rest.,Jct App,None,Did Not Leave,None,Front Hit First,Other/Not Known,Male,40,35-64
1220413965,Enfield,32,535536,198425,1,Bus Or Coach,London Bus,Moving Off,No Skidding/Overturn,Bus Lane,Jct Mid,None,Did Not Leave,None,Front Hit First,Other/Not Known,Male,62,35-64
1220413969,Kensington & Chelsea,12,524583,181147,2,Car,Car,Going Ahead Other,No Skidding/Overturn,On Main CW - Not Rest.,Entering Main Rd,None,Did Not Leave,None,Front Hit First,Unknown,Male,33,25-34
1220413970,Brent,28,522649,184629,1,Car,Car,Waiting To Turn Right,No Skidding/Overturn,On Main CW - Not Rest.,Jct App,None,Did Not Leave,None,Front Hit First,Unknown,Male,45,35-64
1220413975,Hounslow,25,510723,173403,1,Car,Car,Going Ahead Other,Skidded,On Main CW - Not Rest.,Jct Mid,Hit Kerb,Did Not Leave,None,Front Hit First,Other/Not Known,Male,32,25-34
1220414012,Bromley,19,543859,164427,2,Car,Car,Turning Right,No Skidding/Overturn,On Main CW - Not Rest.,Jct Mid,None,Did Not Leave,None,Front Hit First,Other/Not Known,Male,85,65+
1220414055,Lambeth,9,530312,173552,1,Car,Car,Unknown (S/R),Unknown (S/R),Unknown (S/R),Unknown (S/R),Unknown (S/R),Unknown (S/R),Unknown (S/R),Front Hit First,Jny Part Of Work,Male,58,35-64
1220414060,Greenwich,6,542418,179033,1,Car,Car,Going Ahead Other,No Skidding/Overturn,On Main CW - Not Rest.,Leaving Main Rd,None,Did Not Leave,None,Front Hit First,Unknown,Male,47,35-64
1220414087,Barnet,30,523291,189159,1,Car,Car,Turning Right,No Skidding/Overturn,On Main CW - Not Rest.,Jct App,None,Did Not Leave,None,Front Hit First,Jny Part Of Work,Male,32,25-34
1220414091,Islington,3,531645,184295,1,Car,Car,Turning Right,No Skidding/Overturn,On Main CW - Not Rest.,Jct App,None,Did Not Leave,None,Front Hit First,Other/Not Known,Female,56,35-64
1220414092,Hounslow,25,514951,175647,1,Car,Car,Turning Right,No Skidding/Overturn,On Main CW - Not Rest.,Jct App,None,Left Cwy Offside,Wall Or Fence,Front Hit First,Other/Not Known,Male,47,35-64
1220414092,Hounslow,25,514951,175647,2,Car,Car,Going Ahead Other,No Skidding/Overturn,On Main CW - Not Rest.,Leaving Main Rd,None,Left Cwy Nearside,Wall Or Fence,Front Hit First,Other/Not Known,Male,40,35-64
1220414112,Barnet,30,527582,192091,1,Car,Car,Moving Off,No Skidding/Overturn,On Main CW - Not Rest.,Jct Mid,None,Did Not Leave,None,Front Hit First,Other/Not Known,Female,39,35-64
1220414112,Barnet,30,527582,192091,2,Car,Car,Going Ahead Other,No Skidding/Overturn,On Main CW - Not Rest.,Jct Mid,None,Did Not Leave,None,Front Hit First,Unknown,Male,55,35-64
1220414113,Lewisham,7,536803,174330,1,Car,Car,Turning Right,No Skidding/Overturn,On Main CW - Not Rest.,Leaving Main Rd,None,Did Not Leave,None,Front Hit First,Comm To/From Work,Male,74,65+
1220414122,Hillingdon,26,508689,181474,1,Car,Car,Going Ahead Other,No Skidding/Overturn,On Main CW - Not Rest.,Jct App,None,Did Not Leave,None,Front Hit First,Jny Part Of Work,Male,35,35-64
1220414122,Hillingdon,26,508689,181474,2,Car,Car,Moving Off,No Skidding/Overturn,On Main CW - Not Rest.,Jct App,None,Did Not Leave,None,Front Hit First,Jny Part Of Work,Male,30,25-34
1220414122,Hillingdon,26,508689,181474,3,Car,Car,Going Ahead Other,No Skidding/Overturn,On Main CW - Not Rest.,Jct App,None,Did Not Leave,None,Front Hit First,Unknown,Male,42,35-64
1220414123,Harrow,29,513704,188640,1,Goods Vehicle,GDS =< 3.5T,Going Ahead Other,No Skidding/Overturn,On Main CW - Not Rest.,Not At Jct,None,Did Not Leave,None,Front Hit First,Unknown,Male,42,35-64
1220414123,Harrow,29,513704,188640,2,Bus Or Coach,London Bus,Slowing Or Stopping,No Skidding/Overturn,On Main CW - Not Rest.,Not At Jct,None,Did Not Leave,None,Front Hit First,Jny Part Of Work,Male,40,35-64
1220414134,Merton,22,525404,170444,1,Car,Car,Going Ahead Held Up,No Skidding/Overturn,On Main CW - Not Rest.,Jct App,None,Did Not Leave,None,Front Hit First,Other/Not Known,Male,36,35-64
1220414135,Tower Hamlets,5,533992,183117,1,Car,Car,Moving Off,No Skidding/Overturn,On Main CW - Not Rest.,Jct App,None,Did Not Leave,None,Front Hit First,Other/Not Known,Female,24,17-24
1220414137,Hackney,4,532059,186577,1,Private Hire,Private Hire - Licensed,Waiting To Turn Right,No Skidding/Overturn,On Main CW - Not Rest.,Jct App,None,Did Not Leave,None,Front Hit First,Other/Not Known,Male,34,25-34
1220414139,Croydon,20,532033,168477,2,Car,Car,Turning Left,Skidded,On Main CW - Not Rest.,Jct Cleared,None,Did Not Leave,None,Front Hit First,Unknown,Male,55,35-64
1220414142,Redbridge,14,541706,188486,2,Car,Car,Going Ahead Other,Skidded,On Main CW - Not Rest.,Jct App,None,Did Not Leave,None,Front Hit First,Other/Not Known,Male,25,25-34
1220414143,Bromley,19,540543,169428,2,Car,Car,Moving Off,No Skidding/Overturn,On Main CW - Not Rest.,Jct Cleared,None,Did Not Leave,None,Front Hit First,Unknown,Female,35,35-64
1220414150,Camden,2,530352,182983,1,Car,Car,Overtake Move Veh O/S,No Skidding/Overturn,On Main CW - Not Rest.,Jct App,None,Did Not Leave,None,Front Hit First,Other/Not Known,Male,46,35-64
1220414156,Southwark,8,533496,179787,1,Car,Car,Going Ahead Other,No Skidding/Overturn,On Main CW - Not Rest.,Jct Mid,None,Did Not Leave,None,Front Hit First,Jny Part Of Work,Male,45,35-64
1220414163,Lewisham,7,540502,173941,1,Car,Car,Going Ahead Other,No Skidding/Overturn,On Main CW - Not Rest.,Jct Mid,None,Did Not Leave,None,Front Hit First,Other/Not Known,Female,38,35-64
1220414163,Lewisham,7,540502,173941,2,Car,Car,Moving Off,No Skidding/Overturn,On Main CW - Not Rest.,Jct Mid,None,Did Not Leave,None,Front Hit First,Other/Not Known,Female,33,25-34
1220414168,Newham,17,538422,183713,2,Goods Vehicle,GDS =< 3.5T,Unknown (S/R),Unknown (S/R),Unknown (S/R),Unknown (S/R),Unknown (S/R),Unknown (S/R),Unknown (S/R),Front Hit First,Unknown,Male,52,35-64
1220414174,Greenwich,6,538807,177912,1,Car,Car,Moving Off,No Skidding/Overturn,Cycle Lane (On CWY),Entering Main Rd,Hit Oth Object,Did Not Leave,None,Front Hit First,Comm To/From Work,Male,57,35-64
1220414177,Hammersmith & Fulham,11,525156,176406,3,Car,Car,Turning Left,No Skidding/Overturn,On Main CW - Not Rest.,Entering Main Rd,None,Did Not Leave,None,Front Hit First,Unknown,Female,40,35-64
1220414181,Newham,17,539374,183504,1,Car,Car,Going Ahead Other,No Skidding/Overturn,On Main CW - Not Rest.,Jct Mid,None,Did Not Leave,None,Front Hit First,Comm To/From Work,Male,53,35-64
1220414196,Kingston-Upon-Thames,23,520557,169856,1,Car,Car,Going Ahead Other,No Skidding/Overturn,On Main CW - Not Rest.,Jct Cleared,None,Did Not Leave,None,Front Hit First,Jny Part Of Work,Male,20,17-24
1220414198,Tower Hamlets,5,537870,183037,1,Car,Car,Going Ahead Held Up,No Skidding/Overturn,On Main CW - Not Rest.,Jct App,None,Did Not Leave,None,Front Hit First,Other/Not Known,Female,32,25-34
1220414204,Havering,15,551770,189340,1,Car,Car,Turning Right,No Skidding/Overturn,On Main CW - Not Rest.,Entering Main Rd,None,Did Not Leave,None,Front Hit First,Other/Not Known,Male,36,35-64
1220414206,Wandsworth,10,527431,175132,1,Taxi,Taxi,Unknown (S/R),Unknown (S/R),Unknown (S/R),Unknown (S/R),Unknown (S/R),Unknown (S/R),Unknown (S/R),Front Hit First,Jny Part Of Work,Male,36,35-64
1220414220,Barnet,30,520039,190585,1,Car,Car,Unknown (S/R),No Skidding/Overturn,On Main CW - Not Rest.,Jct Mid,None,Did Not Leave,None,Front Hit First,Comm To/From Work,Female,30,25-34
1220414226,Islington,3,530199,186243,2,Car,Car,Unknown (S/R),Unknown (S/R),Unknown (S/R),Unknown (S/R),Unknown (S/R),Unknown (S/R),Unknown (S/R),Front Hit First,Unknown,Not Traced,21,17-24
1220414228,Sutton,21,524496,166639,1,Car,Car,Going Ahead Other,No Skidding/Overturn,On Main CW - Not Rest.,Jct App,None,Did Not Leave,None,Front Hit First,Other/Not Known,Female,45,35-64
1220414228,Sutton,21,524496,166639,2,Car,Car,U-turning,No Skidding/Overturn,On Main CW - Not Rest.,Jct App,None,Did Not Leave,None,Front Hit First,Other/Not Known,Male,37,35-64
1220414249,Hillingdon,26,507499,178818,1,Car,Car,Moving Off,No Skidding/Overturn,On Main CW - Not Rest.,Jct App,None,Did Not Leave,None,Front Hit First,Other/Not Known,Male,31,25-34
1220414259,Hounslow,25,514806,175892,1,Car,Car,Going Ahead Other,No Skidding/Overturn,On Main CW - Not Rest.,Entering R'about,None,Did Not Leave,None,Front Hit First,Other/Not Known,Female,41,35-64
1220414288,Brent,28,521003,186162,1,Car,Car,Going Ahead Held Up,No Skidding/Overturn,On Main CW - Not Rest.,Entering R'about,None,Did Not Leave,None,Front Hit First,Unknown,Male,50,35-64
1220414302,Kensington & Chelsea,12,526091,177264,1,Car,Car,Going Ahead Other,No Skidding/Overturn,On Main CW - Not Rest.,Jct App,None,Did Not Leave,None,Front Hit First,Other/Not Known,Male,21,17-24
1220414305,Sutton,21,525313,165945,1,Car,Car,Going Ahead Other,No Skidding/Overturn,On Main CW - Not Rest.,Jct Mid,None,Did Not Leave,None,Front Hit First,Other/Not Known,Male,47,35-64
1220414305,Sutton,21,525313,165945,2,Car,Car,Turning Right,No Skidding/Overturn,On Main CW - Not Rest.,Jct Mid,None,Did Not Leave,None,Front Hit First,Other/Not Known,Male,19,17-24
1220414317,Lambeth,9,528948,175951,2,Car,Car,Going Ahead Other,No Skidding/Overturn,On Main CW - Not Rest.,Not At Jct,None,Did Not Leave,None,Front Hit First,Unknown,Male,28,25-34
1220414326,Wandsworth,10,527438,175138,1,Car,Car,Going Ahead Other,No Skidding/Overturn,On Main CW - Not Rest.,Jct App,None,Did Not Leave,None,Front Hit First,Other/Not Known,Male,58,35-64
1220414340,Havering,15,553936,190109,1,Car,Car,Slowing Or Stopping,No Skidding/Overturn,On Main CW - Not Rest.,Jct App,None,Did Not Leave,None,Front Hit First,Other/Not Known,Male,21,17-24
1220414344,Barnet,30,528250,193669,1,Car,Car,Going Ahead Other,Skidded,On Main CW - Not Rest.,Jct App,None,Left Cwy Nearside,None,Front Hit First,Other/Not Known,Female,43,35-64
1220414349,Southwark,8,533540,179920,2,Car,Car,Unknown (S/R),Unknown (S/R),Unknown (S/R),Unknown (S/R),Unknown (S/R),Unknown (S/R),Unknown (S/R),Front Hit First,Unknown,Not Traced,55,35-64
1220414361,Wandsworth,10,527988,176338,1,Car,Car,Moving Off,No Skidding/Overturn,On Main CW - Not Rest.,Jct App,Hit Kerb,Left Cwy Ahead At Junctn,Hit Tree,Front Hit First,Unknown,Female,49,35-64
1220414362,Hackney,4,532064,187471,1,Car,Car,Going Ahead Other,No Skidding/Overturn,On Main CW - Not Rest.,Jct App,None,Did Not Leave,None,Front Hit First,Other/Not Known,Female,30,25-34
1220414371,Richmond-Upon-Thames,24,513890,171479,1,Car,Car,Turning Right,No Skidding/Overturn,On Main CW - Not Rest.,Jct App,None,Did Not Leave,None,Front Hit First,Other/Not Known,Male,55,35-64
1220414427,Merton,22,526941,170638,1,Car,Car,Turning Right,No Skidding/Overturn,On Main CW - Not Rest.,Jct App,None,Did Not Leave,None,Front Hit First,Other/Not Known,Female,73,65+
1220414440,Camden,2,530413,182753,1,Car,Car,Unknown (S/R),Unknown (S/R),Unknown (S/R),Unknown (S/R),Unknown (S/R),Unknown (S/R),Unknown (S/R),Front Hit First,Other/Not Known,Male,31,25-34
1220414447,Southwark,8,533389,179386,1,Car,Car,Moving Off,No Skidding/Overturn,On Main CW - Not Rest.,Jct Mid,None,Did Not Leave,None,Front Hit First,Other/Not Known,Female,31,25-34
1220414449,Lambeth,9,530367,177634,1,Car,Car,Turning Right,No Skidding/Overturn,On Main CW - Not Rest.,Jct Mid,None,Did Not Leave,None,Front Hit First,Jny Part Of Work,Male,40,35-64
1220414451,Bexley,18,552384,176085,1,Car,Car,Turning Left,No Skidding/Overturn,Footway,Not At Jct,Hit Kerb,Left Cwy Offside,Wall Or Fence,Front Hit First,Other/Not Known,Male,24,17-24
1220414454,Harrow,29,517188,192367,2,Car,Car,Turning Left,No Skidding/Overturn,On Main CW - Not Rest.,Jct Cleared,Hit Bollard,Left Cwy Cross Cent/Res,Hit Central Bar,Front Hit First,Unknown,Female,51,35-64
1220414455,Enfield,32,534308,193595,1,Car,Car,Turning Left,No Skidding/Overturn,On Main CW - Not Rest.,Leaving R'about,None,Did Not Leave,None,Front Hit First,Other/Not Known,Male,34,25-34
1220414460,Havering,15,553476,182207,1,Car,Car,Going Ahead Other,Skidded,On Main CW - Not Rest.,Jct App,None,Left Cwy Ahead At Junctn,None,Front Hit First,Other/Not Known,Male,49,35-64
1220414460,Havering,15,553476,182207,2,Goods Vehicle,GDS =< 3.5T,Going Ahead Other,No Skidding/Overturn,On Main CW - Not Rest.,Jct Cleared,None,Did Not Leave,None,Front Hit First,Unknown,Male,22,17-24
1220414463,Southwark,8,533737,178241,2,Car,Car,Unknown (S/R),Unknown (S/R),Unknown (S/R),Unknown (S/R),Unknown (S/R),Unknown (S/R),Unknown (S/R),Front Hit First,Unknown,Female,60,35-64
1220414485,Bexley,18,550709,175557,2,Car,Car,Going Ahead Right Bend,No Skidding/Overturn,On Main CW - Not Rest.,Jct Mid,None,Did Not Leave,None,Front Hit First,Other/Not Known,Male,47,35-64
1220414511,Newham,17,539671,184513,1,Car,Car,Unknown (S/R),Unknown (S/R),Unknown (S/R),Not At Jct,Unknown (S/R),Unknown (S/R),Unknown (S/R),Front Hit First,Unknown,Female,35,35-64
1220414517,Redbridge,14,542020,191493,3,Car,Car,Unknown (S/R),Unknown (S/R),On Main CW - Not Rest.,Not At Jct,Unknown (S/R),Unknown (S/R),Unknown (S/R),Front Hit First,Unknown,Not Traced,46,35-64
1220414543,Brent,28,523111,186686,1,Car,Car,Turning Right,No Skidding/Overturn,On Main CW - Not Rest.,Leaving Main Rd,None,Did Not Leave,None,Front Hit First,Other/Not Known,Male,35,35-64
1220414587,Hillingdon,26,510421,188804,1,Car,Car,Overtake Stat Veh O/S,No Skidding/Overturn,Lay-by/Hard Shldr,Not At Jct,Hit Parked Veh,Did Not Leave,None,Front Hit First,Unknown,Male,90,65+
1220414598,Lambeth,9,530540,174006,1,Car,Car,Unknown (S/R),Unknown (S/R),Unknown (S/R),Not At Jct,Unknown (S/R),Unknown (S/R),Unknown (S/R),Front Hit First,Other/Not Known,Male,22,17-24
1220414613,Tower Hamlets,5,533749,182330,1,Car,Car,Moving Off,No Skidding/Overturn,On Main CW - Not Rest.,Not At Jct,Hit Kerb,Left Cwy Offside,Hit Oth Object,Front Hit First,Other/Not Known,Female,42,35-64
1220414613,Tower Hamlets,5,533749,182330,2,Car,Car,Going Ahead Other,Skidded,On Main CW - Not Rest.,Not At Jct,Hit Parked Veh,Did Not Leave,None,Front Hit First,Unknown,Male,39,35-64
1220414613,Tower Hamlets,5,533749,182330,3,Private Hire,Private Hire - Licensed,Going Ahead Other,No Skidding/Overturn,On Main CW - Not Rest.,Not At Jct,None,Did Not Leave,None,Front Hit First,Jny Part Of Work,Male,64,35-64
1220414616,Islington,3,530086,185386,1,Car,Car,Waiting To Turn Right,No Skidding/Overturn,On Main CW - Not Rest.,Jct App,None,Did Not Leave,None,Front Hit First,Other/Not Known,Male,25,25-34
1220414626,Lewisham,7,535900,173290,1,Car,Car,Turning Left,No Skidding/Overturn,On Main CW - Not Rest.,Leaving Main Rd,None,Did Not Leave,None,Front Hit First,Comm To/From Work,Female,63,35-64
1220414641,Lewisham,7,536761,173299,1,Car,Car,Going Ahead Other,No Skidding/Overturn,On Main CW - Not Rest.,Jct Mid,None,Did Not Leave,None,Front Hit First,Unknown,Female,37,35-64